---------------------------------------
Begin Slurm Prolog: Jan-27-2026 22:01:16
Job ID:    4037688
User ID:   rswaminathan38
Account:   coc
Job name:  vaccine_rho10_basic
Partition: coc-gpu
QOS:       coc-ice
---------------------------------------
========================================
Vaccine Training Job
RHO              : 10
Model path       : meta-llama/Llama-2-7b-hf
Model short name : Llama-2-7b-hf
Job ID           : 4037688
Node             : atl1-1-01-005-15-0.pace.gatech.edu
Tue Jan 27 22:01:17 EST 2026
========================================
Python executable: /home/hice1/rswaminathan38/scratch/conda_envs/vaccine/bin/python
Conda prefix     : /home/hice1/rswaminathan38/scratch/conda_envs/vaccine
CUDA_VISIBLE_DEVICES=0
Tue Jan 27 22:01:19 2026       
+-----------------------------------------------------------------------------------------+
| NVIDIA-SMI 580.105.08             Driver Version: 580.105.08     CUDA Version: 13.0     |
+-----------------------------------------+------------------------+----------------------+
| GPU  Name                 Persistence-M | Bus-Id          Disp.A | Volatile Uncorr. ECC |
| Fan  Temp   Perf          Pwr:Usage/Cap |           Memory-Usage | GPU-Util  Compute M. |
|                                         |                        |               MIG M. |
|=========================================+========================+======================|
|   0  NVIDIA A100 80GB PCIe          On  |   00000000:C1:00.0 Off |                    0 |
| N/A   32C    P0             45W /  300W |       0MiB /  81920MiB |      0%      Default |
|                                         |                        |             Disabled |
+-----------------------------------------+------------------------+----------------------+

+-----------------------------------------------------------------------------------------+
| Processes:                                                                              |
|  GPU   GI   CI              PID   Type   Process name                        GPU Memory |
|        ID   ID                                                               Usage      |
|=========================================================================================|
|  No running processes found                                                             |
+-----------------------------------------------------------------------------------------+
Python exec: /home/hice1/rswaminathan38/scratch/conda_envs/vaccine/bin/python
Torch version: 2.1.0
CUDA available: True
GPU: NVIDIA A100 80GB PCIe
32001
Recover LoRA weights..
PeftModelForCausalLM(
  (base_model): LoraModel(
    (model): LlamaForCausalLM(
      (model): LlamaModel(
        (embed_tokens): Embedding(32001, 4096)
        (layers): ModuleList(
          (0-31): 32 x LlamaDecoderLayer(
            (self_attn): LlamaAttention(
              (q_proj): Linear(
                in_features=4096, out_features=4096, bias=False
                (lora_dropout): ModuleDict(
                  (default): Dropout(p=0.1, inplace=False)
                )
                (lora_A): ModuleDict(
                  (default): Linear(in_features=4096, out_features=8, bias=False)
                )
                (lora_B): ModuleDict(
                  (default): Linear(in_features=8, out_features=4096, bias=False)
                )
                (lora_embedding_A): ParameterDict()
                (lora_embedding_B): ParameterDict()
              )
              (k_proj): Linear(
                in_features=4096, out_features=4096, bias=False
                (lora_dropout): ModuleDict(
                  (default): Dropout(p=0.1, inplace=False)
                )
                (lora_A): ModuleDict(
                  (default): Linear(in_features=4096, out_features=8, bias=False)
                )
                (lora_B): ModuleDict(
                  (default): Linear(in_features=8, out_features=4096, bias=False)
                )
                (lora_embedding_A): ParameterDict()
                (lora_embedding_B): ParameterDict()
              )
              (v_proj): Linear(
                in_features=4096, out_features=4096, bias=False
                (lora_dropout): ModuleDict(
                  (default): Dropout(p=0.1, inplace=False)
                )
                (lora_A): ModuleDict(
                  (default): Linear(in_features=4096, out_features=8, bias=False)
                )
                (lora_B): ModuleDict(
                  (default): Linear(in_features=8, out_features=4096, bias=False)
                )
                (lora_embedding_A): ParameterDict()
                (lora_embedding_B): ParameterDict()
              )
              (o_proj): Linear(
                in_features=4096, out_features=4096, bias=False
                (lora_dropout): ModuleDict(
                  (default): Dropout(p=0.1, inplace=False)
                )
                (lora_A): ModuleDict(
                  (default): Linear(in_features=4096, out_features=8, bias=False)
                )
                (lora_B): ModuleDict(
                  (default): Linear(in_features=8, out_features=4096, bias=False)
                )
                (lora_embedding_A): ParameterDict()
                (lora_embedding_B): ParameterDict()
              )
              (rotary_emb): LlamaRotaryEmbedding()
            )
            (mlp): LlamaMLP(
              (gate_proj): Linear(
                in_features=4096, out_features=11008, bias=False
                (lora_dropout): ModuleDict(
                  (default): Dropout(p=0.1, inplace=False)
                )
                (lora_A): ModuleDict(
                  (default): Linear(in_features=4096, out_features=8, bias=False)
                )
                (lora_B): ModuleDict(
                  (default): Linear(in_features=8, out_features=11008, bias=False)
                )
                (lora_embedding_A): ParameterDict()
                (lora_embedding_B): ParameterDict()
              )
              (up_proj): Linear(
                in_features=4096, out_features=11008, bias=False
                (lora_dropout): ModuleDict(
                  (default): Dropout(p=0.1, inplace=False)
                )
                (lora_A): ModuleDict(
                  (default): Linear(in_features=4096, out_features=8, bias=False)
                )
                (lora_B): ModuleDict(
                  (default): Linear(in_features=8, out_features=11008, bias=False)
                )
                (lora_embedding_A): ParameterDict()
                (lora_embedding_B): ParameterDict()
              )
              (down_proj): Linear(
                in_features=11008, out_features=4096, bias=False
                (lora_dropout): ModuleDict(
                  (default): Dropout(p=0.1, inplace=False)
                )
                (lora_A): ModuleDict(
                  (default): Linear(in_features=11008, out_features=8, bias=False)
                )
                (lora_B): ModuleDict(
                  (default): Linear(in_features=8, out_features=4096, bias=False)
                )
                (lora_embedding_A): ParameterDict()
                (lora_embedding_B): ParameterDict()
              )
              (act_fn): SiLUActivation()
            )
            (input_layernorm): LlamaRMSNorm()
            (post_attention_layernorm): LlamaRMSNorm()
          )
        )
        (norm): LlamaRMSNorm()
      )
      (lm_head): Linear(in_features=4096, out_features=32001, bias=False)
    )
  )
)
trainable params: 19,988,480 || all params: 6,758,412,288 || trainable%: 0.29575703801750663
None
PeftModelForCausalLM(
  (base_model): LoraModel(
    (model): LlamaForCausalLM(
      (model): LlamaModel(
        (embed_tokens): Embedding(32001, 4096)
        (layers): ModuleList(
          (0-31): 32 x LlamaDecoderLayer(
            (self_attn): LlamaAttention(
              (q_proj): Linear(
                in_features=4096, out_features=4096, bias=False
                (lora_dropout): ModuleDict(
                  (default): Dropout(p=0.1, inplace=False)
                )
                (lora_A): ModuleDict(
                  (default): Linear(in_features=4096, out_features=8, bias=False)
                )
                (lora_B): ModuleDict(
                  (default): Linear(in_features=8, out_features=4096, bias=False)
                )
                (lora_embedding_A): ParameterDict()
                (lora_embedding_B): ParameterDict()
              )
              (k_proj): Linear(
                in_features=4096, out_features=4096, bias=False
                (lora_dropout): ModuleDict(
                  (default): Dropout(p=0.1, inplace=False)
                )
                (lora_A): ModuleDict(
                  (default): Linear(in_features=4096, out_features=8, bias=False)
                )
                (lora_B): ModuleDict(
                  (default): Linear(in_features=8, out_features=4096, bias=False)
                )
                (lora_embedding_A): ParameterDict()
                (lora_embedding_B): ParameterDict()
              )
              (v_proj): Linear(
                in_features=4096, out_features=4096, bias=False
                (lora_dropout): ModuleDict(
                  (default): Dropout(p=0.1, inplace=False)
                )
                (lora_A): ModuleDict(
                  (default): Linear(in_features=4096, out_features=8, bias=False)
                )
                (lora_B): ModuleDict(
                  (default): Linear(in_features=8, out_features=4096, bias=False)
                )
                (lora_embedding_A): ParameterDict()
                (lora_embedding_B): ParameterDict()
              )
              (o_proj): Linear(
                in_features=4096, out_features=4096, bias=False
                (lora_dropout): ModuleDict(
                  (default): Dropout(p=0.1, inplace=False)
                )
                (lora_A): ModuleDict(
                  (default): Linear(in_features=4096, out_features=8, bias=False)
                )
                (lora_B): ModuleDict(
                  (default): Linear(in_features=8, out_features=4096, bias=False)
                )
                (lora_embedding_A): ParameterDict()
                (lora_embedding_B): ParameterDict()
              )
              (rotary_emb): LlamaRotaryEmbedding()
            )
            (mlp): LlamaMLP(
              (gate_proj): Linear(
                in_features=4096, out_features=11008, bias=False
                (lora_dropout): ModuleDict(
                  (default): Dropout(p=0.1, inplace=False)
                )
                (lora_A): ModuleDict(
                  (default): Linear(in_features=4096, out_features=8, bias=False)
                )
                (lora_B): ModuleDict(
                  (default): Linear(in_features=8, out_features=11008, bias=False)
                )
                (lora_embedding_A): ParameterDict()
                (lora_embedding_B): ParameterDict()
              )
              (up_proj): Linear(
                in_features=4096, out_features=11008, bias=False
                (lora_dropout): ModuleDict(
                  (default): Dropout(p=0.1, inplace=False)
                )
                (lora_A): ModuleDict(
                  (default): Linear(in_features=4096, out_features=8, bias=False)
                )
                (lora_B): ModuleDict(
                  (default): Linear(in_features=8, out_features=11008, bias=False)
                )
                (lora_embedding_A): ParameterDict()
                (lora_embedding_B): ParameterDict()
              )
              (down_proj): Linear(
                in_features=11008, out_features=4096, bias=False
                (lora_dropout): ModuleDict(
                  (default): Dropout(p=0.1, inplace=False)
                )
                (lora_A): ModuleDict(
                  (default): Linear(in_features=11008, out_features=8, bias=False)
                )
                (lora_B): ModuleDict(
                  (default): Linear(in_features=8, out_features=4096, bias=False)
                )
                (lora_embedding_A): ParameterDict()
                (lora_embedding_B): ParameterDict()
              )
              (act_fn): SiLUActivation()
            )
            (input_layernorm): LlamaRMSNorm()
            (post_attention_layernorm): LlamaRMSNorm()
          )
        )
        (norm): LlamaRMSNorm()
      )
      (lm_head): Linear(in_features=4096, out_features=32001, bias=False)
    )
  )
)
{'loss': 3.719, 'learning_rate': 2.5e-06, 'epoch': 0.0}
{'loss': 3.7768, 'learning_rate': 5e-06, 'epoch': 0.01}
{'loss': 3.2277, 'learning_rate': 7.5e-06, 'epoch': 0.01}
{'loss': 3.5099, 'learning_rate': 1e-05, 'epoch': 0.01}
{'loss': 3.2574, 'learning_rate': 1.25e-05, 'epoch': 0.01}
{'loss': 3.3997, 'learning_rate': 1.5e-05, 'epoch': 0.01}
{'loss': 3.2158, 'learning_rate': 1.7500000000000002e-05, 'epoch': 0.02}
{'loss': 3.4262, 'learning_rate': 2e-05, 'epoch': 0.02}
{'loss': 3.7995, 'learning_rate': 2.2499999999999998e-05, 'epoch': 0.02}
{'loss': 4.1334, 'learning_rate': 2.5e-05, 'epoch': 0.03}
{'loss': 3.2803, 'learning_rate': 2.75e-05, 'epoch': 0.03}
{'loss': 3.4904, 'learning_rate': 3e-05, 'epoch': 0.03}
{'loss': 2.9136, 'learning_rate': 3.2500000000000004e-05, 'epoch': 0.03}
{'loss': 3.0005, 'learning_rate': 3.5000000000000004e-05, 'epoch': 0.04}
{'loss': 3.5775, 'learning_rate': 3.75e-05, 'epoch': 0.04}
{'loss': 3.434, 'learning_rate': 4e-05, 'epoch': 0.04}
{'loss': 3.3532, 'learning_rate': 4.25e-05, 'epoch': 0.04}
{'loss': 3.0436, 'learning_rate': 4.4999999999999996e-05, 'epoch': 0.04}
{'loss': 3.7958, 'learning_rate': 4.75e-05, 'epoch': 0.05}
{'loss': 3.982, 'learning_rate': 5e-05, 'epoch': 0.05}
{'loss': 3.4229, 'learning_rate': 5.25e-05, 'epoch': 0.05}
{'loss': 3.3737, 'learning_rate': 5.5e-05, 'epoch': 0.06}
{'loss': 3.596, 'learning_rate': 5.75e-05, 'epoch': 0.06}
{'loss': 3.0704, 'learning_rate': 6e-05, 'epoch': 0.06}
{'loss': 3.3159, 'learning_rate': 6.25e-05, 'epoch': 0.06}
{'loss': 3.3656, 'learning_rate': 6.500000000000001e-05, 'epoch': 0.07}
{'loss': 3.7052, 'learning_rate': 6.75e-05, 'epoch': 0.07}
{'loss': 3.2023, 'learning_rate': 7.000000000000001e-05, 'epoch': 0.07}
{'loss': 3.3026, 'learning_rate': 7.25e-05, 'epoch': 0.07}
{'loss': 3.1457, 'learning_rate': 7.5e-05, 'epoch': 0.07}
{'loss': 3.7856, 'learning_rate': 7.75e-05, 'epoch': 0.08}
{'loss': 3.3211, 'learning_rate': 8e-05, 'epoch': 0.08}
{'loss': 3.5785, 'learning_rate': 8.25e-05, 'epoch': 0.08}
{'loss': 3.5183, 'learning_rate': 8.5e-05, 'epoch': 0.09}
{'loss': 3.5199, 'learning_rate': 8.75e-05, 'epoch': 0.09}
{'loss': 3.5975, 'learning_rate': 8.999999999999999e-05, 'epoch': 0.09}
{'loss': 3.6065, 'learning_rate': 9.25e-05, 'epoch': 0.09}
{'loss': 3.3584, 'learning_rate': 9.5e-05, 'epoch': 0.1}
{'loss': 3.3208, 'learning_rate': 9.750000000000001e-05, 'epoch': 0.1}
{'loss': 3.4849, 'learning_rate': 0.0001, 'epoch': 0.1}
{'loss': 2.7834, 'learning_rate': 0.0001025, 'epoch': 0.1}
{'loss': 3.3597, 'learning_rate': 0.000105, 'epoch': 0.1}
{'loss': 3.231, 'learning_rate': 0.0001075, 'epoch': 0.11}
{'loss': 3.1008, 'learning_rate': 0.00011, 'epoch': 0.11}
{'loss': 3.2973, 'learning_rate': 0.00011250000000000001, 'epoch': 0.11}
{'loss': 3.2436, 'learning_rate': 0.000115, 'epoch': 0.12}
{'loss': 3.211, 'learning_rate': 0.0001175, 'epoch': 0.12}
{'loss': 3.3767, 'learning_rate': 0.00012, 'epoch': 0.12}
{'loss': 3.6015, 'learning_rate': 0.0001225, 'epoch': 0.12}
{'loss': 3.1536, 'learning_rate': 0.000125, 'epoch': 0.12}
{'loss': 2.9635, 'learning_rate': 0.0001275, 'epoch': 0.13}
{'loss': 3.0806, 'learning_rate': 0.00013000000000000002, 'epoch': 0.13}
{'loss': 3.2312, 'learning_rate': 0.00013250000000000002, 'epoch': 0.13}
{'loss': 2.9644, 'learning_rate': 0.000135, 'epoch': 0.14}
{'loss': 2.795, 'learning_rate': 0.0001375, 'epoch': 0.14}
{'loss': 3.0953, 'learning_rate': 0.00014000000000000001, 'epoch': 0.14}
{'loss': 2.8807, 'learning_rate': 0.0001425, 'epoch': 0.14}
{'loss': 3.1239, 'learning_rate': 0.000145, 'epoch': 0.14}
{'loss': 2.5853, 'learning_rate': 0.0001475, 'epoch': 0.15}
{'loss': 3.0185, 'learning_rate': 0.00015, 'epoch': 0.15}
{'loss': 3.3445, 'learning_rate': 0.0001525, 'epoch': 0.15}
{'loss': 2.8961, 'learning_rate': 0.000155, 'epoch': 0.15}
{'loss': 2.8537, 'learning_rate': 0.0001575, 'epoch': 0.16}
{'loss': 3.1167, 'learning_rate': 0.00016, 'epoch': 0.16}
{'loss': 2.8768, 'learning_rate': 0.00016250000000000002, 'epoch': 0.16}
{'loss': 3.4066, 'learning_rate': 0.000165, 'epoch': 0.17}
{'loss': 2.7005, 'learning_rate': 0.0001675, 'epoch': 0.17}
{'loss': 3.1297, 'learning_rate': 0.00017, 'epoch': 0.17}
{'loss': 2.8147, 'learning_rate': 0.0001725, 'epoch': 0.17}
{'loss': 3.2829, 'learning_rate': 0.000175, 'epoch': 0.17}
{'loss': 2.5804, 'learning_rate': 0.0001775, 'epoch': 0.18}
{'loss': 2.5954, 'learning_rate': 0.00017999999999999998, 'epoch': 0.18}
{'loss': 2.5384, 'learning_rate': 0.0001825, 'epoch': 0.18}
{'loss': 2.8458, 'learning_rate': 0.000185, 'epoch': 0.18}
{'loss': 2.8377, 'learning_rate': 0.0001875, 'epoch': 0.19}
{'loss': 2.8579, 'learning_rate': 0.00019, 'epoch': 0.19}
{'loss': 3.0681, 'learning_rate': 0.00019250000000000002, 'epoch': 0.19}
{'loss': 2.8798, 'learning_rate': 0.00019500000000000002, 'epoch': 0.2}
{'loss': 2.9926, 'learning_rate': 0.0001975, 'epoch': 0.2}
{'loss': 3.0833, 'learning_rate': 0.0002, 'epoch': 0.2}
{'loss': 2.4623, 'learning_rate': 0.00020250000000000002, 'epoch': 0.2}
{'loss': 2.7226, 'learning_rate': 0.000205, 'epoch': 0.2}
{'loss': 3.0095, 'learning_rate': 0.0002075, 'epoch': 0.21}
{'loss': 3.1386, 'learning_rate': 0.00021, 'epoch': 0.21}
{'loss': 2.5688, 'learning_rate': 0.0002125, 'epoch': 0.21}
{'loss': 2.749, 'learning_rate': 0.000215, 'epoch': 0.21}
{'loss': 2.9448, 'learning_rate': 0.0002175, 'epoch': 0.22}
{'loss': 2.594, 'learning_rate': 0.00022, 'epoch': 0.22}
{'loss': 2.9815, 'learning_rate': 0.00022250000000000001, 'epoch': 0.22}
{'loss': 2.5545, 'learning_rate': 0.00022500000000000002, 'epoch': 0.23}
{'loss': 2.419, 'learning_rate': 0.0002275, 'epoch': 0.23}
{'loss': 2.6341, 'learning_rate': 0.00023, 'epoch': 0.23}
{'loss': 2.4546, 'learning_rate': 0.0002325, 'epoch': 0.23}
{'loss': 2.7336, 'learning_rate': 0.000235, 'epoch': 0.23}
{'loss': 3.2496, 'learning_rate': 0.0002375, 'epoch': 0.24}
{'loss': 2.95, 'learning_rate': 0.00024, 'epoch': 0.24}
{'loss': 3.0532, 'learning_rate': 0.00024249999999999999, 'epoch': 0.24}
{'loss': 2.5348, 'learning_rate': 0.000245, 'epoch': 0.24}
{'loss': 3.4391, 'learning_rate': 0.0002475, 'epoch': 0.25}
{'loss': 3.0128, 'learning_rate': 0.00025, 'epoch': 0.25}
{'loss': 3.0008, 'learning_rate': 0.0002525, 'epoch': 0.25}
{'loss': 2.8268, 'learning_rate': 0.000255, 'epoch': 0.26}
{'loss': 2.4052, 'learning_rate': 0.0002575, 'epoch': 0.26}
{'loss': 2.5973, 'learning_rate': 0.00026000000000000003, 'epoch': 0.26}
{'loss': 2.5084, 'learning_rate': 0.00026250000000000004, 'epoch': 0.26}
{'loss': 2.6702, 'learning_rate': 0.00026500000000000004, 'epoch': 0.27}
{'loss': 2.0867, 'learning_rate': 0.0002675, 'epoch': 0.27}
{'loss': 2.1188, 'learning_rate': 0.00027, 'epoch': 0.27}
{'loss': 2.1128, 'learning_rate': 0.0002725, 'epoch': 0.27}
{'loss': 2.4955, 'learning_rate': 0.000275, 'epoch': 0.28}
{'loss': 2.7511, 'learning_rate': 0.0002775, 'epoch': 0.28}
{'loss': 2.4383, 'learning_rate': 0.00028000000000000003, 'epoch': 0.28}
{'loss': 2.809, 'learning_rate': 0.0002825, 'epoch': 0.28}
{'loss': 2.3817, 'learning_rate': 0.000285, 'epoch': 0.28}
{'loss': 2.5602, 'learning_rate': 0.0002875, 'epoch': 0.29}
{'loss': 2.591, 'learning_rate': 0.00029, 'epoch': 0.29}
{'loss': 2.8923, 'learning_rate': 0.0002925, 'epoch': 0.29}
{'loss': 2.2735, 'learning_rate': 0.000295, 'epoch': 0.29}
{'loss': 2.2944, 'learning_rate': 0.00029749999999999997, 'epoch': 0.3}
{'loss': 2.6977, 'learning_rate': 0.0003, 'epoch': 0.3}
{'loss': 2.3284, 'learning_rate': 0.0003025, 'epoch': 0.3}
{'loss': 2.2188, 'learning_rate': 0.000305, 'epoch': 0.3}
{'loss': 2.0059, 'learning_rate': 0.0003075, 'epoch': 0.31}
{'loss': 2.6818, 'learning_rate': 0.00031, 'epoch': 0.31}
{'loss': 2.37, 'learning_rate': 0.0003125, 'epoch': 0.31}
{'loss': 3.1866, 'learning_rate': 0.000315, 'epoch': 0.32}
{'loss': 2.2225, 'learning_rate': 0.0003175, 'epoch': 0.32}
{'loss': 2.2614, 'learning_rate': 0.00032, 'epoch': 0.32}
{'loss': 2.0036, 'learning_rate': 0.00032250000000000003, 'epoch': 0.32}
{'loss': 1.933, 'learning_rate': 0.00032500000000000004, 'epoch': 0.33}
{'loss': 2.0747, 'learning_rate': 0.00032750000000000005, 'epoch': 0.33}
{'loss': 1.9155, 'learning_rate': 0.00033, 'epoch': 0.33}
{'loss': 1.7337, 'learning_rate': 0.0003325, 'epoch': 0.33}
{'loss': 2.0539, 'learning_rate': 0.000335, 'epoch': 0.34}
{'loss': 2.0844, 'learning_rate': 0.0003375, 'epoch': 0.34}
{'loss': 2.3443, 'learning_rate': 0.00034, 'epoch': 0.34}
{'loss': 2.1323, 'learning_rate': 0.00034250000000000003, 'epoch': 0.34}
{'loss': 2.5597, 'learning_rate': 0.000345, 'epoch': 0.34}
{'loss': 2.9548, 'learning_rate': 0.0003475, 'epoch': 0.35}
{'loss': 2.5406, 'learning_rate': 0.00035, 'epoch': 0.35}
{'loss': 2.9672, 'learning_rate': 0.0003525, 'epoch': 0.35}
{'loss': 2.9377, 'learning_rate': 0.000355, 'epoch': 0.35}
{'loss': 3.0071, 'learning_rate': 0.0003575, 'epoch': 0.36}
{'loss': 2.9371, 'learning_rate': 0.00035999999999999997, 'epoch': 0.36}
{'loss': 2.8106, 'learning_rate': 0.0003625, 'epoch': 0.36}
{'loss': 2.3966, 'learning_rate': 0.000365, 'epoch': 0.36}
{'loss': 3.3346, 'learning_rate': 0.0003675, 'epoch': 0.37}
{'loss': 3.1086, 'learning_rate': 0.00037, 'epoch': 0.37}
{'loss': 3.0319, 'learning_rate': 0.0003725, 'epoch': 0.37}
{'loss': 2.8619, 'learning_rate': 0.000375, 'epoch': 0.38}
{'loss': 3.0855, 'learning_rate': 0.0003775, 'epoch': 0.38}
{'loss': 2.8876, 'learning_rate': 0.00038, 'epoch': 0.38}
{'loss': 2.5909, 'learning_rate': 0.00038250000000000003, 'epoch': 0.38}
{'loss': 2.4108, 'learning_rate': 0.00038500000000000003, 'epoch': 0.39}
{'loss': 2.9424, 'learning_rate': 0.00038750000000000004, 'epoch': 0.39}
{'loss': 3.1638, 'learning_rate': 0.00039000000000000005, 'epoch': 0.39}
{'loss': 2.8613, 'learning_rate': 0.0003925, 'epoch': 0.39}
{'loss': 3.1171, 'learning_rate': 0.000395, 'epoch': 0.4}
{'loss': 2.8941, 'learning_rate': 0.0003975, 'epoch': 0.4}
{'loss': 2.8693, 'learning_rate': 0.0004, 'epoch': 0.4}
{'loss': 3.2666, 'learning_rate': 0.0004025, 'epoch': 0.4}
{'loss': 3.236, 'learning_rate': 0.00040500000000000003, 'epoch': 0.41}
{'loss': 2.5242, 'learning_rate': 0.0004075, 'epoch': 0.41}
{'loss': 2.6942, 'learning_rate': 0.00041, 'epoch': 0.41}
{'loss': 2.9658, 'learning_rate': 0.0004125, 'epoch': 0.41}
{'loss': 2.6953, 'learning_rate': 0.000415, 'epoch': 0.41}
{'loss': 2.7521, 'learning_rate': 0.0004175, 'epoch': 0.42}
{'loss': 3.1095, 'learning_rate': 0.00042, 'epoch': 0.42}
{'loss': 3.1964, 'learning_rate': 0.00042249999999999997, 'epoch': 0.42}
{'loss': 2.7287, 'learning_rate': 0.000425, 'epoch': 0.42}
{'loss': 3.061, 'learning_rate': 0.0004275, 'epoch': 0.43}
{'loss': 2.6623, 'learning_rate': 0.00043, 'epoch': 0.43}
{'loss': 3.2301, 'learning_rate': 0.0004325, 'epoch': 0.43}
{'loss': 2.9424, 'learning_rate': 0.000435, 'epoch': 0.43}
{'loss': 2.9341, 'learning_rate': 0.0004375, 'epoch': 0.44}
{'loss': 3.1229, 'learning_rate': 0.00044, 'epoch': 0.44}
{'loss': 2.8201, 'learning_rate': 0.0004425, 'epoch': 0.44}
{'loss': 3.0316, 'learning_rate': 0.00044500000000000003, 'epoch': 0.45}
{'loss': 2.7693, 'learning_rate': 0.00044750000000000004, 'epoch': 0.45}
{'loss': 2.666, 'learning_rate': 0.00045000000000000004, 'epoch': 0.45}
{'loss': 2.8662, 'learning_rate': 0.00045250000000000005, 'epoch': 0.45}
{'loss': 3.4085, 'learning_rate': 0.000455, 'epoch': 0.46}
{'loss': 3.0653, 'learning_rate': 0.0004575, 'epoch': 0.46}
{'loss': 3.0604, 'learning_rate': 0.00046, 'epoch': 0.46}
{'loss': 2.9817, 'learning_rate': 0.0004625, 'epoch': 0.46}
{'loss': 2.731, 'learning_rate': 0.000465, 'epoch': 0.47}
{'loss': 3.1047, 'learning_rate': 0.00046750000000000003, 'epoch': 0.47}
{'loss': 3.1007, 'learning_rate': 0.00047, 'epoch': 0.47}
{'loss': 3.4161, 'learning_rate': 0.0004725, 'epoch': 0.47}
{'loss': 3.0928, 'learning_rate': 0.000475, 'epoch': 0.47}
{'loss': 2.9665, 'learning_rate': 0.0004775, 'epoch': 0.48}
{'loss': 3.0048, 'learning_rate': 0.00048, 'epoch': 0.48}
{'loss': 2.9649, 'learning_rate': 0.0004825, 'epoch': 0.48}
{'loss': 2.9304, 'learning_rate': 0.00048499999999999997, 'epoch': 0.48}
{'loss': 3.0359, 'learning_rate': 0.0004875, 'epoch': 0.49}
{'loss': 2.6941, 'learning_rate': 0.00049, 'epoch': 0.49}
{'loss': 2.8301, 'learning_rate': 0.0004925, 'epoch': 0.49}
{'loss': 2.9677, 'learning_rate': 0.000495, 'epoch': 0.49}
{'loss': 3.0226, 'learning_rate': 0.0004975, 'epoch': 0.5}
{'loss': 2.6784, 'learning_rate': 0.0005, 'epoch': 0.5}
{'loss': 2.6922, 'learning_rate': 0.0005024999999999999, 'epoch': 0.5}
{'loss': 2.7506, 'learning_rate': 0.000505, 'epoch': 0.51}
{'loss': 3.0064, 'learning_rate': 0.0005074999999999999, 'epoch': 0.51}
{'loss': 2.8992, 'learning_rate': 0.00051, 'epoch': 0.51}
{'loss': 2.8335, 'learning_rate': 0.0005124999999999999, 'epoch': 0.51}
{'loss': 2.9245, 'learning_rate': 0.000515, 'epoch': 0.52}
{'loss': 3.1074, 'learning_rate': 0.0005175, 'epoch': 0.52}
{'loss': 2.8814, 'learning_rate': 0.0005200000000000001, 'epoch': 0.52}
{'loss': 2.882, 'learning_rate': 0.0005225, 'epoch': 0.52}
{'loss': 2.2462, 'learning_rate': 0.0005250000000000001, 'epoch': 0.53}
{'loss': 2.3703, 'learning_rate': 0.0005275, 'epoch': 0.53}
{'loss': 2.2817, 'learning_rate': 0.0005300000000000001, 'epoch': 0.53}
{'loss': 2.4703, 'learning_rate': 0.0005325, 'epoch': 0.53}
{'loss': 2.5726, 'learning_rate': 0.000535, 'epoch': 0.54}
{'loss': 2.4559, 'learning_rate': 0.0005375, 'epoch': 0.54}
{'loss': 2.8899, 'learning_rate': 0.00054, 'epoch': 0.54}
{'loss': 3.139, 'learning_rate': 0.0005425, 'epoch': 0.54}
{'loss': 3.0355, 'learning_rate': 0.000545, 'epoch': 0.55}
{'loss': 2.3383, 'learning_rate': 0.0005475, 'epoch': 0.55}
{'loss': 2.7654, 'learning_rate': 0.00055, 'epoch': 0.55}
{'loss': 3.1078, 'learning_rate': 0.0005525, 'epoch': 0.55}
{'loss': 2.7682, 'learning_rate': 0.000555, 'epoch': 0.56}
{'loss': 2.5438, 'learning_rate': 0.0005575, 'epoch': 0.56}
{'loss': 3.1169, 'learning_rate': 0.0005600000000000001, 'epoch': 0.56}
{'loss': 2.8479, 'learning_rate': 0.0005625000000000001, 'epoch': 0.56}
{'loss': 2.8591, 'learning_rate': 0.000565, 'epoch': 0.56}
{'loss': 2.6384, 'learning_rate': 0.0005675, 'epoch': 0.57}
{'loss': 2.4587, 'learning_rate': 0.00057, 'epoch': 0.57}
{'loss': 3.0669, 'learning_rate': 0.0005725, 'epoch': 0.57}
{'loss': 1.9224, 'learning_rate': 0.000575, 'epoch': 0.57}
{'loss': 2.8199, 'learning_rate': 0.0005775, 'epoch': 0.58}
{'loss': 2.9379, 'learning_rate': 0.00058, 'epoch': 0.58}
{'loss': 2.8069, 'learning_rate': 0.0005825, 'epoch': 0.58}
{'loss': 2.9842, 'learning_rate': 0.000585, 'epoch': 0.58}
{'loss': 2.5545, 'learning_rate': 0.0005875, 'epoch': 0.59}
{'loss': 3.0177, 'learning_rate': 0.00059, 'epoch': 0.59}
{'loss': 2.8245, 'learning_rate': 0.0005925, 'epoch': 0.59}
{'loss': 2.7322, 'learning_rate': 0.0005949999999999999, 'epoch': 0.59}
{'loss': 2.6299, 'learning_rate': 0.0005975, 'epoch': 0.6}
{'loss': 1.9696, 'learning_rate': 0.0006, 'epoch': 0.6}
{'loss': 2.6575, 'learning_rate': 0.0006025000000000001, 'epoch': 0.6}
{'loss': 2.1825, 'learning_rate': 0.000605, 'epoch': 0.6}
{'loss': 2.109, 'learning_rate': 0.0006075000000000001, 'epoch': 0.61}
{'loss': 2.1011, 'learning_rate': 0.00061, 'epoch': 0.61}
{'loss': 2.1046, 'learning_rate': 0.0006125000000000001, 'epoch': 0.61}
{'loss': 2.0681, 'learning_rate': 0.000615, 'epoch': 0.61}
{'loss': 2.0001, 'learning_rate': 0.0006175000000000001, 'epoch': 0.62}
{'loss': 2.1578, 'learning_rate': 0.00062, 'epoch': 0.62}
{'loss': 2.0747, 'learning_rate': 0.0006225000000000001, 'epoch': 0.62}
{'loss': 2.2762, 'learning_rate': 0.000625, 'epoch': 0.62}
{'loss': 2.3465, 'learning_rate': 0.0006274999999999999, 'epoch': 0.63}
{'loss': 2.0597, 'learning_rate': 0.00063, 'epoch': 0.63}
{'loss': 2.0432, 'learning_rate': 0.0006324999999999999, 'epoch': 0.63}
{'loss': 2.1415, 'learning_rate': 0.000635, 'epoch': 0.64}
{'loss': 2.0761, 'learning_rate': 0.0006374999999999999, 'epoch': 0.64}
{'loss': 2.3692, 'learning_rate': 0.00064, 'epoch': 0.64}
{'loss': 2.0104, 'learning_rate': 0.0006425, 'epoch': 0.64}
{'loss': 1.9551, 'learning_rate': 0.0006450000000000001, 'epoch': 0.65}
{'loss': 2.1289, 'learning_rate': 0.0006475, 'epoch': 0.65}
{'loss': 1.9935, 'learning_rate': 0.0006500000000000001, 'epoch': 0.65}
{'loss': 1.9008, 'learning_rate': 0.0006525, 'epoch': 0.65}
{'loss': 1.9073, 'learning_rate': 0.0006550000000000001, 'epoch': 0.66}
{'loss': 1.304, 'learning_rate': 0.0006575, 'epoch': 0.66}
{'loss': 1.8662, 'learning_rate': 0.00066, 'epoch': 0.66}
{'loss': 1.853, 'learning_rate': 0.0006625, 'epoch': 0.66}
{'loss': 1.9803, 'learning_rate': 0.000665, 'epoch': 0.67}
{'loss': 2.7876, 'learning_rate': 0.0006675, 'epoch': 0.67}
{'loss': 2.4878, 'learning_rate': 0.00067, 'epoch': 0.67}
{'loss': 3.0492, 'learning_rate': 0.0006725, 'epoch': 0.67}
{'loss': 2.5368, 'learning_rate': 0.000675, 'epoch': 0.68}
{'loss': 2.5335, 'learning_rate': 0.0006775, 'epoch': 0.68}
{'loss': 2.7294, 'learning_rate': 0.00068, 'epoch': 0.68}
{'loss': 2.5861, 'learning_rate': 0.0006825000000000001, 'epoch': 0.68}
{'loss': 2.6681, 'learning_rate': 0.0006850000000000001, 'epoch': 0.69}
{'loss': 3.0052, 'learning_rate': 0.0006875, 'epoch': 0.69}
{'loss': 2.7739, 'learning_rate': 0.00069, 'epoch': 0.69}
{'loss': 2.73, 'learning_rate': 0.0006925, 'epoch': 0.69}
{'loss': 2.986, 'learning_rate': 0.000695, 'epoch': 0.69}
{'loss': 3.1365, 'learning_rate': 0.0006975, 'epoch': 0.7}
{'loss': 2.8502, 'learning_rate': 0.0007, 'epoch': 0.7}
{'loss': 2.6995, 'learning_rate': 0.0007025, 'epoch': 0.7}
{'loss': 2.4425, 'learning_rate': 0.000705, 'epoch': 0.7}
{'loss': 2.5589, 'learning_rate': 0.0007075, 'epoch': 0.71}
{'loss': 2.3497, 'learning_rate': 0.00071, 'epoch': 0.71}
{'loss': 2.1702, 'learning_rate': 0.0007125, 'epoch': 0.71}
{'loss': 1.9803, 'learning_rate': 0.000715, 'epoch': 0.71}
{'loss': 1.8358, 'learning_rate': 0.0007175, 'epoch': 0.72}
{'loss': 2.2324, 'learning_rate': 0.0007199999999999999, 'epoch': 0.72}
{'loss': 1.8372, 'learning_rate': 0.0007225, 'epoch': 0.72}
{'loss': 1.9535, 'learning_rate': 0.000725, 'epoch': 0.72}
{'loss': 2.3472, 'learning_rate': 0.0007275000000000001, 'epoch': 0.73}
{'loss': 2.0762, 'learning_rate': 0.00073, 'epoch': 0.73}
{'loss': 1.8074, 'learning_rate': 0.0007325000000000001, 'epoch': 0.73}
{'loss': 2.4377, 'learning_rate': 0.000735, 'epoch': 0.73}
{'loss': 2.1026, 'learning_rate': 0.0007375000000000001, 'epoch': 0.74}
{'loss': 2.0961, 'learning_rate': 0.00074, 'epoch': 0.74}
{'loss': 2.5734, 'learning_rate': 0.0007425000000000001, 'epoch': 0.74}
{'loss': 1.9208, 'learning_rate': 0.000745, 'epoch': 0.74}
{'loss': 2.6231, 'learning_rate': 0.0007475000000000001, 'epoch': 0.75}
{'loss': 2.4068, 'learning_rate': 0.00075, 'epoch': 0.75}
{'loss': 2.1365, 'learning_rate': 0.0007524999999999999, 'epoch': 0.75}
{'loss': 2.5005, 'learning_rate': 0.000755, 'epoch': 0.76}
{'loss': 2.1698, 'learning_rate': 0.0007574999999999999, 'epoch': 0.76}
{'loss': 2.3363, 'learning_rate': 0.00076, 'epoch': 0.76}
{'loss': 2.4538, 'learning_rate': 0.0007624999999999999, 'epoch': 0.76}
{'loss': 2.6878, 'learning_rate': 0.0007650000000000001, 'epoch': 0.77}
{'loss': 2.6144, 'learning_rate': 0.0007675, 'epoch': 0.77}
{'loss': 2.1579, 'learning_rate': 0.0007700000000000001, 'epoch': 0.77}
{'loss': 2.5068, 'learning_rate': 0.0007725, 'epoch': 0.77}
{'loss': 2.3523, 'learning_rate': 0.0007750000000000001, 'epoch': 0.78}
{'loss': 2.2175, 'learning_rate': 0.0007775, 'epoch': 0.78}
{'loss': 2.2347, 'learning_rate': 0.0007800000000000001, 'epoch': 0.78}
{'loss': 2.2215, 'learning_rate': 0.0007825, 'epoch': 0.78}
{'loss': 2.533, 'learning_rate': 0.000785, 'epoch': 0.79}
{'loss': 2.5754, 'learning_rate': 0.0007875, 'epoch': 0.79}
{'loss': 2.3204, 'learning_rate': 0.00079, 'epoch': 0.79}
{'loss': 2.2888, 'learning_rate': 0.0007925, 'epoch': 0.79}
{'loss': 2.5749, 'learning_rate': 0.000795, 'epoch': 0.8}
{'loss': 1.929, 'learning_rate': 0.0007975, 'epoch': 0.8}
{'loss': 2.2263, 'learning_rate': 0.0008, 'epoch': 0.8}
{'loss': 2.803, 'learning_rate': 0.0008025, 'epoch': 0.8}
{'loss': 2.3995, 'learning_rate': 0.000805, 'epoch': 0.81}
{'loss': 2.3857, 'learning_rate': 0.0008075000000000001, 'epoch': 0.81}
{'loss': 2.5008, 'learning_rate': 0.0008100000000000001, 'epoch': 0.81}
{'loss': 2.4292, 'learning_rate': 0.0008125000000000001, 'epoch': 0.81}
{'loss': 2.1318, 'learning_rate': 0.000815, 'epoch': 0.81}
{'loss': 2.3592, 'learning_rate': 0.0008175, 'epoch': 0.82}
{'loss': 2.3684, 'learning_rate': 0.00082, 'epoch': 0.82}
{'loss': 2.3206, 'learning_rate': 0.0008225, 'epoch': 0.82}
{'loss': 2.473, 'learning_rate': 0.000825, 'epoch': 0.82}
{'loss': 2.5035, 'learning_rate': 0.0008275, 'epoch': 0.83}
{'loss': 2.2352, 'learning_rate': 0.00083, 'epoch': 0.83}
{'loss': 2.3096, 'learning_rate': 0.0008325, 'epoch': 0.83}
{'loss': 2.5278, 'learning_rate': 0.000835, 'epoch': 0.83}
{'loss': 2.1764, 'learning_rate': 0.0008375, 'epoch': 0.84}
{'loss': 2.394, 'learning_rate': 0.00084, 'epoch': 0.84}
{'loss': 2.6062, 'learning_rate': 0.0008425, 'epoch': 0.84}
{'loss': 2.3788, 'learning_rate': 0.0008449999999999999, 'epoch': 0.84}
{'loss': 2.4091, 'learning_rate': 0.0008475000000000001, 'epoch': 0.85}
{'loss': 2.4482, 'learning_rate': 0.00085, 'epoch': 0.85}
{'loss': 2.232, 'learning_rate': 0.0008525000000000001, 'epoch': 0.85}
{'loss': 2.6839, 'learning_rate': 0.000855, 'epoch': 0.85}
{'loss': 2.6999, 'learning_rate': 0.0008575000000000001, 'epoch': 0.86}
{'loss': 2.778, 'learning_rate': 0.00086, 'epoch': 0.86}
{'loss': 2.3206, 'learning_rate': 0.0008625000000000001, 'epoch': 0.86}
{'loss': 2.3275, 'learning_rate': 0.000865, 'epoch': 0.86}
{'loss': 2.6677, 'learning_rate': 0.0008675000000000001, 'epoch': 0.87}
{'loss': 2.3866, 'learning_rate': 0.00087, 'epoch': 0.87}
{'loss': 2.4497, 'learning_rate': 0.0008725000000000001, 'epoch': 0.87}
{'loss': 2.1885, 'learning_rate': 0.000875, 'epoch': 0.88}
{'loss': 2.217, 'learning_rate': 0.0008774999999999999, 'epoch': 0.88}
{'loss': 2.2798, 'learning_rate': 0.00088, 'epoch': 0.88}
{'loss': 2.705, 'learning_rate': 0.0008824999999999999, 'epoch': 0.88}
{'loss': 2.3149, 'learning_rate': 0.000885, 'epoch': 0.89}
{'loss': 2.5852, 'learning_rate': 0.0008874999999999999, 'epoch': 0.89}
{'loss': 2.6346, 'learning_rate': 0.0008900000000000001, 'epoch': 0.89}
{'loss': 1.98, 'learning_rate': 0.0008925, 'epoch': 0.89}
{'loss': 2.8083, 'learning_rate': 0.0008950000000000001, 'epoch': 0.9}
{'loss': 2.5412, 'learning_rate': 0.0008975, 'epoch': 0.9}
{'loss': 2.255, 'learning_rate': 0.0009000000000000001, 'epoch': 0.9}
{'loss': 2.0837, 'learning_rate': 0.0009025, 'epoch': 0.9}
{'loss': 2.4778, 'learning_rate': 0.0009050000000000001, 'epoch': 0.91}
{'loss': 2.5527, 'learning_rate': 0.0009075, 'epoch': 0.91}
{'loss': 2.3727, 'learning_rate': 0.00091, 'epoch': 0.91}
{'loss': 2.5816, 'learning_rate': 0.0009125, 'epoch': 0.91}
{'loss': 1.8859, 'learning_rate': 0.000915, 'epoch': 0.92}
{'loss': 2.8415, 'learning_rate': 0.0009175, 'epoch': 0.92}
{'loss': 2.6578, 'learning_rate': 0.00092, 'epoch': 0.92}
{'loss': 2.4274, 'learning_rate': 0.0009225, 'epoch': 0.92}
{'loss': 3.0232, 'learning_rate': 0.000925, 'epoch': 0.93}
{'loss': 2.5968, 'learning_rate': 0.0009275, 'epoch': 0.93}
{'loss': 2.7782, 'learning_rate': 0.00093, 'epoch': 0.93}
{'loss': 2.3327, 'learning_rate': 0.0009325000000000001, 'epoch': 0.93}
{'loss': 2.8346, 'learning_rate': 0.0009350000000000001, 'epoch': 0.94}
{'loss': 2.7659, 'learning_rate': 0.0009375, 'epoch': 0.94}
{'loss': 2.5959, 'learning_rate': 0.00094, 'epoch': 0.94}
{'loss': 2.1677, 'learning_rate': 0.0009425, 'epoch': 0.94}
{'loss': 2.9397, 'learning_rate': 0.000945, 'epoch': 0.94}
{'loss': 2.5935, 'learning_rate': 0.0009475, 'epoch': 0.95}
{'loss': 2.9904, 'learning_rate': 0.00095, 'epoch': 0.95}
{'loss': 2.7408, 'learning_rate': 0.0009525, 'epoch': 0.95}
{'loss': 2.4149, 'learning_rate': 0.000955, 'epoch': 0.95}
{'loss': 3.0604, 'learning_rate': 0.0009575, 'epoch': 0.96}
{'loss': 2.6581, 'learning_rate': 0.00096, 'epoch': 0.96}
{'loss': 2.3795, 'learning_rate': 0.0009625, 'epoch': 0.96}
{'loss': 2.7342, 'learning_rate': 0.000965, 'epoch': 0.96}
{'loss': 2.5912, 'learning_rate': 0.0009675, 'epoch': 0.97}
{'loss': 2.6768, 'learning_rate': 0.0009699999999999999, 'epoch': 0.97}
{'loss': 2.6683, 'learning_rate': 0.0009725000000000001, 'epoch': 0.97}
{'loss': 2.7872, 'learning_rate': 0.000975, 'epoch': 0.97}
{'loss': 2.8262, 'learning_rate': 0.0009775, 'epoch': 0.98}
{'loss': 2.4606, 'learning_rate': 0.00098, 'epoch': 0.98}
{'loss': 2.6481, 'learning_rate': 0.0009825, 'epoch': 0.98}
{'loss': 2.5617, 'learning_rate': 0.000985, 'epoch': 0.98}
{'loss': 2.2671, 'learning_rate': 0.0009875, 'epoch': 0.99}
{'loss': 2.6053, 'learning_rate': 0.00099, 'epoch': 0.99}
{'loss': 2.8561, 'learning_rate': 0.0009925000000000001, 'epoch': 0.99}
{'loss': 2.7157, 'learning_rate': 0.000995, 'epoch': 0.99}
{'loss': 2.2982, 'learning_rate': 0.0009975000000000001, 'epoch': 1.0}
{'loss': 2.4133, 'learning_rate': 0.001, 'epoch': 1.0}
{'loss': 2.4968, 'learning_rate': 0.0009999998096141248, 'epoch': 1.0}
{'loss': 2.542, 'learning_rate': 0.0009999992384566439, 'epoch': 1.0}
{'loss': 2.0902, 'learning_rate': 0.0009999982865279925, 'epoch': 1.01}
{'loss': 2.9542, 'learning_rate': 0.0009999969538288952, 'epoch': 1.01}
{'loss': 2.458, 'learning_rate': 0.0009999952403603673, 'epoch': 1.01}
{'loss': 2.5026, 'learning_rate': 0.0009999931461237134, 'epoch': 1.01}
{'loss': 2.3602, 'learning_rate': 0.0009999906711205286, 'epoch': 1.02}
{'loss': 2.534, 'learning_rate': 0.0009999878153526974, 'epoch': 1.02}
{'loss': 2.2372, 'learning_rate': 0.000999984578822395, 'epoch': 1.02}
{'loss': 3.2469, 'learning_rate': 0.0009999809615320856, 'epoch': 1.02}
{'loss': 2.8675, 'learning_rate': 0.0009999769634845244, 'epoch': 1.03}
{'loss': 3.0693, 'learning_rate': 0.000999972584682756, 'epoch': 1.03}
{'loss': 2.6263, 'learning_rate': 0.000999967825130115, 'epoch': 1.03}
{'loss': 2.6682, 'learning_rate': 0.000999962684830226, 'epoch': 1.03}
{'loss': 2.6188, 'learning_rate': 0.0009999571637870036, 'epoch': 1.04}
{'loss': 2.7387, 'learning_rate': 0.0009999512620046521, 'epoch': 1.04}
{'loss': 2.7868, 'learning_rate': 0.0009999449794876663, 'epoch': 1.04}
{'loss': 1.9988, 'learning_rate': 0.0009999383162408303, 'epoch': 1.04}
{'loss': 2.396, 'learning_rate': 0.0009999312722692186, 'epoch': 1.05}
{'loss': 2.6569, 'learning_rate': 0.0009999238475781956, 'epoch': 1.05}
{'loss': 2.6443, 'learning_rate': 0.0009999160421734154, 'epoch': 1.05}
{'loss': 2.6463, 'learning_rate': 0.000999907856060822, 'epoch': 1.05}
{'loss': 2.4991, 'learning_rate': 0.00099989928924665, 'epoch': 1.06}
{'loss': 2.5985, 'learning_rate': 0.0009998903417374227, 'epoch': 1.06}
{'loss': 2.4546, 'learning_rate': 0.0009998810135399545, 'epoch': 1.06}
{'loss': 2.6298, 'learning_rate': 0.0009998713046613491, 'epoch': 1.06}
{'loss': 2.7891, 'learning_rate': 0.0009998612151090004, 'epoch': 1.07}
{'loss': 2.6983, 'learning_rate': 0.0009998507448905915, 'epoch': 1.07}
{'loss': 2.6026, 'learning_rate': 0.0009998398940140967, 'epoch': 1.07}
{'loss': 2.4976, 'learning_rate': 0.0009998286624877785, 'epoch': 1.07}
{'loss': 2.8335, 'learning_rate': 0.000999817050320191, 'epoch': 1.08}
{'loss': 2.6551, 'learning_rate': 0.000999805057520177, 'epoch': 1.08}
{'loss': 2.9296, 'learning_rate': 0.0009997926840968699, 'epoch': 1.08}
{'loss': 2.5468, 'learning_rate': 0.0009997799300596921, 'epoch': 1.08}
{'loss': 2.2871, 'learning_rate': 0.0009997667954183564, 'epoch': 1.09}
{'loss': 2.4817, 'learning_rate': 0.0009997532801828658, 'epoch': 1.09}
{'loss': 2.6074, 'learning_rate': 0.0009997393843635125, 'epoch': 1.09}
{'loss': 2.6679, 'learning_rate': 0.0009997251079708787, 'epoch': 1.09}
{'loss': 2.4715, 'learning_rate': 0.0009997104510158364, 'epoch': 1.1}
{'loss': 2.4572, 'learning_rate': 0.0009996954135095479, 'epoch': 1.1}
{'loss': 2.4034, 'learning_rate': 0.0009996799954634645, 'epoch': 1.1}
{'loss': 2.5472, 'learning_rate': 0.0009996641968893281, 'epoch': 1.1}
{'loss': 2.1947, 'learning_rate': 0.0009996480177991698, 'epoch': 1.11}
{'loss': 2.1676, 'learning_rate': 0.0009996314582053105, 'epoch': 1.11}
{'loss': 2.4744, 'learning_rate': 0.0009996145181203615, 'epoch': 1.11}
{'loss': 2.2944, 'learning_rate': 0.000999597197557223, 'epoch': 1.11}
{'loss': 2.6284, 'learning_rate': 0.0009995794965290854, 'epoch': 1.12}
{'loss': 2.6723, 'learning_rate': 0.0009995614150494292, 'epoch': 1.12}
{'loss': 2.1839, 'learning_rate': 0.0009995429531320238, 'epoch': 1.12}
{'loss': 2.6623, 'learning_rate': 0.000999524110790929, 'epoch': 1.12}
{'loss': 2.4917, 'learning_rate': 0.0009995048880404938, 'epoch': 1.13}
{'loss': 2.5527, 'learning_rate': 0.0009994852848953573, 'epoch': 1.13}
{'loss': 2.6791, 'learning_rate': 0.0009994653013704483, 'epoch': 1.13}
{'loss': 2.6674, 'learning_rate': 0.0009994449374809851, 'epoch': 1.14}
{'loss': 2.7099, 'learning_rate': 0.0009994241932424752, 'epoch': 1.14}
{'loss': 2.6709, 'learning_rate': 0.0009994030686707172, 'epoch': 1.14}
{'loss': 2.6086, 'learning_rate': 0.0009993815637817974, 'epoch': 1.14}
{'loss': 2.4969, 'learning_rate': 0.0009993596785920931, 'epoch': 1.15}
{'loss': 3.1757, 'learning_rate': 0.000999337413118271, 'epoch': 1.15}
{'loss': 2.4073, 'learning_rate': 0.0009993147673772868, 'epoch': 1.15}
{'loss': 2.5783, 'learning_rate': 0.000999291741386387, 'epoch': 1.15}
{'loss': 3.3732, 'learning_rate': 0.0009992683351631058, 'epoch': 1.16}
{'loss': 2.508, 'learning_rate': 0.000999244548725269, 'epoch': 1.16}
{'loss': 2.4082, 'learning_rate': 0.0009992203820909905, 'epoch': 1.16}
{'loss': 2.345, 'learning_rate': 0.0009991958352786744, 'epoch': 1.16}
{'loss': 2.5259, 'learning_rate': 0.0009991709083070142, 'epoch': 1.17}
{'loss': 2.7571, 'learning_rate': 0.0009991456011949928, 'epoch': 1.17}
{'loss': 2.3925, 'learning_rate': 0.0009991199139618827, 'epoch': 1.17}
{'loss': 2.8333, 'learning_rate': 0.0009990938466272457, 'epoch': 1.17}
{'loss': 2.2904, 'learning_rate': 0.0009990673992109334, 'epoch': 1.18}
{'loss': 2.4939, 'learning_rate': 0.0009990405717330867, 'epoch': 1.18}
{'loss': 2.3902, 'learning_rate': 0.0009990133642141358, 'epoch': 1.18}
{'loss': 2.618, 'learning_rate': 0.0009989857766748002, 'epoch': 1.18}
{'loss': 2.2411, 'learning_rate': 0.0009989578091360895, 'epoch': 1.19}
{'loss': 2.5827, 'learning_rate': 0.0009989294616193018, 'epoch': 1.19}
{'loss': 2.2425, 'learning_rate': 0.000998900734146025, 'epoch': 1.19}
{'loss': 2.4771, 'learning_rate': 0.0009988716267381366, 'epoch': 1.19}
{'loss': 2.4248, 'learning_rate': 0.0009988421394178026, 'epoch': 1.2}
{'loss': 2.2305, 'learning_rate': 0.0009988122722074794, 'epoch': 1.2}
{'loss': 2.4043, 'learning_rate': 0.0009987820251299122, 'epoch': 1.2}
{'loss': 2.9054, 'learning_rate': 0.000998751398208135, 'epoch': 1.2}
{'loss': 2.2948, 'learning_rate': 0.000998720391465472, 'epoch': 1.21}
{'loss': 2.722, 'learning_rate': 0.000998689004925536, 'epoch': 1.21}
{'loss': 2.3367, 'learning_rate': 0.000998657238612229, 'epoch': 1.21}
{'loss': 2.2145, 'learning_rate': 0.0009986250925497428, 'epoch': 1.21}
{'loss': 2.3166, 'learning_rate': 0.0009985925667625579, 'epoch': 1.22}
{'loss': 2.5108, 'learning_rate': 0.000998559661275444, 'epoch': 1.22}
{'loss': 2.3957, 'learning_rate': 0.0009985263761134603, 'epoch': 1.22}
{'loss': 2.3766, 'learning_rate': 0.0009984927113019543, 'epoch': 1.22}
{'loss': 1.9621, 'learning_rate': 0.000998458666866564, 'epoch': 1.23}
{'loss': 2.278, 'learning_rate': 0.0009984242428332153, 'epoch': 1.23}
{'loss': 2.5619, 'learning_rate': 0.0009983894392281236, 'epoch': 1.23}
{'loss': 2.3901, 'learning_rate': 0.0009983542560777934, 'epoch': 1.23}
{'loss': 2.1505, 'learning_rate': 0.0009983186934090183, 'epoch': 1.23}
{'loss': 2.2429, 'learning_rate': 0.0009982827512488809, 'epoch': 1.24}
{'loss': 2.1873, 'learning_rate': 0.0009982464296247522, 'epoch': 1.24}
{'loss': 2.4483, 'learning_rate': 0.0009982097285642932, 'epoch': 1.24}
{'loss': 1.9433, 'learning_rate': 0.0009981726480954533, 'epoch': 1.25}
{'loss': 2.304, 'learning_rate': 0.0009981351882464707, 'epoch': 1.25}
{'loss': 2.216, 'learning_rate': 0.0009980973490458728, 'epoch': 1.25}
{'loss': 2.2248, 'learning_rate': 0.0009980591305224758, 'epoch': 1.25}
{'loss': 2.4984, 'learning_rate': 0.0009980205327053849, 'epoch': 1.25}
{'loss': 1.5917, 'learning_rate': 0.0009979815556239936, 'epoch': 1.26}
{'loss': 2.4049, 'learning_rate': 0.0009979421993079852, 'epoch': 1.26}
{'loss': 2.6652, 'learning_rate': 0.0009979024637873308, 'epoch': 1.26}
{'loss': 2.6716, 'learning_rate': 0.000997862349092291, 'epoch': 1.27}
{'loss': 2.4555, 'learning_rate': 0.0009978218552534148, 'epoch': 1.27}
{'loss': 2.108, 'learning_rate': 0.00099778098230154, 'epoch': 1.27}
{'loss': 2.4937, 'learning_rate': 0.0009977397302677932, 'epoch': 1.27}
{'loss': 2.312, 'learning_rate': 0.0009976980991835895, 'epoch': 1.27}
{'loss': 2.5244, 'learning_rate': 0.0009976560890806328, 'epoch': 1.28}
{'loss': 2.6377, 'learning_rate': 0.0009976136999909156, 'epoch': 1.28}
{'loss': 2.0811, 'learning_rate': 0.0009975709319467192, 'epoch': 1.28}
{'loss': 2.3382, 'learning_rate': 0.0009975277849806133, 'epoch': 1.28}
{'loss': 1.9884, 'learning_rate': 0.0009974842591254558, 'epoch': 1.29}
{'loss': 2.0447, 'learning_rate': 0.0009974403544143941, 'epoch': 1.29}
{'loss': 2.2927, 'learning_rate': 0.0009973960708808632, 'epoch': 1.29}
{'loss': 2.4339, 'learning_rate': 0.0009973514085585872, 'epoch': 1.29}
{'loss': 2.0774, 'learning_rate': 0.000997306367481578, 'epoch': 1.3}
{'loss': 2.0652, 'learning_rate': 0.0009972609476841367, 'epoch': 1.3}
{'loss': 2.0486, 'learning_rate': 0.0009972151492008523, 'epoch': 1.3}
{'loss': 2.4142, 'learning_rate': 0.0009971689720666024, 'epoch': 1.3}
{'loss': 2.2976, 'learning_rate': 0.0009971224163165527, 'epoch': 1.31}
{'loss': 2.5987, 'learning_rate': 0.0009970754819861576, 'epoch': 1.31}
{'loss': 2.3876, 'learning_rate': 0.0009970281691111598, 'epoch': 1.31}
{'loss': 2.5796, 'learning_rate': 0.0009969804777275899, 'epoch': 1.31}
{'loss': 2.2577, 'learning_rate': 0.000996932407871767, 'epoch': 1.32}
{'loss': 2.0824, 'learning_rate': 0.0009968839595802983, 'epoch': 1.32}
{'loss': 2.048, 'learning_rate': 0.0009968351328900793, 'epoch': 1.32}
{'loss': 2.1726, 'learning_rate': 0.0009967859278382939, 'epoch': 1.32}
{'loss': 1.6724, 'learning_rate': 0.0009967363444624135, 'epoch': 1.33}
{'loss': 2.5712, 'learning_rate': 0.000996686382800198, 'epoch': 1.33}
{'loss': 2.4877, 'learning_rate': 0.000996636042889696, 'epoch': 1.33}
{'loss': 2.9182, 'learning_rate': 0.000996585324769243, 'epoch': 1.33}
{'loss': 2.0497, 'learning_rate': 0.0009965342284774632, 'epoch': 1.34}
{'loss': 2.5409, 'learning_rate': 0.0009964827540532685, 'epoch': 1.34}
{'loss': 2.1938, 'learning_rate': 0.000996430901535859, 'epoch': 1.34}
{'loss': 2.6002, 'learning_rate': 0.0009963786709647228, 'epoch': 1.34}
{'loss': 2.5194, 'learning_rate': 0.0009963260623796356, 'epoch': 1.35}
{'loss': 2.7052, 'learning_rate': 0.0009962730758206612, 'epoch': 1.35}
{'loss': 2.4748, 'learning_rate': 0.000996219711328151, 'epoch': 1.35}
{'loss': 2.4627, 'learning_rate': 0.0009961659689427444, 'epoch': 1.35}
{'loss': 3.0848, 'learning_rate': 0.0009961118487053688, 'epoch': 1.36}
{'loss': 2.3242, 'learning_rate': 0.000996057350657239, 'epoch': 1.36}
{'loss': 2.8732, 'learning_rate': 0.0009960024748398575, 'epoch': 1.36}
{'loss': 2.7795, 'learning_rate': 0.000995947221295015, 'epoch': 1.36}
{'loss': 2.6958, 'learning_rate': 0.000995891590064789, 'epoch': 1.37}
{'loss': 2.7681, 'learning_rate': 0.0009958355811915452, 'epoch': 1.37}
{'loss': 2.8163, 'learning_rate': 0.0009957791947179371, 'epoch': 1.37}
{'loss': 2.6252, 'learning_rate': 0.0009957224306869053, 'epoch': 1.38}
{'loss': 2.716, 'learning_rate': 0.000995665289141678, 'epoch': 1.38}
{'loss': 2.5008, 'learning_rate': 0.0009956077701257708, 'epoch': 1.38}
{'loss': 2.4099, 'learning_rate': 0.0009955498736829874, 'epoch': 1.38}
{'loss': 2.5142, 'learning_rate': 0.0009954915998574181, 'epoch': 1.39}
{'loss': 2.4381, 'learning_rate': 0.0009954329486934412, 'epoch': 1.39}
{'loss': 2.4953, 'learning_rate': 0.0009953739202357217, 'epoch': 1.39}
{'loss': 2.4475, 'learning_rate': 0.0009953145145292128, 'epoch': 1.39}
{'loss': 2.3562, 'learning_rate': 0.0009952547316191545, 'epoch': 1.4}
{'loss': 2.6438, 'learning_rate': 0.0009951945715510736, 'epoch': 1.4}
{'loss': 2.3183, 'learning_rate': 0.0009951340343707852, 'epoch': 1.4}
{'loss': 2.425, 'learning_rate': 0.0009950731201243907, 'epoch': 1.4}
{'loss': 2.8157, 'learning_rate': 0.0009950118288582787, 'epoch': 1.41}
{'loss': 2.3489, 'learning_rate': 0.0009949501606191257, 'epoch': 1.41}
{'loss': 2.3218, 'learning_rate': 0.0009948881154538945, 'epoch': 1.41}
{'loss': 2.476, 'learning_rate': 0.0009948256934098352, 'epoch': 1.41}
{'loss': 2.9313, 'learning_rate': 0.0009947628945344848, 'epoch': 1.42}
{'loss': 2.6505, 'learning_rate': 0.0009946997188756675, 'epoch': 1.42}
{'loss': 2.6549, 'learning_rate': 0.0009946361664814943, 'epoch': 1.42}
{'loss': 2.7297, 'learning_rate': 0.000994572237400363, 'epoch': 1.42}
{'loss': 2.6305, 'learning_rate': 0.0009945079316809585, 'epoch': 1.43}
{'loss': 2.5265, 'learning_rate': 0.0009944432493722525, 'epoch': 1.43}
{'loss': 2.2982, 'learning_rate': 0.000994378190523503, 'epoch': 1.43}
{'loss': 2.8349, 'learning_rate': 0.0009943127551842554, 'epoch': 1.43}
{'loss': 2.7818, 'learning_rate': 0.0009942469434043417, 'epoch': 1.44}
{'loss': 2.5969, 'learning_rate': 0.0009941807552338803, 'epoch': 1.44}
{'loss': 2.7086, 'learning_rate': 0.0009941141907232765, 'epoch': 1.44}
{'loss': 2.3645, 'learning_rate': 0.0009940472499232217, 'epoch': 1.44}
{'loss': 2.4858, 'learning_rate': 0.0009939799328846945, 'epoch': 1.45}
{'loss': 2.6674, 'learning_rate': 0.0009939122396589598, 'epoch': 1.45}
{'loss': 2.8553, 'learning_rate': 0.0009938441702975688, 'epoch': 1.45}
{'loss': 2.495, 'learning_rate': 0.0009937757248523595, 'epoch': 1.45}
{'loss': 2.2723, 'learning_rate': 0.0009937069033754558, 'epoch': 1.46}
{'loss': 2.8712, 'learning_rate': 0.0009936377059192683, 'epoch': 1.46}
{'loss': 2.6705, 'learning_rate': 0.000993568132536494, 'epoch': 1.46}
{'loss': 2.4666, 'learning_rate': 0.000993498183280116, 'epoch': 1.46}
{'loss': 2.8433, 'learning_rate': 0.0009934278582034036, 'epoch': 1.47}
{'loss': 2.6088, 'learning_rate': 0.0009933571573599127, 'epoch': 1.47}
{'loss': 2.3056, 'learning_rate': 0.0009932860808034847, 'epoch': 1.47}
{'loss': 2.5771, 'learning_rate': 0.0009932146285882477, 'epoch': 1.47}
{'loss': 2.7309, 'learning_rate': 0.0009931428007686157, 'epoch': 1.48}
{'loss': 2.6969, 'learning_rate': 0.0009930705973992887, 'epoch': 1.48}
{'loss': 2.5966, 'learning_rate': 0.0009929980185352525, 'epoch': 1.48}
{'loss': 2.3186, 'learning_rate': 0.0009929250642317794, 'epoch': 1.48}
{'loss': 2.4139, 'learning_rate': 0.0009928517345444267, 'epoch': 1.48}
{'loss': 2.625, 'learning_rate': 0.0009927780295290389, 'epoch': 1.49}
{'loss': 2.7202, 'learning_rate': 0.000992703949241745, 'epoch': 1.49}
{'loss': 2.3884, 'learning_rate': 0.0009926294937389608, 'epoch': 1.49}
{'loss': 2.7042, 'learning_rate': 0.000992554663077387, 'epoch': 1.5}
{'loss': 2.7911, 'learning_rate': 0.0009924794573140105, 'epoch': 1.5}
{'loss': 2.3083, 'learning_rate': 0.000992403876506104, 'epoch': 1.5}
{'loss': 2.7314, 'learning_rate': 0.0009923279207112255, 'epoch': 1.5}
{'loss': 2.7294, 'learning_rate': 0.0009922515899872184, 'epoch': 1.5}
{'loss': 2.092, 'learning_rate': 0.000992174884392212, 'epoch': 1.51}
{'loss': 2.6974, 'learning_rate': 0.000992097803984621, 'epoch': 1.51}
{'loss': 2.5701, 'learning_rate': 0.0009920203488231454, 'epoch': 1.51}
{'loss': 2.8917, 'learning_rate': 0.0009919425189667708, 'epoch': 1.52}
{'loss': 2.4212, 'learning_rate': 0.000991864314474768, 'epoch': 1.52}
{'loss': 2.6712, 'learning_rate': 0.000991785735406693, 'epoch': 1.52}
{'loss': 2.6879, 'learning_rate': 0.0009917067818223872, 'epoch': 1.52}
{'loss': 2.8933, 'learning_rate': 0.0009916274537819774, 'epoch': 1.52}
{'loss': 2.3586, 'learning_rate': 0.000991547751345875, 'epoch': 1.53}
{'loss': 2.4299, 'learning_rate': 0.0009914676745747771, 'epoch': 1.53}
{'loss': 2.2966, 'learning_rate': 0.0009913872235296657, 'epoch': 1.53}
{'loss': 2.3015, 'learning_rate': 0.0009913063982718076, 'epoch': 1.54}
{'loss': 2.7655, 'learning_rate': 0.000991225198862755, 'epoch': 1.54}
{'loss': 2.7112, 'learning_rate': 0.0009911436253643444, 'epoch': 1.54}
{'loss': 2.6552, 'learning_rate': 0.0009910616778386978, 'epoch': 1.54}
{'loss': 2.6897, 'learning_rate': 0.0009909793563482219, 'epoch': 1.54}
{'loss': 2.7593, 'learning_rate': 0.0009908966609556077, 'epoch': 1.55}
{'loss': 2.7472, 'learning_rate': 0.000990813591723832, 'epoch': 1.55}
{'loss': 3.2636, 'learning_rate': 0.000990730148716155, 'epoch': 1.55}
{'loss': 2.5291, 'learning_rate': 0.0009906463319961226, 'epoch': 1.56}
{'loss': 2.5965, 'learning_rate': 0.0009905621416275647, 'epoch': 1.56}
{'loss': 2.9783, 'learning_rate': 0.0009904775776745957, 'epoch': 1.56}
{'loss': 2.7658, 'learning_rate': 0.0009903926402016153, 'epoch': 1.56}
{'loss': 2.6759, 'learning_rate': 0.0009903073292733065, 'epoch': 1.56}
{'loss': 2.7128, 'learning_rate': 0.0009902216449546378, 'epoch': 1.57}
{'loss': 2.5611, 'learning_rate': 0.000990135587310861, 'epoch': 1.57}
{'loss': 2.7998, 'learning_rate': 0.000990049156407513, 'epoch': 1.57}
{'loss': 2.6075, 'learning_rate': 0.0009899623523104148, 'epoch': 1.57}
{'loss': 2.4256, 'learning_rate': 0.0009898751750856713, 'epoch': 1.58}
{'loss': 2.6842, 'learning_rate': 0.000989787624799672, 'epoch': 1.58}
{'loss': 2.4472, 'learning_rate': 0.0009896997015190901, 'epoch': 1.58}
{'loss': 2.7426, 'learning_rate': 0.000989611405310883, 'epoch': 1.58}
{'loss': 2.6883, 'learning_rate': 0.000989522736242292, 'epoch': 1.59}
{'loss': 2.4191, 'learning_rate': 0.0009894336943808426, 'epoch': 1.59}
{'loss': 2.4502, 'learning_rate': 0.000989344279794344, 'epoch': 1.59}
{'loss': 2.6521, 'learning_rate': 0.0009892544925508894, 'epoch': 1.59}
{'loss': 2.6002, 'learning_rate': 0.0009891643327188553, 'epoch': 1.6}
{'loss': 2.4663, 'learning_rate': 0.0009890738003669028, 'epoch': 1.6}
{'loss': 3.0262, 'learning_rate': 0.000988982895563976, 'epoch': 1.6}
{'loss': 2.7354, 'learning_rate': 0.000988891618379303, 'epoch': 1.6}
{'loss': 2.5284, 'learning_rate': 0.0009887999688823954, 'epoch': 1.61}
{'loss': 2.9988, 'learning_rate': 0.000988707947143048, 'epoch': 1.61}
{'loss': 2.4767, 'learning_rate': 0.0009886155532313394, 'epoch': 1.61}
{'loss': 2.5177, 'learning_rate': 0.000988522787217632, 'epoch': 1.61}
{'loss': 2.7121, 'learning_rate': 0.0009884296491725704, 'epoch': 1.62}
{'loss': 2.3927, 'learning_rate': 0.000988336139167084, 'epoch': 1.62}
{'loss': 2.6555, 'learning_rate': 0.0009882422572723845, 'epoch': 1.62}
{'loss': 2.5471, 'learning_rate': 0.0009881480035599667, 'epoch': 1.62}
{'loss': 2.5751, 'learning_rate': 0.0009880533781016095, 'epoch': 1.63}
{'loss': 2.6401, 'learning_rate': 0.0009879583809693738, 'epoch': 1.63}
{'loss': 2.5587, 'learning_rate': 0.0009878630122356043, 'epoch': 1.63}
{'loss': 2.4652, 'learning_rate': 0.0009877672719729282, 'epoch': 1.64}
{'loss': 2.7999, 'learning_rate': 0.0009876711602542563, 'epoch': 1.64}
{'loss': 2.7142, 'learning_rate': 0.0009875746771527815, 'epoch': 1.64}
{'loss': 2.7758, 'learning_rate': 0.0009874778227419803, 'epoch': 1.64}
{'loss': 2.3699, 'learning_rate': 0.000987380597095611, 'epoch': 1.65}
{'loss': 2.6218, 'learning_rate': 0.0009872830002877154, 'epoch': 1.65}
{'loss': 2.4368, 'learning_rate': 0.0009871850323926177, 'epoch': 1.65}
{'loss': 2.883, 'learning_rate': 0.0009870866934849247, 'epoch': 1.65}
{'loss': 2.3922, 'learning_rate': 0.0009869879836395259, 'epoch': 1.66}
{'loss': 2.7484, 'learning_rate': 0.0009868889029315928, 'epoch': 1.66}
{'loss': 2.9104, 'learning_rate': 0.0009867894514365802, 'epoch': 1.66}
{'loss': 2.8977, 'learning_rate': 0.0009866896292302244, 'epoch': 1.66}
{'loss': 2.78, 'learning_rate': 0.0009865894363885442, 'epoch': 1.67}
{'loss': 2.8422, 'learning_rate': 0.0009864888729878409, 'epoch': 1.67}
{'loss': 2.7838, 'learning_rate': 0.0009863879391046983, 'epoch': 1.67}
{'loss': 2.8488, 'learning_rate': 0.0009862866348159815, 'epoch': 1.67}
{'loss': 2.8349, 'learning_rate': 0.0009861849601988384, 'epoch': 1.68}
{'loss': 2.6851, 'learning_rate': 0.0009860829153306983, 'epoch': 1.68}
{'loss': 2.3705, 'learning_rate': 0.0009859805002892731, 'epoch': 1.68}
{'loss': 2.39, 'learning_rate': 0.0009858777151525563, 'epoch': 1.68}
{'loss': 2.354, 'learning_rate': 0.000985774559998823, 'epoch': 1.69}
{'loss': 2.7528, 'learning_rate': 0.0009856710349066308, 'epoch': 1.69}
{'loss': 2.9064, 'learning_rate': 0.000985567139954818, 'epoch': 1.69}
{'loss': 2.5564, 'learning_rate': 0.0009854628752225055, 'epoch': 1.69}
{'loss': 2.5676, 'learning_rate': 0.0009853582407890955, 'epoch': 1.69}
{'loss': 2.8609, 'learning_rate': 0.0009852532367342712, 'epoch': 1.7}
{'loss': 2.6099, 'learning_rate': 0.0009851478631379982, 'epoch': 1.7}
{'loss': 2.7123, 'learning_rate': 0.000985042120080523, 'epoch': 1.7}
{'loss': 2.8802, 'learning_rate': 0.0009849360076423736, 'epoch': 1.71}
{'loss': 2.3728, 'learning_rate': 0.0009848295259043587, 'epoch': 1.71}
{'loss': 2.7638, 'learning_rate': 0.0009847226749475696, 'epoch': 1.71}
{'loss': 2.8136, 'learning_rate': 0.0009846154548533773, 'epoch': 1.71}
{'loss': 2.6361, 'learning_rate': 0.0009845078657034349, 'epoch': 1.71}
{'loss': 2.4393, 'learning_rate': 0.0009843999075796759, 'epoch': 1.72}
{'loss': 2.7446, 'learning_rate': 0.0009842915805643156, 'epoch': 1.72}
{'loss': 2.6044, 'learning_rate': 0.0009841828847398492, 'epoch': 1.72}
{'loss': 2.3701, 'learning_rate': 0.0009840738201890538, 'epoch': 1.73}
{'loss': 2.3856, 'learning_rate': 0.0009839643869949866, 'epoch': 1.73}
{'loss': 2.6375, 'learning_rate': 0.0009838545852409856, 'epoch': 1.73}
{'loss': 2.5595, 'learning_rate': 0.0009837444150106699, 'epoch': 1.73}
{'loss': 2.5951, 'learning_rate': 0.0009836338763879384, 'epoch': 1.73}
{'loss': 2.8376, 'learning_rate': 0.0009835229694569716, 'epoch': 1.74}
{'loss': 2.8346, 'learning_rate': 0.0009834116943022299, 'epoch': 1.74}
{'loss': 2.4398, 'learning_rate': 0.0009833000510084536, 'epoch': 1.74}
{'loss': 2.2286, 'learning_rate': 0.0009831880396606648, 'epoch': 1.75}
{'loss': 2.3164, 'learning_rate': 0.0009830756603441643, 'epoch': 1.75}
{'loss': 2.7168, 'learning_rate': 0.0009829629131445341, 'epoch': 1.75}
{'loss': 2.8664, 'learning_rate': 0.0009828497981476364, 'epoch': 1.75}
{'loss': 2.2896, 'learning_rate': 0.0009827363154396125, 'epoch': 1.75}
{'loss': 2.3912, 'learning_rate': 0.0009826224651068851, 'epoch': 1.76}
{'loss': 2.5014, 'learning_rate': 0.0009825082472361558, 'epoch': 1.76}
{'loss': 2.3407, 'learning_rate': 0.0009823936619144066, 'epoch': 1.76}
{'loss': 2.609, 'learning_rate': 0.000982278709228899, 'epoch': 1.77}
{'loss': 2.6285, 'learning_rate': 0.0009821633892671748, 'epoch': 1.77}
{'loss': 2.6324, 'learning_rate': 0.000982047702117055, 'epoch': 1.77}
{'loss': 2.7396, 'learning_rate': 0.0009819316478666404, 'epoch': 1.77}
{'loss': 2.2202, 'learning_rate': 0.0009818152266043115, 'epoch': 1.77}
{'loss': 3.0296, 'learning_rate': 0.000981698438418728, 'epoch': 1.78}
{'loss': 2.6239, 'learning_rate': 0.0009815812833988292, 'epoch': 1.78}
{'loss': 2.7763, 'learning_rate': 0.0009814637616338336, 'epoch': 1.78}
{'loss': 2.5691, 'learning_rate': 0.0009813458732132394, 'epoch': 1.79}
{'loss': 2.5214, 'learning_rate': 0.0009812276182268236, 'epoch': 1.79}
{'loss': 2.2016, 'learning_rate': 0.0009811089967646427, 'epoch': 1.79}
{'loss': 2.8346, 'learning_rate': 0.0009809900089170318, 'epoch': 1.79}
{'loss': 3.0331, 'learning_rate': 0.0009808706547746056, 'epoch': 1.79}
{'loss': 2.8984, 'learning_rate': 0.0009807509344282575, 'epoch': 1.8}
{'loss': 2.4365, 'learning_rate': 0.0009806308479691594, 'epoch': 1.8}
{'loss': 2.7949, 'learning_rate': 0.0009805103954887626, 'epoch': 1.8}
{'loss': 2.7069, 'learning_rate': 0.0009803895770787972, 'epoch': 1.81}
{'loss': 2.5875, 'learning_rate': 0.000980268392831271, 'epoch': 1.81}
{'loss': 2.3632, 'learning_rate': 0.0009801468428384716, 'epoch': 1.81}
{'loss': 2.6979, 'learning_rate': 0.0009800249271929645, 'epoch': 1.81}
{'loss': 2.3353, 'learning_rate': 0.0009799026459875934, 'epoch': 1.81}
{'loss': 2.5391, 'learning_rate': 0.0009797799993154813, 'epoch': 1.82}
{'loss': 2.3949, 'learning_rate': 0.0009796569872700287, 'epoch': 1.82}
{'loss': 2.6029, 'learning_rate': 0.0009795336099449148, 'epoch': 1.82}
{'loss': 2.5577, 'learning_rate': 0.0009794098674340967, 'epoch': 1.82}
{'loss': 2.5366, 'learning_rate': 0.0009792857598318095, 'epoch': 1.83}
{'loss': 2.715, 'learning_rate': 0.0009791612872325666, 'epoch': 1.83}
{'loss': 2.7095, 'learning_rate': 0.0009790364497311596, 'epoch': 1.83}
{'loss': 2.5359, 'learning_rate': 0.0009789112474226575, 'epoch': 1.83}
{'loss': 2.6953, 'learning_rate': 0.0009787856804024072, 'epoch': 1.84}
{'loss': 2.8823, 'learning_rate': 0.0009786597487660335, 'epoch': 1.84}
{'loss': 2.596, 'learning_rate': 0.0009785334526094393, 'epoch': 1.84}
{'loss': 2.2322, 'learning_rate': 0.0009784067920288037, 'epoch': 1.84}
{'loss': 2.6912, 'learning_rate': 0.000978279767120585, 'epoch': 1.85}
{'loss': 2.7435, 'learning_rate': 0.0009781523779815178, 'epoch': 1.85}
{'loss': 2.7961, 'learning_rate': 0.0009780246247086146, 'epoch': 1.85}
{'loss': 2.5735, 'learning_rate': 0.000977896507399165, 'epoch': 1.85}
{'loss': 2.3512, 'learning_rate': 0.000977768026150736, 'epoch': 1.86}
{'loss': 2.737, 'learning_rate': 0.0009776391810611717, 'epoch': 1.86}
{'loss': 2.4893, 'learning_rate': 0.0009775099722285933, 'epoch': 1.86}
{'loss': 2.4904, 'learning_rate': 0.0009773803997513988, 'epoch': 1.86}
{'loss': 2.9493, 'learning_rate': 0.000977250463728263, 'epoch': 1.87}
{'loss': 2.7749, 'learning_rate': 0.0009771201642581385, 'epoch': 1.87}
{'loss': 2.4745, 'learning_rate': 0.0009769895014402534, 'epoch': 1.87}
{'loss': 2.5089, 'learning_rate': 0.0009768584753741135, 'epoch': 1.88}
{'loss': 2.6098, 'learning_rate': 0.0009767270861595005, 'epoch': 1.88}
{'loss': 2.572, 'learning_rate': 0.0009765953338964734, 'epoch': 1.88}
{'loss': 2.9634, 'learning_rate': 0.0009764632186853672, 'epoch': 1.88}
{'loss': 2.8207, 'learning_rate': 0.0009763307406267932, 'epoch': 1.89}
{'loss': 2.4638, 'learning_rate': 0.0009761978998216392, 'epoch': 1.89}
{'loss': 2.3339, 'learning_rate': 0.0009760646963710693, 'epoch': 1.89}
{'loss': 2.6134, 'learning_rate': 0.0009759311303765239, 'epoch': 1.89}
{'loss': 2.739, 'learning_rate': 0.0009757972019397191, 'epoch': 1.9}
{'loss': 2.4484, 'learning_rate': 0.0009756629111626474, 'epoch': 1.9}
{'loss': 2.8254, 'learning_rate': 0.0009755282581475768, 'epoch': 1.9}
{'loss': 2.6034, 'learning_rate': 0.0009753932429970517, 'epoch': 1.9}
{'loss': 2.651, 'learning_rate': 0.0009752578658138918, 'epoch': 1.91}
{'loss': 2.3828, 'learning_rate': 0.000975122126701193, 'epoch': 1.91}
{'loss': 2.367, 'learning_rate': 0.0009749860257623263, 'epoch': 1.91}
{'loss': 2.6956, 'learning_rate': 0.0009748495631009386, 'epoch': 1.91}
{'loss': 2.6978, 'learning_rate': 0.000974712738820952, 'epoch': 1.92}
{'loss': 2.618, 'learning_rate': 0.0009745755530265642, 'epoch': 1.92}
{'loss': 2.2256, 'learning_rate': 0.0009744380058222483, 'epoch': 1.92}
{'loss': 2.4747, 'learning_rate': 0.0009743000973127522, 'epoch': 1.92}
{'loss': 2.6076, 'learning_rate': 0.0009741618276030996, 'epoch': 1.93}
{'loss': 2.8472, 'learning_rate': 0.0009740231967985888, 'epoch': 1.93}
{'loss': 2.4107, 'learning_rate': 0.0009738842050047929, 'epoch': 1.93}
{'loss': 2.8574, 'learning_rate': 0.0009737448523275603, 'epoch': 1.93}
{'loss': 2.639, 'learning_rate': 0.0009736051388730145, 'epoch': 1.94}
{'loss': 2.5137, 'learning_rate': 0.0009734650647475529, 'epoch': 1.94}
{'loss': 3.0098, 'learning_rate': 0.0009733246300578483, 'epoch': 1.94}
{'loss': 2.7192, 'learning_rate': 0.0009731838349108476, 'epoch': 1.94}
{'loss': 2.576, 'learning_rate': 0.0009730426794137727, 'epoch': 1.94}
{'loss': 2.3999, 'learning_rate': 0.0009729011636741195, 'epoch': 1.95}
{'loss': 2.9384, 'learning_rate': 0.0009727592877996585, 'epoch': 1.95}
{'loss': 2.5907, 'learning_rate': 0.0009726170518984341, 'epoch': 1.95}
{'loss': 2.6328, 'learning_rate': 0.0009724744560787655, 'epoch': 1.96}
{'loss': 2.7356, 'learning_rate': 0.0009723315004492452, 'epoch': 1.96}
{'loss': 2.3244, 'learning_rate': 0.0009721881851187406, 'epoch': 1.96}
{'loss': 2.5973, 'learning_rate': 0.0009720445101963922, 'epoch': 1.96}
{'loss': 2.8208, 'learning_rate': 0.0009719004757916148, 'epoch': 1.96}
{'loss': 2.6772, 'learning_rate': 0.0009717560820140968, 'epoch': 1.97}
{'loss': 2.5675, 'learning_rate': 0.0009716113289738004, 'epoch': 1.97}
{'loss': 3.0115, 'learning_rate': 0.0009714662167809616, 'epoch': 1.97}
{'loss': 2.826, 'learning_rate': 0.0009713207455460893, 'epoch': 1.98}
{'loss': 2.6857, 'learning_rate': 0.0009711749153799662, 'epoch': 1.98}
{'loss': 2.45, 'learning_rate': 0.0009710287263936483, 'epoch': 1.98}
{'loss': 2.83, 'learning_rate': 0.0009708821786984652, 'epoch': 1.98}
{'loss': 2.5791, 'learning_rate': 0.000970735272406019, 'epoch': 1.98}
{'loss': 2.4819, 'learning_rate': 0.0009705880076281853, 'epoch': 1.99}
{'loss': 2.5029, 'learning_rate': 0.0009704403844771128, 'epoch': 1.99}
{'loss': 2.4533, 'learning_rate': 0.0009702924030652227, 'epoch': 1.99}
{'loss': 2.5209, 'learning_rate': 0.0009701440635052095, 'epoch': 2.0}
{'loss': 2.4884, 'learning_rate': 0.00096999536591004, 'epoch': 2.0}
{'loss': 2.8298, 'learning_rate': 0.0009698463103929542, 'epoch': 2.0}
{'loss': 2.3813, 'learning_rate': 0.0009696968970674641, 'epoch': 2.0}
{'loss': 2.1696, 'learning_rate': 0.0009695471260473545, 'epoch': 2.0}
{'loss': 2.0499, 'learning_rate': 0.0009693969974466827, 'epoch': 2.01}
{'loss': 2.2988, 'learning_rate': 0.0009692465113797779, 'epoch': 2.01}
{'loss': 2.6441, 'learning_rate': 0.0009690956679612422, 'epoch': 2.01}
{'loss': 2.0618, 'learning_rate': 0.0009689444673059488, 'epoch': 2.02}
{'loss': 1.9174, 'learning_rate': 0.0009687929095290442, 'epoch': 2.02}
{'loss': 2.6723, 'learning_rate': 0.0009686409947459458, 'epoch': 2.02}
{'loss': 1.7918, 'learning_rate': 0.0009684887230723435, 'epoch': 2.02}
{'loss': 2.5979, 'learning_rate': 0.0009683360946241988, 'epoch': 2.02}
{'loss': 2.3577, 'learning_rate': 0.0009681831095177449, 'epoch': 2.03}
{'loss': 2.2282, 'learning_rate': 0.0009680297678694867, 'epoch': 2.03}
{'loss': 2.471, 'learning_rate': 0.0009678760697962004, 'epoch': 2.03}
{'loss': 2.4966, 'learning_rate': 0.0009677220154149337, 'epoch': 2.04}
{'loss': 2.4304, 'learning_rate': 0.0009675676048430059, 'epoch': 2.04}
{'loss': 2.6674, 'learning_rate': 0.0009674128381980072, 'epoch': 2.04}
{'loss': 2.1275, 'learning_rate': 0.0009672577155977993, 'epoch': 2.04}
{'loss': 2.2433, 'learning_rate': 0.0009671022371605147, 'epoch': 2.04}
{'loss': 2.4045, 'learning_rate': 0.0009669464030045571, 'epoch': 2.05}
{'loss': 2.307, 'learning_rate': 0.0009667902132486009, 'epoch': 2.05}
{'loss': 2.3105, 'learning_rate': 0.0009666336680115914, 'epoch': 2.05}
{'loss': 2.3104, 'learning_rate': 0.0009664767674127446, 'epoch': 2.06}
{'loss': 2.2916, 'learning_rate': 0.000966319511571547, 'epoch': 2.06}
{'loss': 2.4624, 'learning_rate': 0.0009661619006077561, 'epoch': 2.06}
{'loss': 2.4579, 'learning_rate': 0.0009660039346413993, 'epoch': 2.06}
{'loss': 2.2942, 'learning_rate': 0.0009658456137927744, 'epoch': 2.06}
{'loss': 2.2358, 'learning_rate': 0.00096568693818245, 'epoch': 2.07}
{'loss': 2.4737, 'learning_rate': 0.0009655279079312642, 'epoch': 2.07}
{'loss': 2.2103, 'learning_rate': 0.0009653685231603255, 'epoch': 2.07}
{'loss': 1.9776, 'learning_rate': 0.0009652087839910124, 'epoch': 2.08}
{'loss': 2.4245, 'learning_rate': 0.000965048690544973, 'epoch': 2.08}
{'loss': 2.1805, 'learning_rate': 0.0009648882429441257, 'epoch': 2.08}
{'loss': 2.0526, 'learning_rate': 0.0009647274413106582, 'epoch': 2.08}
{'loss': 2.2519, 'learning_rate': 0.0009645662857670281, 'epoch': 2.08}
{'loss': 1.8903, 'learning_rate': 0.0009644047764359622, 'epoch': 2.09}
{'loss': 2.1125, 'learning_rate': 0.0009642429134404568, 'epoch': 2.09}
{'loss': 2.1327, 'learning_rate': 0.0009640806969037777, 'epoch': 2.09}
{'loss': 2.2035, 'learning_rate': 0.00096391812694946, 'epoch': 2.1}
{'loss': 2.4925, 'learning_rate': 0.0009637552037013075, 'epoch': 2.1}
{'loss': 2.457, 'learning_rate': 0.0009635919272833937, 'epoch': 2.1}
{'loss': 2.364, 'learning_rate': 0.0009634282978200604, 'epoch': 2.1}
{'loss': 1.3896, 'learning_rate': 0.0009632643154359186, 'epoch': 2.1}
{'loss': 2.1507, 'learning_rate': 0.0009630999802558482, 'epoch': 2.11}
{'loss': 1.9565, 'learning_rate': 0.0009629352924049974, 'epoch': 2.11}
{'loss': 2.5047, 'learning_rate': 0.0009627702520087833, 'epoch': 2.11}
{'loss': 2.6106, 'learning_rate': 0.0009626048591928911, 'epoch': 2.12}
{'loss': 2.2483, 'learning_rate': 0.0009624391140832749, 'epoch': 2.12}
{'loss': 2.5474, 'learning_rate': 0.0009622730168061567, 'epoch': 2.12}
{'loss': 2.0591, 'learning_rate': 0.0009621065674880267, 'epoch': 2.12}
{'loss': 2.4304, 'learning_rate': 0.0009619397662556434, 'epoch': 2.12}
{'loss': 2.3569, 'learning_rate': 0.0009617726132360333, 'epoch': 2.13}
{'loss': 2.4018, 'learning_rate': 0.0009616051085564905, 'epoch': 2.13}
{'loss': 2.4754, 'learning_rate': 0.0009614372523445771, 'epoch': 2.13}
{'loss': 2.1874, 'learning_rate': 0.0009612690447281232, 'epoch': 2.13}
{'loss': 1.8527, 'learning_rate': 0.0009611004858352259, 'epoch': 2.14}
{'loss': 2.0647, 'learning_rate': 0.0009609315757942503, 'epoch': 2.14}
{'loss': 2.5271, 'learning_rate': 0.0009607623147338287, 'epoch': 2.14}
{'loss': 2.3554, 'learning_rate': 0.0009605927027828607, 'epoch': 2.15}
{'loss': 2.777, 'learning_rate': 0.0009604227400705132, 'epoch': 2.15}
{'loss': 2.4909, 'learning_rate': 0.0009602524267262203, 'epoch': 2.15}
{'loss': 2.0105, 'learning_rate': 0.0009600817628796827, 'epoch': 2.15}
{'loss': 2.1845, 'learning_rate': 0.0009599107486608689, 'epoch': 2.15}
{'loss': 2.3735, 'learning_rate': 0.0009597393842000132, 'epoch': 2.16}
{'loss': 2.4325, 'learning_rate': 0.0009595676696276172, 'epoch': 2.16}
{'loss': 2.6662, 'learning_rate': 0.0009593956050744492, 'epoch': 2.16}
{'loss': 2.3508, 'learning_rate': 0.0009592231906715436, 'epoch': 2.17}
{'loss': 2.1299, 'learning_rate': 0.0009590504265502015, 'epoch': 2.17}
{'loss': 2.6303, 'learning_rate': 0.0009588773128419905, 'epoch': 2.17}
{'loss': 2.3585, 'learning_rate': 0.0009587038496787441, 'epoch': 2.17}
{'loss': 2.3127, 'learning_rate': 0.000958530037192562, 'epoch': 2.17}
{'loss': 2.3377, 'learning_rate': 0.0009583558755158101, 'epoch': 2.18}
{'loss': 2.6896, 'learning_rate': 0.0009581813647811198, 'epoch': 2.18}
{'loss': 2.651, 'learning_rate': 0.0009580065051213889, 'epoch': 2.18}
{'loss': 2.0358, 'learning_rate': 0.0009578312966697807, 'epoch': 2.19}
{'loss': 2.5561, 'learning_rate': 0.0009576557395597236, 'epoch': 2.19}
{'loss': 2.1063, 'learning_rate': 0.0009574798339249124, 'epoch': 2.19}
{'loss': 2.4522, 'learning_rate': 0.0009573035798993068, 'epoch': 2.19}
{'loss': 2.2625, 'learning_rate': 0.0009571269776171319, 'epoch': 2.19}
{'loss': 2.5487, 'learning_rate': 0.0009569500272128779, 'epoch': 2.2}
{'loss': 2.5381, 'learning_rate': 0.0009567727288213005, 'epoch': 2.2}
{'loss': 2.3457, 'learning_rate': 0.0009565950825774199, 'epoch': 2.2}
{'loss': 2.19, 'learning_rate': 0.0009564170886165214, 'epoch': 2.21}
{'loss': 1.9919, 'learning_rate': 0.0009562387470741553, 'epoch': 2.21}
{'loss': 2.9244, 'learning_rate': 0.0009560600580861365, 'epoch': 2.21}
{'loss': 2.6957, 'learning_rate': 0.0009558810217885443, 'epoch': 2.21}
{'loss': 2.7361, 'learning_rate': 0.0009557016383177226, 'epoch': 2.21}
{'loss': 2.453, 'learning_rate': 0.0009555219078102799, 'epoch': 2.22}
{'loss': 2.6952, 'learning_rate': 0.0009553418304030885, 'epoch': 2.22}
{'loss': 2.769, 'learning_rate': 0.0009551614062332857, 'epoch': 2.22}
{'loss': 2.5023, 'learning_rate': 0.0009549806354382716, 'epoch': 2.23}
{'loss': 2.1818, 'learning_rate': 0.0009547995181557117, 'epoch': 2.23}
{'loss': 2.2925, 'learning_rate': 0.0009546180545235343, 'epoch': 2.23}
{'loss': 2.3387, 'learning_rate': 0.0009544362446799319, 'epoch': 2.23}
{'loss': 2.2942, 'learning_rate': 0.000954254088763361, 'epoch': 2.23}
{'loss': 2.2059, 'learning_rate': 0.0009540715869125407, 'epoch': 2.24}
{'loss': 2.0655, 'learning_rate': 0.0009538887392664543, 'epoch': 2.24}
{'loss': 2.1273, 'learning_rate': 0.0009537055459643485, 'epoch': 2.24}
{'loss': 2.3437, 'learning_rate': 0.0009535220071457324, 'epoch': 2.25}
{'loss': 2.3594, 'learning_rate': 0.0009533381229503795, 'epoch': 2.25}
{'loss': 2.596, 'learning_rate': 0.0009531538935183251, 'epoch': 2.25}
{'loss': 2.14, 'learning_rate': 0.000952969318989868, 'epoch': 2.25}
{'loss': 2.439, 'learning_rate': 0.0009527843995055698, 'epoch': 2.25}
{'loss': 2.6293, 'learning_rate': 0.0009525991352062549, 'epoch': 2.26}
{'loss': 2.4855, 'learning_rate': 0.0009524135262330098, 'epoch': 2.26}
{'loss': 2.4833, 'learning_rate': 0.0009522275727271841, 'epoch': 2.26}
{'loss': 2.3386, 'learning_rate': 0.0009520412748303893, 'epoch': 2.27}
{'loss': 2.564, 'learning_rate': 0.0009518546326844992, 'epoch': 2.27}
{'loss': 2.5008, 'learning_rate': 0.0009516676464316505, 'epoch': 2.27}
{'loss': 2.5473, 'learning_rate': 0.0009514803162142407, 'epoch': 2.27}
{'loss': 2.2288, 'learning_rate': 0.0009512926421749304, 'epoch': 2.27}
{'loss': 2.4453, 'learning_rate': 0.0009511046244566412, 'epoch': 2.28}
{'loss': 2.2943, 'learning_rate': 0.000950916263202557, 'epoch': 2.28}
{'loss': 2.636, 'learning_rate': 0.0009507275585561229, 'epoch': 2.28}
{'loss': 2.2633, 'learning_rate': 0.0009505385106610458, 'epoch': 2.29}
{'loss': 2.2329, 'learning_rate': 0.0009503491196612939, 'epoch': 2.29}
{'loss': 2.5365, 'learning_rate': 0.0009501593857010968, 'epoch': 2.29}
{'loss': 2.1326, 'learning_rate': 0.0009499693089249449, 'epoch': 2.29}
{'loss': 2.3633, 'learning_rate': 0.0009497788894775902, 'epoch': 2.29}
{'loss': 2.263, 'learning_rate': 0.0009495881275040452, 'epoch': 2.3}
{'loss': 2.317, 'learning_rate': 0.0009493970231495835, 'epoch': 2.3}
{'loss': 2.6378, 'learning_rate': 0.0009492055765597394, 'epoch': 2.3}
{'loss': 2.5029, 'learning_rate': 0.0009490137878803078, 'epoch': 2.31}
{'loss': 2.2277, 'learning_rate': 0.0009488216572573441, 'epoch': 2.31}
{'loss': 2.4266, 'learning_rate': 0.0009486291848371642, 'epoch': 2.31}
{'loss': 2.33, 'learning_rate': 0.0009484363707663442, 'epoch': 2.31}
{'loss': 2.3027, 'learning_rate': 0.0009482432151917203, 'epoch': 2.31}
{'loss': 2.4281, 'learning_rate': 0.0009480497182603888, 'epoch': 2.32}
{'loss': 2.6413, 'learning_rate': 0.0009478558801197064, 'epoch': 2.32}
{'loss': 2.5998, 'learning_rate': 0.000947661700917289, 'epoch': 2.32}
{'loss': 2.6749, 'learning_rate': 0.0009474671808010125, 'epoch': 2.33}
{'loss': 2.298, 'learning_rate': 0.0009472723199190125, 'epoch': 2.33}
{'loss': 2.3281, 'learning_rate': 0.000947077118419684, 'epoch': 2.33}
{'loss': 2.4614, 'learning_rate': 0.0009468815764516816, 'epoch': 2.33}
{'loss': 2.4286, 'learning_rate': 0.0009466856941639188, 'epoch': 2.33}
{'loss': 2.6716, 'learning_rate': 0.0009464894717055685, 'epoch': 2.34}
{'loss': 2.4094, 'learning_rate': 0.0009462929092260628, 'epoch': 2.34}
{'loss': 1.9569, 'learning_rate': 0.0009460960068750923, 'epoch': 2.34}
{'loss': 2.4701, 'learning_rate': 0.000945898764802607, 'epoch': 2.34}
{'loss': 2.5506, 'learning_rate': 0.0009457011831588152, 'epoch': 2.35}
{'loss': 2.3713, 'learning_rate': 0.0009455032620941839, 'epoch': 2.35}
{'loss': 2.3356, 'learning_rate': 0.0009453050017594386, 'epoch': 2.35}
{'loss': 2.0581, 'learning_rate': 0.0009451064023055633, 'epoch': 2.35}
{'loss': 2.3133, 'learning_rate': 0.0009449074638837999, 'epoch': 2.36}
{'loss': 2.43, 'learning_rate': 0.0009447081866456489, 'epoch': 2.36}
{'loss': 2.6996, 'learning_rate': 0.0009445085707428683, 'epoch': 2.36}
{'loss': 2.4131, 'learning_rate': 0.0009443086163274744, 'epoch': 2.37}
{'loss': 2.5544, 'learning_rate': 0.0009441083235517413, 'epoch': 2.37}
{'loss': 2.0842, 'learning_rate': 0.0009439076925682006, 'epoch': 2.37}
{'loss': 2.4469, 'learning_rate': 0.0009437067235296417, 'epoch': 2.37}
{'loss': 2.366, 'learning_rate': 0.0009435054165891108, 'epoch': 2.38}
{'loss': 2.3749, 'learning_rate': 0.0009433037718999124, 'epoch': 2.38}
{'loss': 2.3594, 'learning_rate': 0.0009431017896156073, 'epoch': 2.38}
{'loss': 2.5565, 'learning_rate': 0.0009428994698900141, 'epoch': 2.38}
{'loss': 2.371, 'learning_rate': 0.000942696812877208, 'epoch': 2.38}
{'loss': 2.4186, 'learning_rate': 0.0009424938187315209, 'epoch': 2.39}
{'loss': 2.5047, 'learning_rate': 0.0009422904876075419, 'epoch': 2.39}
{'loss': 2.2127, 'learning_rate': 0.0009420868196601167, 'epoch': 2.39}
{'loss': 2.1346, 'learning_rate': 0.0009418828150443468, 'epoch': 2.4}
{'loss': 2.7307, 'learning_rate': 0.0009416784739155908, 'epoch': 2.4}
{'loss': 2.1533, 'learning_rate': 0.0009414737964294635, 'epoch': 2.4}
{'loss': 2.0999, 'learning_rate': 0.0009412687827418356, 'epoch': 2.4}
{'loss': 2.2822, 'learning_rate': 0.0009410634330088339, 'epoch': 2.41}
{'loss': 2.5332, 'learning_rate': 0.0009408577473868412, 'epoch': 2.41}
{'loss': 2.2799, 'learning_rate': 0.0009406517260324961, 'epoch': 2.41}
{'loss': 1.8387, 'learning_rate': 0.0009404453691026929, 'epoch': 2.41}
{'loss': 2.0963, 'learning_rate': 0.000940238676754581, 'epoch': 2.42}
{'loss': 2.295, 'learning_rate': 0.000940031649145566, 'epoch': 2.42}
{'loss': 2.156, 'learning_rate': 0.0009398242864333083, 'epoch': 2.42}
{'loss': 2.4458, 'learning_rate': 0.0009396165887757235, 'epoch': 2.42}
{'loss': 2.5359, 'learning_rate': 0.0009394085563309827, 'epoch': 2.42}
{'loss': 2.4681, 'learning_rate': 0.0009392001892575115, 'epoch': 2.43}
{'loss': 2.1354, 'learning_rate': 0.0009389914877139902, 'epoch': 2.43}
{'loss': 2.4393, 'learning_rate': 0.0009387824518593546, 'epoch': 2.43}
{'loss': 2.4437, 'learning_rate': 0.0009385730818527945, 'epoch': 2.44}
{'loss': 2.3766, 'learning_rate': 0.0009383633778537539, 'epoch': 2.44}
{'loss': 2.8993, 'learning_rate': 0.0009381533400219318, 'epoch': 2.44}
{'loss': 2.9914, 'learning_rate': 0.0009379429685172811, 'epoch': 2.44}
{'loss': 2.379, 'learning_rate': 0.000937732263500009, 'epoch': 2.44}
{'loss': 2.3623, 'learning_rate': 0.0009375212251305763, 'epoch': 2.45}
{'loss': 2.3665, 'learning_rate': 0.0009373098535696979, 'epoch': 2.45}
{'loss': 2.4787, 'learning_rate': 0.0009370981489783426, 'epoch': 2.45}
{'loss': 2.3924, 'learning_rate': 0.0009368861115177327, 'epoch': 2.46}
{'loss': 2.3655, 'learning_rate': 0.0009366737413493437, 'epoch': 2.46}
{'loss': 2.6066, 'learning_rate': 0.0009364610386349048, 'epoch': 2.46}
{'loss': 2.4458, 'learning_rate': 0.0009362480035363986, 'epoch': 2.46}
{'loss': 2.3991, 'learning_rate': 0.0009360346362160603, 'epoch': 2.46}
{'loss': 2.2827, 'learning_rate': 0.0009358209368363786, 'epoch': 2.47}
{'loss': 2.6657, 'learning_rate': 0.0009356069055600948, 'epoch': 2.47}
{'loss': 2.1416, 'learning_rate': 0.0009353925425502028, 'epoch': 2.47}
{'loss': 1.8731, 'learning_rate': 0.0009351778479699498, 'epoch': 2.48}
{'loss': 2.5908, 'learning_rate': 0.0009349628219828348, 'epoch': 2.48}
{'loss': 2.4518, 'learning_rate': 0.0009347474647526095, 'epoch': 2.48}
{'loss': 2.0195, 'learning_rate': 0.0009345317764432778, 'epoch': 2.48}
{'loss': 2.4636, 'learning_rate': 0.0009343157572190957, 'epoch': 2.48}
{'loss': 2.3851, 'learning_rate': 0.0009340994072445712, 'epoch': 2.49}
{'loss': 2.2069, 'learning_rate': 0.0009338827266844643, 'epoch': 2.49}
{'loss': 2.4322, 'learning_rate': 0.0009336657157037866, 'epoch': 2.49}
{'loss': 2.2247, 'learning_rate': 0.0009334483744678014, 'epoch': 2.5}
{'loss': 2.5744, 'learning_rate': 0.0009332307031420236, 'epoch': 2.5}
{'loss': 2.3451, 'learning_rate': 0.0009330127018922195, 'epoch': 2.5}
{'loss': 2.4269, 'learning_rate': 0.000932794370884406, 'epoch': 2.5}
{'loss': 2.1341, 'learning_rate': 0.0009325757102848523, 'epoch': 2.5}
{'loss': 2.5123, 'learning_rate': 0.0009323567202600776, 'epoch': 2.51}
{'loss': 2.5029, 'learning_rate': 0.0009321374009768524, 'epoch': 2.51}
{'loss': 2.2603, 'learning_rate': 0.0009319177526021978, 'epoch': 2.51}
{'loss': 1.9839, 'learning_rate': 0.0009316977753033858, 'epoch': 2.52}
{'loss': 2.444, 'learning_rate': 0.0009314774692479387, 'epoch': 2.52}
{'loss': 2.0052, 'learning_rate': 0.0009312568346036287, 'epoch': 2.52}
{'loss': 2.1067, 'learning_rate': 0.0009310358715384793, 'epoch': 2.52}
{'loss': 2.1851, 'learning_rate': 0.0009308145802207629, 'epoch': 2.52}
{'loss': 2.4894, 'learning_rate': 0.0009305929608190029, 'epoch': 2.53}
{'loss': 2.5564, 'learning_rate': 0.0009303710135019718, 'epoch': 2.53}
{'loss': 2.4953, 'learning_rate': 0.0009301487384386925, 'epoch': 2.53}
{'loss': 1.98, 'learning_rate': 0.0009299261357984368, 'epoch': 2.54}
{'loss': 2.7434, 'learning_rate': 0.0009297032057507264, 'epoch': 2.54}
{'loss': 2.441, 'learning_rate': 0.0009294799484653322, 'epoch': 2.54}
{'loss': 2.2308, 'learning_rate': 0.0009292563641122745, 'epoch': 2.54}
{'loss': 2.2696, 'learning_rate': 0.0009290324528618224, 'epoch': 2.54}
{'loss': 2.3658, 'learning_rate': 0.0009288082148844938, 'epoch': 2.55}
{'loss': 2.7797, 'learning_rate': 0.0009285836503510562, 'epoch': 2.55}
{'loss': 2.4194, 'learning_rate': 0.0009283587594325249, 'epoch': 2.55}
{'loss': 2.4953, 'learning_rate': 0.0009281335423001641, 'epoch': 2.56}
{'loss': 2.5286, 'learning_rate': 0.0009279079991254866, 'epoch': 2.56}
{'loss': 2.3163, 'learning_rate': 0.0009276821300802534, 'epoch': 2.56}
{'loss': 2.2351, 'learning_rate': 0.0009274559353364733, 'epoch': 2.56}
{'loss': 2.2932, 'learning_rate': 0.0009272294150664038, 'epoch': 2.56}
{'loss': 1.9796, 'learning_rate': 0.0009270025694425497, 'epoch': 2.57}
{'loss': 2.3759, 'learning_rate': 0.0009267753986376637, 'epoch': 2.57}
{'loss': 2.3347, 'learning_rate': 0.0009265479028247465, 'epoch': 2.57}
{'loss': 2.4843, 'learning_rate': 0.0009263200821770461, 'epoch': 2.58}
{'loss': 2.3695, 'learning_rate': 0.0009260919368680576, 'epoch': 2.58}
{'loss': 2.3491, 'learning_rate': 0.0009258634670715238, 'epoch': 2.58}
{'loss': 2.5133, 'learning_rate': 0.0009256346729614342, 'epoch': 2.58}
{'loss': 2.4376, 'learning_rate': 0.0009254055547120257, 'epoch': 2.58}
{'loss': 2.4412, 'learning_rate': 0.0009251761124977815, 'epoch': 2.59}
{'loss': 2.3428, 'learning_rate': 0.000924946346493432, 'epoch': 2.59}
{'loss': 2.303, 'learning_rate': 0.000924716256873954, 'epoch': 2.59}
{'loss': 2.6938, 'learning_rate': 0.0009244858438145708, 'epoch': 2.59}
{'loss': 2.4034, 'learning_rate': 0.0009242551074907519, 'epoch': 2.6}
{'loss': 2.1489, 'learning_rate': 0.0009240240480782129, 'epoch': 2.6}
{'loss': 2.5665, 'learning_rate': 0.0009237926657529161, 'epoch': 2.6}
{'loss': 2.4337, 'learning_rate': 0.0009235609606910686, 'epoch': 2.6}
{'loss': 2.0759, 'learning_rate': 0.0009233289330691242, 'epoch': 2.61}
{'loss': 2.4597, 'learning_rate': 0.000923096583063782, 'epoch': 2.61}
{'loss': 2.3362, 'learning_rate': 0.0009228639108519867, 'epoch': 2.61}
{'loss': 2.5097, 'learning_rate': 0.0009226309166109281, 'epoch': 2.62}
{'loss': 2.3513, 'learning_rate': 0.0009223976005180417, 'epoch': 2.62}
{'loss': 1.9868, 'learning_rate': 0.0009221639627510075, 'epoch': 2.62}
{'loss': 2.4633, 'learning_rate': 0.0009219300034877513, 'epoch': 2.62}
{'loss': 2.5016, 'learning_rate': 0.0009216957229064429, 'epoch': 2.62}
{'loss': 2.5181, 'learning_rate': 0.0009214611211854973, 'epoch': 2.63}
{'loss': 2.4912, 'learning_rate': 0.0009212261985035739, 'epoch': 2.63}
{'loss': 2.1766, 'learning_rate': 0.0009209909550395763, 'epoch': 2.63}
{'loss': 2.2514, 'learning_rate': 0.0009207553909726531, 'epoch': 2.63}
{'loss': 2.1563, 'learning_rate': 0.0009205195064821963, 'epoch': 2.64}
{'loss': 2.6068, 'learning_rate': 0.0009202833017478421, 'epoch': 2.64}
{'loss': 2.7015, 'learning_rate': 0.0009200467769494709, 'epoch': 2.64}
{'loss': 2.7227, 'learning_rate': 0.0009198099322672066, 'epoch': 2.65}
{'loss': 2.4698, 'learning_rate': 0.0009195727678814167, 'epoch': 2.65}
{'loss': 2.4601, 'learning_rate': 0.0009193352839727121, 'epoch': 2.65}
{'loss': 2.4737, 'learning_rate': 0.0009190974807219472, 'epoch': 2.65}
{'loss': 2.1777, 'learning_rate': 0.0009188593583102193, 'epoch': 2.66}
{'loss': 2.5105, 'learning_rate': 0.0009186209169188695, 'epoch': 2.66}
{'loss': 2.3542, 'learning_rate': 0.0009183821567294809, 'epoch': 2.66}
{'loss': 2.1164, 'learning_rate': 0.0009181430779238798, 'epoch': 2.66}
{'loss': 2.4735, 'learning_rate': 0.0009179036806841352, 'epoch': 2.67}
{'loss': 2.4979, 'learning_rate': 0.0009176639651925585, 'epoch': 2.67}
{'loss': 2.3008, 'learning_rate': 0.0009174239316317032, 'epoch': 2.67}
{'loss': 2.6981, 'learning_rate': 0.0009171835801843658, 'epoch': 2.67}
{'loss': 2.4163, 'learning_rate': 0.0009169429110335841, 'epoch': 2.67}
{'loss': 2.1948, 'learning_rate': 0.0009167019243626382, 'epoch': 2.68}
{'loss': 2.6328, 'learning_rate': 0.0009164606203550497, 'epoch': 2.68}
{'loss': 2.1133, 'learning_rate': 0.0009162189991945824, 'epoch': 2.68}
{'loss': 2.3404, 'learning_rate': 0.0009159770610652413, 'epoch': 2.69}
{'loss': 2.6813, 'learning_rate': 0.0009157348061512727, 'epoch': 2.69}
{'loss': 2.4925, 'learning_rate': 0.0009154922346371641, 'epoch': 2.69}
{'loss': 2.2915, 'learning_rate': 0.0009152493467076446, 'epoch': 2.69}
{'loss': 2.3662, 'learning_rate': 0.0009150061425476837, 'epoch': 2.69}
{'loss': 2.473, 'learning_rate': 0.0009147626223424921, 'epoch': 2.7}
{'loss': 2.3785, 'learning_rate': 0.0009145187862775209, 'epoch': 2.7}
{'loss': 2.2068, 'learning_rate': 0.0009142746345384618, 'epoch': 2.7}
{'loss': 2.7143, 'learning_rate': 0.0009140301673112472, 'epoch': 2.71}
{'loss': 2.7567, 'learning_rate': 0.0009137853847820494, 'epoch': 2.71}
{'loss': 2.4599, 'learning_rate': 0.0009135402871372809, 'epoch': 2.71}
{'loss': 2.5061, 'learning_rate': 0.0009132948745635943, 'epoch': 2.71}
{'loss': 2.177, 'learning_rate': 0.0009130491472478819, 'epoch': 2.71}
{'loss': 2.372, 'learning_rate': 0.0009128031053772758, 'epoch': 2.72}
{'loss': 2.0615, 'learning_rate': 0.0009125567491391475, 'epoch': 2.72}
{'loss': 2.2516, 'learning_rate': 0.0009123100787211081, 'epoch': 2.72}
{'loss': 2.4399, 'learning_rate': 0.0009120630943110077, 'epoch': 2.73}
{'loss': 1.9898, 'learning_rate': 0.0009118157960969359, 'epoch': 2.73}
{'loss': 2.6127, 'learning_rate': 0.000911568184267221, 'epoch': 2.73}
{'loss': 2.4242, 'learning_rate': 0.0009113202590104299, 'epoch': 2.73}
{'loss': 2.5864, 'learning_rate': 0.0009110720205153688, 'epoch': 2.73}
{'loss': 2.0742, 'learning_rate': 0.000910823468971082, 'epoch': 2.74}
{'loss': 2.424, 'learning_rate': 0.000910574604566852, 'epoch': 2.74}
{'loss': 2.1771, 'learning_rate': 0.0009103254274922004, 'epoch': 2.74}
{'loss': 2.2889, 'learning_rate': 0.0009100759379368861, 'epoch': 2.75}
{'loss': 2.4147, 'learning_rate': 0.0009098261360909063, 'epoch': 2.75}
{'loss': 2.133, 'learning_rate': 0.0009095760221444959, 'epoch': 2.75}
{'loss': 2.5221, 'learning_rate': 0.0009093255962881277, 'epoch': 2.75}
{'loss': 2.368, 'learning_rate': 0.0009090748587125117, 'epoch': 2.75}
{'loss': 1.6519, 'learning_rate': 0.0009088238096085957, 'epoch': 2.76}
{'loss': 2.4841, 'learning_rate': 0.0009085724491675642, 'epoch': 2.76}
{'loss': 2.0666, 'learning_rate': 0.0009083207775808396, 'epoch': 2.76}
{'loss': 2.5294, 'learning_rate': 0.0009080687950400802, 'epoch': 2.77}
{'loss': 2.5307, 'learning_rate': 0.0009078165017371818, 'epoch': 2.77}
{'loss': 2.4129, 'learning_rate': 0.0009075638978642771, 'epoch': 2.77}
{'loss': 2.5563, 'learning_rate': 0.0009073109836137347, 'epoch': 2.77}
{'loss': 2.4708, 'learning_rate': 0.0009070577591781596, 'epoch': 2.77}
{'loss': 2.0415, 'learning_rate': 0.0009068042247503936, 'epoch': 2.78}
{'loss': 2.0367, 'learning_rate': 0.0009065503805235138, 'epoch': 2.78}
{'loss': 2.7496, 'learning_rate': 0.0009062962266908339, 'epoch': 2.78}
{'loss': 2.6877, 'learning_rate': 0.0009060417634459032, 'epoch': 2.79}
{'loss': 2.3879, 'learning_rate': 0.0009057869909825061, 'epoch': 2.79}
{'loss': 2.3196, 'learning_rate': 0.0009055319094946634, 'epoch': 2.79}
{'loss': 2.6794, 'learning_rate': 0.0009052765191766304, 'epoch': 2.79}
{'loss': 2.4933, 'learning_rate': 0.000905020820222898, 'epoch': 2.79}
{'loss': 2.4104, 'learning_rate': 0.0009047648128281922, 'epoch': 2.8}
{'loss': 2.6236, 'learning_rate': 0.0009045084971874737, 'epoch': 2.8}
{'loss': 2.5343, 'learning_rate': 0.000904251873495938, 'epoch': 2.8}
{'loss': 2.4194, 'learning_rate': 0.0009039949419490152, 'epoch': 2.81}
{'loss': 2.0541, 'learning_rate': 0.0009037377027423699, 'epoch': 2.81}
{'loss': 2.2969, 'learning_rate': 0.0009034801560719011, 'epoch': 2.81}
{'loss': 1.9565, 'learning_rate': 0.0009032223021337414, 'epoch': 2.81}
{'loss': 2.1059, 'learning_rate': 0.0009029641411242579, 'epoch': 2.81}
{'loss': 2.1951, 'learning_rate': 0.0009027056732400516, 'epoch': 2.82}
{'loss': 2.012, 'learning_rate': 0.000902446898677957, 'epoch': 2.82}
{'loss': 2.222, 'learning_rate': 0.0009021878176350422, 'epoch': 2.82}
{'loss': 2.3778, 'learning_rate': 0.0009019284303086086, 'epoch': 2.83}
{'loss': 2.3201, 'learning_rate': 0.0009016687368961911, 'epoch': 2.83}
{'loss': 2.1804, 'learning_rate': 0.0009014087375955574, 'epoch': 2.83}
{'loss': 1.9738, 'learning_rate': 0.0009011484326047082, 'epoch': 2.83}
{'loss': 2.0074, 'learning_rate': 0.000900887822121877, 'epoch': 2.83}
{'loss': 2.448, 'learning_rate': 0.0009006269063455304, 'epoch': 2.84}
{'loss': 2.0797, 'learning_rate': 0.0009003656854743667, 'epoch': 2.84}
{'loss': 2.3988, 'learning_rate': 0.0009001041597073175, 'epoch': 2.84}
{'loss': 2.2642, 'learning_rate': 0.0008998423292435454, 'epoch': 2.84}
{'loss': 2.2285, 'learning_rate': 0.000899580194282446, 'epoch': 2.85}
{'loss': 2.6258, 'learning_rate': 0.0008993177550236464, 'epoch': 2.85}
{'loss': 2.3769, 'learning_rate': 0.0008990550116670057, 'epoch': 2.85}
{'loss': 2.2551, 'learning_rate': 0.0008987919644126144, 'epoch': 2.85}
{'loss': 2.3659, 'learning_rate': 0.000898528613460794, 'epoch': 2.86}
{'loss': 2.1993, 'learning_rate': 0.0008982649590120981, 'epoch': 2.86}
{'loss': 2.2981, 'learning_rate': 0.000898001001267311, 'epoch': 2.86}
{'loss': 2.3567, 'learning_rate': 0.0008977367404274479, 'epoch': 2.87}
{'loss': 2.3602, 'learning_rate': 0.0008974721766937551, 'epoch': 2.87}
{'loss': 2.5711, 'learning_rate': 0.0008972073102677091, 'epoch': 2.87}
{'loss': 2.4023, 'learning_rate': 0.0008969421413510173, 'epoch': 2.87}
{'loss': 2.5682, 'learning_rate': 0.0008966766701456176, 'epoch': 2.88}
{'loss': 2.3935, 'learning_rate': 0.0008964108968536777, 'epoch': 2.88}
{'loss': 2.1658, 'learning_rate': 0.0008961448216775954, 'epoch': 2.88}
{'loss': 2.3633, 'learning_rate': 0.0008958784448199986, 'epoch': 2.88}
{'loss': 1.8388, 'learning_rate': 0.0008956117664837451, 'epoch': 2.88}
{'loss': 1.7847, 'learning_rate': 0.0008953447868719217, 'epoch': 2.89}
{'loss': 2.6522, 'learning_rate': 0.0008950775061878452, 'epoch': 2.89}
{'loss': 2.2444, 'learning_rate': 0.0008948099246350614, 'epoch': 2.89}
{'loss': 2.1289, 'learning_rate': 0.0008945420424173454, 'epoch': 2.9}
{'loss': 2.5123, 'learning_rate': 0.000894273859738701, 'epoch': 2.9}
{'loss': 2.0483, 'learning_rate': 0.0008940053768033609, 'epoch': 2.9}
{'loss': 1.9021, 'learning_rate': 0.0008937365938157869, 'epoch': 2.9}
{'loss': 2.0066, 'learning_rate': 0.0008934675109806687, 'epoch': 2.91}
{'loss': 2.1917, 'learning_rate': 0.0008931981285029244, 'epoch': 2.91}
{'loss': 2.1808, 'learning_rate': 0.000892928446587701, 'epoch': 2.91}
{'loss': 2.0522, 'learning_rate': 0.0008926584654403724, 'epoch': 2.91}
{'loss': 2.1797, 'learning_rate': 0.0008923881852665414, 'epoch': 2.92}
{'loss': 2.2869, 'learning_rate': 0.0008921176062720381, 'epoch': 2.92}
{'loss': 2.0965, 'learning_rate': 0.0008918467286629199, 'epoch': 2.92}
{'loss': 2.1223, 'learning_rate': 0.0008915755526454721, 'epoch': 2.92}
{'loss': 2.1359, 'learning_rate': 0.0008913040784262069, 'epoch': 2.92}
{'loss': 2.2507, 'learning_rate': 0.000891032306211864, 'epoch': 2.93}
{'loss': 2.1094, 'learning_rate': 0.0008907602362094093, 'epoch': 2.93}
{'loss': 2.3604, 'learning_rate': 0.0008904878686260365, 'epoch': 2.93}
{'loss': 2.4249, 'learning_rate': 0.0008902152036691648, 'epoch': 2.94}
{'loss': 2.4379, 'learning_rate': 0.0008899422415464408, 'epoch': 2.94}
{'loss': 2.2514, 'learning_rate': 0.0008896689824657372, 'epoch': 2.94}
{'loss': 2.2414, 'learning_rate': 0.0008893954266351521, 'epoch': 2.94}
{'loss': 2.3499, 'learning_rate': 0.0008891215742630105, 'epoch': 2.94}
{'loss': 2.1907, 'learning_rate': 0.0008888474255578629, 'epoch': 2.95}
{'loss': 1.9171, 'learning_rate': 0.0008885729807284854, 'epoch': 2.95}
{'loss': 2.4698, 'learning_rate': 0.0008882982399838798, 'epoch': 2.95}
{'loss': 2.4127, 'learning_rate': 0.000888023203533273, 'epoch': 2.96}
{'loss': 2.6332, 'learning_rate': 0.0008877478715861172, 'epoch': 2.96}
{'loss': 2.2795, 'learning_rate': 0.0008874722443520898, 'epoch': 2.96}
{'loss': 2.5124, 'learning_rate': 0.0008871963220410928, 'epoch': 2.96}
{'loss': 2.4634, 'learning_rate': 0.0008869201048632531, 'epoch': 2.96}
{'loss': 2.6201, 'learning_rate': 0.0008866435930289221, 'epoch': 2.97}
{'loss': 2.4334, 'learning_rate': 0.0008863667867486755, 'epoch': 2.97}
{'loss': 2.7707, 'learning_rate': 0.0008860896862333134, 'epoch': 2.97}
{'loss': 2.3789, 'learning_rate': 0.00088581229169386, 'epoch': 2.98}
{'loss': 2.5128, 'learning_rate': 0.0008855346033415632, 'epoch': 2.98}
{'loss': 2.2708, 'learning_rate': 0.0008852566213878947, 'epoch': 2.98}
{'loss': 2.4749, 'learning_rate': 0.0008849783460445498, 'epoch': 2.98}
{'loss': 2.1654, 'learning_rate': 0.0008846997775234475, 'epoch': 2.98}
{'loss': 2.2911, 'learning_rate': 0.0008844209160367298, 'epoch': 2.99}
{'loss': 2.6426, 'learning_rate': 0.0008841417617967617, 'epoch': 2.99}
{'loss': 2.4692, 'learning_rate': 0.0008838623150161314, 'epoch': 2.99}
{'loss': 2.5219, 'learning_rate': 0.0008835825759076499, 'epoch': 3.0}
{'loss': 2.0484, 'learning_rate': 0.0008833025446843503, 'epoch': 3.0}
{'loss': 2.1371, 'learning_rate': 0.000883022221559489, 'epoch': 3.0}
{'loss': 2.7179, 'learning_rate': 0.0008827416067465441, 'epoch': 3.0}
{'loss': 2.0461, 'learning_rate': 0.000882460700459216, 'epoch': 3.0}
{'loss': 2.0967, 'learning_rate': 0.0008821795029114268, 'epoch': 3.01}
{'loss': 2.416, 'learning_rate': 0.0008818980143173212, 'epoch': 3.01}
{'loss': 1.8655, 'learning_rate': 0.0008816162348912644, 'epoch': 3.01}
{'loss': 2.3973, 'learning_rate': 0.0008813341648478441, 'epoch': 3.02}
{'loss': 1.9356, 'learning_rate': 0.0008810518044018689, 'epoch': 3.02}
{'loss': 2.4838, 'learning_rate': 0.0008807691537683684, 'epoch': 3.02}
{'loss': 1.895, 'learning_rate': 0.0008804862131625935, 'epoch': 3.02}
{'loss': 2.4874, 'learning_rate': 0.0008802029828000156, 'epoch': 3.02}
{'loss': 1.9564, 'learning_rate': 0.000879919462896327, 'epoch': 3.03}
{'loss': 2.1103, 'learning_rate': 0.0008796356536674404, 'epoch': 3.03}
{'loss': 2.03, 'learning_rate': 0.0008793515553294891, 'epoch': 3.03}
{'loss': 2.4343, 'learning_rate': 0.0008790671680988262, 'epoch': 3.04}
{'loss': 2.1958, 'learning_rate': 0.0008787824921920249, 'epoch': 3.04}
{'loss': 1.5326, 'learning_rate': 0.0008784975278258782, 'epoch': 3.04}
{'loss': 2.119, 'learning_rate': 0.0008782122752173991, 'epoch': 3.04}
{'loss': 2.2489, 'learning_rate': 0.0008779267345838198, 'epoch': 3.04}
{'loss': 2.0843, 'learning_rate': 0.0008776409061425918, 'epoch': 3.05}
{'loss': 2.1784, 'learning_rate': 0.000877354790111386, 'epoch': 3.05}
{'loss': 2.0439, 'learning_rate': 0.0008770683867080921, 'epoch': 3.05}
{'loss': 2.325, 'learning_rate': 0.000876781696150819, 'epoch': 3.06}
{'loss': 2.2449, 'learning_rate': 0.0008764947186578937, 'epoch': 3.06}
{'loss': 2.0496, 'learning_rate': 0.0008762074544478622, 'epoch': 3.06}
{'loss': 2.2594, 'learning_rate': 0.0008759199037394887, 'epoch': 3.06}
{'loss': 2.0518, 'learning_rate': 0.0008756320667517557, 'epoch': 3.06}
{'loss': 1.8687, 'learning_rate': 0.0008753439437038633, 'epoch': 3.07}
{'loss': 2.2531, 'learning_rate': 0.0008750555348152298, 'epoch': 3.07}
{'loss': 2.2032, 'learning_rate': 0.0008747668403054913, 'epoch': 3.07}
{'loss': 1.9665, 'learning_rate': 0.0008744778603945012, 'epoch': 3.08}
{'loss': 2.0784, 'learning_rate': 0.00087418859530233, 'epoch': 3.08}
{'loss': 2.3491, 'learning_rate': 0.000873899045249266, 'epoch': 3.08}
{'loss': 2.3151, 'learning_rate': 0.000873609210455814, 'epoch': 3.08}
{'loss': 1.9701, 'learning_rate': 0.0008733190911426957, 'epoch': 3.08}
{'loss': 2.1472, 'learning_rate': 0.0008730286875308497, 'epoch': 3.09}
{'loss': 2.0554, 'learning_rate': 0.0008727379998414311, 'epoch': 3.09}
{'loss': 2.4458, 'learning_rate': 0.000872447028295811, 'epoch': 3.09}
{'loss': 1.907, 'learning_rate': 0.000872155773115577, 'epoch': 3.1}
{'loss': 2.1418, 'learning_rate': 0.0008718642345225328, 'epoch': 3.1}
{'loss': 1.9719, 'learning_rate': 0.0008715724127386971, 'epoch': 3.1}
{'loss': 2.4098, 'learning_rate': 0.0008712803079863055, 'epoch': 3.1}
{'loss': 2.0867, 'learning_rate': 0.0008709879204878082, 'epoch': 3.1}
{'loss': 2.1036, 'learning_rate': 0.0008706952504658711, 'epoch': 3.11}
{'loss': 1.8591, 'learning_rate': 0.000870402298143375, 'epoch': 3.11}
{'loss': 1.8174, 'learning_rate': 0.0008701090637434161, 'epoch': 3.11}
{'loss': 2.2967, 'learning_rate': 0.0008698155474893049, 'epoch': 3.12}
{'loss': 1.9086, 'learning_rate': 0.0008695217496045668, 'epoch': 3.12}
{'loss': 2.1475, 'learning_rate': 0.0008692276703129421, 'epoch': 3.12}
{'loss': 2.1696, 'learning_rate': 0.0008689333098383842, 'epoch': 3.12}
{'loss': 2.1123, 'learning_rate': 0.000868638668405062, 'epoch': 3.12}
{'loss': 2.176, 'learning_rate': 0.0008683437462373577, 'epoch': 3.13}
{'loss': 2.1054, 'learning_rate': 0.0008680485435598673, 'epoch': 3.13}
{'loss': 2.0585, 'learning_rate': 0.0008677530605974002, 'epoch': 3.13}
{'loss': 2.1441, 'learning_rate': 0.0008674572975749799, 'epoch': 3.13}
{'loss': 2.2655, 'learning_rate': 0.0008671612547178428, 'epoch': 3.14}
{'loss': 1.9828, 'learning_rate': 0.0008668649322514381, 'epoch': 3.14}
{'loss': 2.0914, 'learning_rate': 0.0008665683304014287, 'epoch': 3.14}
{'loss': 2.0734, 'learning_rate': 0.0008662714493936894, 'epoch': 3.15}
{'loss': 1.9842, 'learning_rate': 0.0008659742894543081, 'epoch': 3.15}
{'loss': 2.0754, 'learning_rate': 0.0008656768508095852, 'epoch': 3.15}
{'loss': 2.1867, 'learning_rate': 0.000865379133686033, 'epoch': 3.15}
{'loss': 2.0355, 'learning_rate': 0.0008650811383103762, 'epoch': 3.15}
{'loss': 2.021, 'learning_rate': 0.000864782864909551, 'epoch': 3.16}
{'loss': 2.2006, 'learning_rate': 0.0008644843137107057, 'epoch': 3.16}
{'loss': 2.292, 'learning_rate': 0.0008641854849412001, 'epoch': 3.16}
{'loss': 2.4542, 'learning_rate': 0.0008638863788286053, 'epoch': 3.17}
{'loss': 2.4692, 'learning_rate': 0.0008635869956007034, 'epoch': 3.17}
{'loss': 2.5084, 'learning_rate': 0.000863287335485488, 'epoch': 3.17}
{'loss': 2.0805, 'learning_rate': 0.0008629873987111632, 'epoch': 3.17}
{'loss': 2.2289, 'learning_rate': 0.0008626871855061438, 'epoch': 3.17}
{'loss': 2.077, 'learning_rate': 0.0008623866960990554, 'epoch': 3.18}
{'loss': 2.1673, 'learning_rate': 0.0008620859307187339, 'epoch': 3.18}
{'loss': 2.2812, 'learning_rate': 0.0008617848895942247, 'epoch': 3.18}
{'loss': 2.1071, 'learning_rate': 0.0008614835729547841, 'epoch': 3.19}
{'loss': 1.8887, 'learning_rate': 0.0008611819810298778, 'epoch': 3.19}
{'loss': 2.1719, 'learning_rate': 0.0008608801140491811, 'epoch': 3.19}
{'loss': 2.2365, 'learning_rate': 0.0008605779722425788, 'epoch': 3.19}
{'loss': 1.9409, 'learning_rate': 0.0008602755558401652, 'epoch': 3.19}
{'loss': 1.986, 'learning_rate': 0.0008599728650722434, 'epoch': 3.2}
{'loss': 2.1714, 'learning_rate': 0.0008596699001693256, 'epoch': 3.2}
{'loss': 2.127, 'learning_rate': 0.0008593666613621327, 'epoch': 3.2}
{'loss': 2.3587, 'learning_rate': 0.0008590631488815944, 'epoch': 3.21}
{'loss': 2.2726, 'learning_rate': 0.0008587593629588486, 'epoch': 3.21}
{'loss': 2.1946, 'learning_rate': 0.0008584553038252414, 'epoch': 3.21}
{'loss': 2.4741, 'learning_rate': 0.0008581509717123273, 'epoch': 3.21}
{'loss': 2.2689, 'learning_rate': 0.0008578463668518679, 'epoch': 3.21}
{'loss': 2.0501, 'learning_rate': 0.0008575414894758337, 'epoch': 3.22}
{'loss': 1.592, 'learning_rate': 0.0008572363398164017, 'epoch': 3.22}
{'loss': 1.5866, 'learning_rate': 0.0008569309181059568, 'epoch': 3.22}
{'loss': 1.6457, 'learning_rate': 0.0008566252245770908, 'epoch': 3.23}
{'loss': 2.1626, 'learning_rate': 0.0008563192594626027, 'epoch': 3.23}
{'loss': 1.8893, 'learning_rate': 0.0008560130229954983, 'epoch': 3.23}
{'loss': 2.0214, 'learning_rate': 0.0008557065154089898, 'epoch': 3.23}
{'loss': 2.2782, 'learning_rate': 0.0008553997369364963, 'epoch': 3.23}
{'loss': 1.8975, 'learning_rate': 0.0008550926878116427, 'epoch': 3.24}
{'loss': 2.3472, 'learning_rate': 0.0008547853682682604, 'epoch': 3.24}
{'loss': 1.9567, 'learning_rate': 0.0008544777785403868, 'epoch': 3.24}
{'loss': 1.6785, 'learning_rate': 0.0008541699188622645, 'epoch': 3.25}
{'loss': 2.1683, 'learning_rate': 0.0008538617894683422, 'epoch': 3.25}
{'loss': 1.8319, 'learning_rate': 0.0008535533905932737, 'epoch': 3.25}
{'loss': 2.158, 'learning_rate': 0.0008532447224719185, 'epoch': 3.25}
{'loss': 2.1932, 'learning_rate': 0.0008529357853393406, 'epoch': 3.25}
{'loss': 2.1037, 'learning_rate': 0.0008526265794308088, 'epoch': 3.26}
{'loss': 2.0556, 'learning_rate': 0.0008523171049817973, 'epoch': 3.26}
{'loss': 2.0777, 'learning_rate': 0.0008520073622279843, 'epoch': 3.26}
{'loss': 2.3202, 'learning_rate': 0.0008516973514052519, 'epoch': 3.27}
{'loss': 2.1937, 'learning_rate': 0.0008513870727496875, 'epoch': 3.27}
{'loss': 2.2343, 'learning_rate': 0.0008510765264975813, 'epoch': 3.27}
{'loss': 2.3036, 'learning_rate': 0.000850765712885428, 'epoch': 3.27}
{'loss': 2.0646, 'learning_rate': 0.0008504546321499254, 'epoch': 3.27}
{'loss': 2.242, 'learning_rate': 0.0008501432845279755, 'epoch': 3.28}
{'loss': 2.589, 'learning_rate': 0.0008498316702566827, 'epoch': 3.28}
{'loss': 2.1701, 'learning_rate': 0.0008495197895733549, 'epoch': 3.28}
{'loss': 2.0581, 'learning_rate': 0.000849207642715503, 'epoch': 3.29}
{'loss': 2.611, 'learning_rate': 0.0008488952299208401, 'epoch': 3.29}
{'loss': 2.4089, 'learning_rate': 0.0008485825514272824, 'epoch': 3.29}
{'loss': 2.1509, 'learning_rate': 0.0008482696074729479, 'epoch': 3.29}
{'loss': 1.9764, 'learning_rate': 0.0008479563982961571, 'epoch': 3.29}
{'loss': 2.0418, 'learning_rate': 0.0008476429241354328, 'epoch': 3.3}
{'loss': 2.0745, 'learning_rate': 0.0008473291852294987, 'epoch': 3.3}
{'loss': 1.8665, 'learning_rate': 0.0008470151818172809, 'epoch': 3.3}
{'loss': 1.9303, 'learning_rate': 0.0008467009141379065, 'epoch': 3.31}
{'loss': 2.2686, 'learning_rate': 0.0008463863824307042, 'epoch': 3.31}
{'loss': 1.7816, 'learning_rate': 0.0008460715869352035, 'epoch': 3.31}
{'loss': 2.0285, 'learning_rate': 0.0008457565278911348, 'epoch': 3.31}
{'loss': 2.3645, 'learning_rate': 0.0008454412055384292, 'epoch': 3.31}
{'loss': 2.2416, 'learning_rate': 0.0008451256201172186, 'epoch': 3.32}
{'loss': 2.4055, 'learning_rate': 0.0008448097718678349, 'epoch': 3.32}
{'loss': 2.0877, 'learning_rate': 0.0008444936610308103, 'epoch': 3.32}
{'loss': 2.4221, 'learning_rate': 0.000844177287846877, 'epoch': 3.33}
{'loss': 2.1344, 'learning_rate': 0.0008438606525569669, 'epoch': 3.33}
{'loss': 2.3259, 'learning_rate': 0.0008435437554022115, 'epoch': 3.33}
{'loss': 1.8396, 'learning_rate': 0.0008432265966239419, 'epoch': 3.33}
{'loss': 2.0769, 'learning_rate': 0.0008429091764636883, 'epoch': 3.33}
{'loss': 1.9294, 'learning_rate': 0.0008425914951631795, 'epoch': 3.34}
{'loss': 2.1851, 'learning_rate': 0.0008422735529643444, 'epoch': 3.34}
{'loss': 2.313, 'learning_rate': 0.0008419553501093092, 'epoch': 3.34}
{'loss': 2.0135, 'learning_rate': 0.0008416368868403996, 'epoch': 3.34}
{'loss': 2.1613, 'learning_rate': 0.000841318163400139, 'epoch': 3.35}
{'loss': 2.2045, 'learning_rate': 0.0008409991800312493, 'epoch': 3.35}
{'loss': 2.0998, 'learning_rate': 0.00084067993697665, 'epoch': 3.35}
{'loss': 2.1746, 'learning_rate': 0.000840360434479459, 'epoch': 3.35}
{'loss': 2.6687, 'learning_rate': 0.0008400406727829909, 'epoch': 3.36}
{'loss': 1.9136, 'learning_rate': 0.0008397206521307583, 'epoch': 3.36}
{'loss': 2.4231, 'learning_rate': 0.0008394003727664709, 'epoch': 3.36}
{'loss': 2.1448, 'learning_rate': 0.0008390798349340354, 'epoch': 3.37}
{'loss': 2.1852, 'learning_rate': 0.0008387590388775552, 'epoch': 3.37}
{'loss': 2.3797, 'learning_rate': 0.0008384379848413304, 'epoch': 3.37}
{'loss': 2.0525, 'learning_rate': 0.0008381166730698577, 'epoch': 3.37}
{'loss': 2.084, 'learning_rate': 0.0008377951038078302, 'epoch': 3.38}
{'loss': 2.1632, 'learning_rate': 0.0008374732773001366, 'epoch': 3.38}
{'loss': 2.4236, 'learning_rate': 0.0008371511937918616, 'epoch': 3.38}
{'loss': 2.4763, 'learning_rate': 0.0008368288535282864, 'epoch': 3.38}
{'loss': 1.9165, 'learning_rate': 0.0008365062567548867, 'epoch': 3.38}
{'loss': 2.2682, 'learning_rate': 0.0008361834037173341, 'epoch': 3.39}
{'loss': 2.4041, 'learning_rate': 0.0008358602946614952, 'epoch': 3.39}
{'loss': 2.2969, 'learning_rate': 0.0008355369298334315, 'epoch': 3.39}
{'loss': 2.2688, 'learning_rate': 0.0008352133094793996, 'epoch': 3.4}
{'loss': 2.2158, 'learning_rate': 0.0008348894338458503, 'epoch': 3.4}
{'loss': 2.0781, 'learning_rate': 0.0008345653031794292, 'epoch': 3.4}
{'loss': 2.2306, 'learning_rate': 0.0008342409177269757, 'epoch': 3.4}
{'loss': 2.356, 'learning_rate': 0.0008339162777355234, 'epoch': 3.41}
{'loss': 2.0161, 'learning_rate': 0.0008335913834522999, 'epoch': 3.41}
{'loss': 1.9127, 'learning_rate': 0.0008332662351247263, 'epoch': 3.41}
{'loss': 2.1353, 'learning_rate': 0.0008329408330004171, 'epoch': 3.41}
{'loss': 1.652, 'learning_rate': 0.0008326151773271804, 'epoch': 3.42}
{'loss': 2.2137, 'learning_rate': 0.0008322892683530169, 'epoch': 3.42}
{'loss': 1.7552, 'learning_rate': 0.0008319631063261208, 'epoch': 3.42}
{'loss': 2.3408, 'learning_rate': 0.0008316366914948784, 'epoch': 3.42}
{'loss': 1.9925, 'learning_rate': 0.0008313100241078688, 'epoch': 3.42}
{'loss': 1.8953, 'learning_rate': 0.0008309831044138635, 'epoch': 3.43}
{'loss': 2.2695, 'learning_rate': 0.0008306559326618259, 'epoch': 3.43}
{'loss': 1.9932, 'learning_rate': 0.0008303285091009119, 'epoch': 3.43}
{'loss': 2.5419, 'learning_rate': 0.0008300008339804685, 'epoch': 3.44}
{'loss': 2.6671, 'learning_rate': 0.0008296729075500344, 'epoch': 3.44}
{'loss': 2.1808, 'learning_rate': 0.0008293447300593402, 'epoch': 3.44}
{'loss': 2.0612, 'learning_rate': 0.0008290163017583073, 'epoch': 3.44}
{'loss': 2.5919, 'learning_rate': 0.0008286876228970479, 'epoch': 3.44}
{'loss': 2.4043, 'learning_rate': 0.0008283586937258653, 'epoch': 3.45}
{'loss': 2.1475, 'learning_rate': 0.0008280295144952537, 'epoch': 3.45}
{'loss': 2.059, 'learning_rate': 0.0008277000854558969, 'epoch': 3.45}
{'loss': 2.346, 'learning_rate': 0.0008273704068586698, 'epoch': 3.46}
{'loss': 2.2701, 'learning_rate': 0.000827040478954637, 'epoch': 3.46}
{'loss': 2.1316, 'learning_rate': 0.0008267103019950528, 'epoch': 3.46}
{'loss': 2.2101, 'learning_rate': 0.0008263798762313613, 'epoch': 3.46}
{'loss': 2.1203, 'learning_rate': 0.0008260492019151962, 'epoch': 3.46}
{'loss': 2.206, 'learning_rate': 0.0008257182792983801, 'epoch': 3.47}
{'loss': 1.9361, 'learning_rate': 0.0008253871086329255, 'epoch': 3.47}
{'loss': 2.0514, 'learning_rate': 0.0008250556901710328, 'epoch': 3.47}
{'loss': 2.2743, 'learning_rate': 0.0008247240241650918, 'epoch': 3.48}
{'loss': 2.0521, 'learning_rate': 0.0008243921108676807, 'epoch': 3.48}
{'loss': 1.9869, 'learning_rate': 0.0008240599505315655, 'epoch': 3.48}
{'loss': 2.1671, 'learning_rate': 0.0008237275434097011, 'epoch': 3.48}
{'loss': 2.0742, 'learning_rate': 0.00082339488975523, 'epoch': 3.48}
{'loss': 2.2091, 'learning_rate': 0.000823061989821482, 'epoch': 3.49}
{'loss': 1.9072, 'learning_rate': 0.0008227288438619753, 'epoch': 3.49}
{'loss': 1.9572, 'learning_rate': 0.000822395452130415, 'epoch': 3.49}
{'loss': 2.1761, 'learning_rate': 0.0008220618148806933, 'epoch': 3.5}
{'loss': 1.8623, 'learning_rate': 0.0008217279323668895, 'epoch': 3.5}
{'loss': 2.2375, 'learning_rate': 0.0008213938048432696, 'epoch': 3.5}
{'loss': 2.1623, 'learning_rate': 0.0008210594325642865, 'epoch': 3.5}
{'loss': 2.2832, 'learning_rate': 0.000820724815784579, 'epoch': 3.5}
{'loss': 2.2819, 'learning_rate': 0.0008203899547589723, 'epoch': 3.51}
{'loss': 2.0533, 'learning_rate': 0.0008200548497424778, 'epoch': 3.51}
{'loss': 1.9308, 'learning_rate': 0.0008197195009902923, 'epoch': 3.51}
{'loss': 2.1693, 'learning_rate': 0.0008193839087577989, 'epoch': 3.52}
{'loss': 2.1557, 'learning_rate': 0.0008190480733005653, 'epoch': 3.52}
{'loss': 2.0344, 'learning_rate': 0.0008187119948743449, 'epoch': 3.52}
{'loss': 1.906, 'learning_rate': 0.0008183756737350761, 'epoch': 3.52}
{'loss': 1.9597, 'learning_rate': 0.000818039110138882, 'epoch': 3.52}
{'loss': 1.9888, 'learning_rate': 0.0008177023043420704, 'epoch': 3.53}
{'loss': 2.1778, 'learning_rate': 0.0008173652566011338, 'epoch': 3.53}
{'loss': 2.3033, 'learning_rate': 0.0008170279671727485, 'epoch': 3.53}
{'loss': 2.0385, 'learning_rate': 0.0008166904363137751, 'epoch': 3.54}
{'loss': 2.1432, 'learning_rate': 0.000816352664281258, 'epoch': 3.54}
{'loss': 2.0129, 'learning_rate': 0.0008160146513324255, 'epoch': 3.54}
{'loss': 2.405, 'learning_rate': 0.0008156763977246889, 'epoch': 3.54}
{'loss': 2.1974, 'learning_rate': 0.0008153379037156432, 'epoch': 3.54}
{'loss': 1.9091, 'learning_rate': 0.0008149991695630662, 'epoch': 3.55}
{'loss': 2.3884, 'learning_rate': 0.0008146601955249188, 'epoch': 3.55}
{'loss': 2.4137, 'learning_rate': 0.0008143209818593445, 'epoch': 3.55}
{'loss': 2.3146, 'learning_rate': 0.000813981528824669, 'epoch': 3.56}
{'loss': 2.1371, 'learning_rate': 0.0008136418366794008, 'epoch': 3.56}
{'loss': 2.328, 'learning_rate': 0.0008133019056822303, 'epoch': 3.56}
{'loss': 1.8074, 'learning_rate': 0.0008129617360920296, 'epoch': 3.56}
{'loss': 2.2029, 'learning_rate': 0.0008126213281678527, 'epoch': 3.56}
{'loss': 2.1547, 'learning_rate': 0.0008122806821689348, 'epoch': 3.57}
{'loss': 2.0358, 'learning_rate': 0.0008119397983546931, 'epoch': 3.57}
{'loss': 2.6522, 'learning_rate': 0.0008115986769847252, 'epoch': 3.57}
{'loss': 1.8048, 'learning_rate': 0.0008112573183188099, 'epoch': 3.58}
{'loss': 2.3091, 'learning_rate': 0.0008109157226169064, 'epoch': 3.58}
{'loss': 2.1975, 'learning_rate': 0.0008105738901391552, 'epoch': 3.58}
{'loss': 2.327, 'learning_rate': 0.0008102318211458764, 'epoch': 3.58}
{'loss': 2.0305, 'learning_rate': 0.00080988951589757, 'epoch': 3.58}
{'loss': 2.166, 'learning_rate': 0.0008095469746549171, 'epoch': 3.59}
{'loss': 2.3429, 'learning_rate': 0.0008092041976787771, 'epoch': 3.59}
{'loss': 2.1277, 'learning_rate': 0.0008088611852301899, 'epoch': 3.59}
{'loss': 1.9111, 'learning_rate': 0.0008085179375703744, 'epoch': 3.59}
{'loss': 2.1763, 'learning_rate': 0.0008081744549607284, 'epoch': 3.6}
{'loss': 2.236, 'learning_rate': 0.0008078307376628291, 'epoch': 3.6}
{'loss': 2.2702, 'learning_rate': 0.0008074867859384321, 'epoch': 3.6}
{'loss': 2.3252, 'learning_rate': 0.0008071426000494716, 'epoch': 3.6}
{'loss': 2.1106, 'learning_rate': 0.0008067981802580602, 'epoch': 3.61}
{'loss': 2.0595, 'learning_rate': 0.0008064535268264883, 'epoch': 3.61}
{'loss': 2.2112, 'learning_rate': 0.0008061086400172246, 'epoch': 3.61}
{'loss': 2.0947, 'learning_rate': 0.0008057635200929156, 'epoch': 3.62}
{'loss': 2.4109, 'learning_rate': 0.0008054181673163849, 'epoch': 3.62}
{'loss': 2.0353, 'learning_rate': 0.0008050725819506339, 'epoch': 3.62}
{'loss': 2.2004, 'learning_rate': 0.0008047267642588406, 'epoch': 3.62}
{'loss': 2.3109, 'learning_rate': 0.0008043807145043603, 'epoch': 3.62}
{'loss': 1.9957, 'learning_rate': 0.0008040344329507252, 'epoch': 3.63}
{'loss': 2.476, 'learning_rate': 0.0008036879198616433, 'epoch': 3.63}
{'loss': 2.2728, 'learning_rate': 0.0008033411755009999, 'epoch': 3.63}
{'loss': 2.2086, 'learning_rate': 0.0008029942001328555, 'epoch': 3.63}
{'loss': 2.1635, 'learning_rate': 0.0008026469940214471, 'epoch': 3.64}
{'loss': 2.2129, 'learning_rate': 0.0008022995574311875, 'epoch': 3.64}
{'loss': 2.2735, 'learning_rate': 0.0008019518906266643, 'epoch': 3.64}
{'loss': 2.2643, 'learning_rate': 0.0008016039938726413, 'epoch': 3.65}
{'loss': 1.9705, 'learning_rate': 0.0008012558674340566, 'epoch': 3.65}
{'loss': 2.4262, 'learning_rate': 0.0008009075115760243, 'epoch': 3.65}
{'loss': 2.1146, 'learning_rate': 0.0008005589265638318, 'epoch': 3.65}
{'loss': 2.0115, 'learning_rate': 0.0008002101126629421, 'epoch': 3.66}
{'loss': 1.9859, 'learning_rate': 0.0007998610701389921, 'epoch': 3.66}
{'loss': 2.2728, 'learning_rate': 0.0007995117992577929, 'epoch': 3.66}
{'loss': 2.2543, 'learning_rate': 0.0007991623002853296, 'epoch': 3.66}
{'loss': 2.2591, 'learning_rate': 0.0007988125734877606, 'epoch': 3.67}
{'loss': 2.5426, 'learning_rate': 0.0007984626191314182, 'epoch': 3.67}
{'loss': 2.4065, 'learning_rate': 0.0007981124374828079, 'epoch': 3.67}
{'loss': 1.9685, 'learning_rate': 0.0007977620288086083, 'epoch': 3.67}
{'loss': 1.6404, 'learning_rate': 0.0007974113933756707, 'epoch': 3.67}
{'loss': 1.9433, 'learning_rate': 0.0007970605314510193, 'epoch': 3.68}
{'loss': 2.0698, 'learning_rate': 0.0007967094433018508, 'epoch': 3.68}
{'loss': 1.8988, 'learning_rate': 0.000796358129195534, 'epoch': 3.68}
{'loss': 2.1259, 'learning_rate': 0.0007960065893996098, 'epoch': 3.69}
{'loss': 2.0744, 'learning_rate': 0.0007956548241817912, 'epoch': 3.69}
{'loss': 2.2288, 'learning_rate': 0.0007953028338099627, 'epoch': 3.69}
{'loss': 2.1494, 'learning_rate': 0.0007949506185521802, 'epoch': 3.69}
{'loss': 2.3602, 'learning_rate': 0.0007945981786766711, 'epoch': 3.69}
{'loss': 2.839, 'learning_rate': 0.0007942455144518334, 'epoch': 3.7}
{'loss': 2.2107, 'learning_rate': 0.0007938926261462366, 'epoch': 3.7}
{'loss': 1.9256, 'learning_rate': 0.0007935395140286203, 'epoch': 3.7}
{'loss': 2.1423, 'learning_rate': 0.0007931861783678947, 'epoch': 3.71}
{'loss': 1.8917, 'learning_rate': 0.0007928326194331403, 'epoch': 3.71}
{'loss': 2.248, 'learning_rate': 0.0007924788374936079, 'epoch': 3.71}
{'loss': 1.9953, 'learning_rate': 0.0007921248328187173, 'epoch': 3.71}
{'loss': 2.3521, 'learning_rate': 0.0007917706056780587, 'epoch': 3.71}
{'loss': 2.0268, 'learning_rate': 0.0007914161563413917, 'epoch': 3.72}
{'loss': 2.1643, 'learning_rate': 0.0007910614850786447, 'epoch': 3.72}
{'loss': 1.9821, 'learning_rate': 0.0007907065921599154, 'epoch': 3.72}
{'loss': 2.4206, 'learning_rate': 0.0007903514778554699, 'epoch': 3.73}
{'loss': 2.163, 'learning_rate': 0.0007899961424357435, 'epoch': 3.73}
{'loss': 2.2808, 'learning_rate': 0.0007896405861713394, 'epoch': 3.73}
{'loss': 2.1219, 'learning_rate': 0.0007892848093330294, 'epoch': 3.73}
{'loss': 2.2145, 'learning_rate': 0.0007889288121917527, 'epoch': 3.73}
{'loss': 2.1768, 'learning_rate': 0.0007885725950186169, 'epoch': 3.74}
{'loss': 1.8635, 'learning_rate': 0.0007882161580848966, 'epoch': 3.74}
{'loss': 2.4115, 'learning_rate': 0.0007878595016620343, 'epoch': 3.74}
{'loss': 2.0717, 'learning_rate': 0.0007875026260216394, 'epoch': 3.75}
{'loss': 2.133, 'learning_rate': 0.0007871455314354878, 'epoch': 3.75}
{'loss': 2.1109, 'learning_rate': 0.0007867882181755231, 'epoch': 3.75}
{'loss': 2.0762, 'learning_rate': 0.0007864306865138545, 'epoch': 3.75}
{'loss': 1.8774, 'learning_rate': 0.0007860729367227581, 'epoch': 3.75}
{'loss': 1.9631, 'learning_rate': 0.0007857149690746759, 'epoch': 3.76}
{'loss': 1.8403, 'learning_rate': 0.000785356783842216, 'epoch': 3.76}
{'loss': 2.1074, 'learning_rate': 0.0007849983812981515, 'epoch': 3.76}
{'loss': 1.9812, 'learning_rate': 0.0007846397617154221, 'epoch': 3.77}
{'loss': 2.4107, 'learning_rate': 0.000784280925367132, 'epoch': 3.77}
{'loss': 2.0327, 'learning_rate': 0.0007839218725265507, 'epoch': 3.77}
{'loss': 2.2806, 'learning_rate': 0.0007835626034671123, 'epoch': 3.77}
{'loss': 2.4907, 'learning_rate': 0.0007832031184624164, 'epoch': 3.77}
{'loss': 2.5264, 'learning_rate': 0.000782843417786226, 'epoch': 3.78}
{'loss': 2.3366, 'learning_rate': 0.0007824835017124689, 'epoch': 3.78}
{'loss': 2.1553, 'learning_rate': 0.0007821233705152371, 'epoch': 3.78}
{'loss': 2.3798, 'learning_rate': 0.0007817630244687857, 'epoch': 3.79}
{'loss': 2.1768, 'learning_rate': 0.0007814024638475343, 'epoch': 3.79}
{'loss': 2.205, 'learning_rate': 0.0007810416889260653, 'epoch': 3.79}
{'loss': 2.6379, 'learning_rate': 0.0007806806999791246, 'epoch': 3.79}
{'loss': 2.4611, 'learning_rate': 0.000780319497281621, 'epoch': 3.79}
{'loss': 2.1241, 'learning_rate': 0.0007799580811086258, 'epoch': 3.8}
{'loss': 2.2747, 'learning_rate': 0.0007795964517353734, 'epoch': 3.8}
{'loss': 2.015, 'learning_rate': 0.0007792346094372603, 'epoch': 3.8}
{'loss': 2.2153, 'learning_rate': 0.0007788725544898452, 'epoch': 3.81}
{'loss': 2.1577, 'learning_rate': 0.0007785102871688483, 'epoch': 3.81}
{'loss': 2.1414, 'learning_rate': 0.0007781478077501524, 'epoch': 3.81}
{'loss': 2.1432, 'learning_rate': 0.0007777851165098011, 'epoch': 3.81}
{'loss': 1.9531, 'learning_rate': 0.0007774222137239997, 'epoch': 3.81}
{'loss': 2.2222, 'learning_rate': 0.0007770590996691143, 'epoch': 3.82}
{'loss': 2.3218, 'learning_rate': 0.000776695774621672, 'epoch': 3.82}
{'loss': 2.2512, 'learning_rate': 0.000776332238858361, 'epoch': 3.82}
{'loss': 2.1872, 'learning_rate': 0.0007759684926560291, 'epoch': 3.83}
{'loss': 2.2435, 'learning_rate': 0.0007756045362916853, 'epoch': 3.83}
{'loss': 2.0924, 'learning_rate': 0.0007752403700424978, 'epoch': 3.83}
{'loss': 1.8957, 'learning_rate': 0.0007748759941857954, 'epoch': 3.83}
{'loss': 2.3517, 'learning_rate': 0.0007745114089990659, 'epoch': 3.83}
{'loss': 1.7281, 'learning_rate': 0.000774146614759957, 'epoch': 3.84}
{'loss': 1.771, 'learning_rate': 0.0007737816117462751, 'epoch': 3.84}
{'loss': 2.064, 'learning_rate': 0.0007734164002359862, 'epoch': 3.84}
{'loss': 2.5961, 'learning_rate': 0.0007730509805072145, 'epoch': 3.84}
{'loss': 2.2819, 'learning_rate': 0.0007726853528382432, 'epoch': 3.85}
{'loss': 1.8566, 'learning_rate': 0.0007723195175075137, 'epoch': 3.85}
{'loss': 2.0382, 'learning_rate': 0.0007719534747936252, 'epoch': 3.85}
{'loss': 2.2796, 'learning_rate': 0.0007715872249753352, 'epoch': 3.85}
{'loss': 2.1956, 'learning_rate': 0.0007712207683315594, 'epoch': 3.86}
{'loss': 2.2833, 'learning_rate': 0.00077085410514137, 'epoch': 3.86}
{'loss': 2.0291, 'learning_rate': 0.000770487235683997, 'epoch': 3.86}
{'loss': 2.1918, 'learning_rate': 0.0007701201602388275, 'epoch': 3.87}
{'loss': 1.7617, 'learning_rate': 0.0007697528790854054, 'epoch': 3.87}
{'loss': 2.0447, 'learning_rate': 0.0007693853925034315, 'epoch': 3.87}
{'loss': 2.1382, 'learning_rate': 0.0007690177007727626, 'epoch': 3.87}
{'loss': 2.1574, 'learning_rate': 0.000768649804173412, 'epoch': 3.88}
{'loss': 2.2895, 'learning_rate': 0.0007682817029855488, 'epoch': 3.88}
{'loss': 2.197, 'learning_rate': 0.0007679133974894983, 'epoch': 3.88}
{'loss': 2.2309, 'learning_rate': 0.0007675448879657412, 'epoch': 3.88}
{'loss': 2.1496, 'learning_rate': 0.0007671761746949133, 'epoch': 3.88}
{'loss': 2.4007, 'learning_rate': 0.0007668072579578058, 'epoch': 3.89}
{'loss': 2.5143, 'learning_rate': 0.000766438138035365, 'epoch': 3.89}
{'loss': 2.269, 'learning_rate': 0.0007660688152086917, 'epoch': 3.89}
{'loss': 1.9975, 'learning_rate': 0.0007656992897590414, 'epoch': 3.9}
{'loss': 2.1061, 'learning_rate': 0.0007653295619678238, 'epoch': 3.9}
{'loss': 2.2084, 'learning_rate': 0.0007649596321166025, 'epoch': 3.9}
{'loss': 1.9535, 'learning_rate': 0.0007645895004870953, 'epoch': 3.9}
{'loss': 2.1886, 'learning_rate': 0.0007642191673611735, 'epoch': 3.91}
{'loss': 2.2331, 'learning_rate': 0.0007638486330208621, 'epoch': 3.91}
{'loss': 2.4165, 'learning_rate': 0.0007634778977483389, 'epoch': 3.91}
{'loss': 2.2141, 'learning_rate': 0.0007631069618259347, 'epoch': 3.91}
{'loss': 2.4127, 'learning_rate': 0.0007627358255361339, 'epoch': 3.92}
{'loss': 2.3725, 'learning_rate': 0.0007623644891615727, 'epoch': 3.92}
{'loss': 2.3656, 'learning_rate': 0.0007619929529850397, 'epoch': 3.92}
{'loss': 2.014, 'learning_rate': 0.0007616212172894759, 'epoch': 3.92}
{'loss': 2.0977, 'learning_rate': 0.0007612492823579744, 'epoch': 3.92}
{'loss': 1.9085, 'learning_rate': 0.0007608771484737799, 'epoch': 3.93}
{'loss': 2.173, 'learning_rate': 0.0007605048159202883, 'epoch': 3.93}
{'loss': 2.2328, 'learning_rate': 0.0007601322849810471, 'epoch': 3.93}
{'loss': 2.3348, 'learning_rate': 0.0007597595559397548, 'epoch': 3.94}
{'loss': 2.117, 'learning_rate': 0.0007593866290802608, 'epoch': 3.94}
{'loss': 1.9146, 'learning_rate': 0.0007590135046865651, 'epoch': 3.94}
{'loss': 1.9989, 'learning_rate': 0.0007586401830428184, 'epoch': 3.94}
{'loss': 2.2577, 'learning_rate': 0.0007582666644333209, 'epoch': 3.94}
{'loss': 2.293, 'learning_rate': 0.0007578929491425237, 'epoch': 3.95}
{'loss': 2.4039, 'learning_rate': 0.0007575190374550272, 'epoch': 3.95}
{'loss': 1.9912, 'learning_rate': 0.000757144929655581, 'epoch': 3.95}
{'loss': 1.9787, 'learning_rate': 0.000756770626029085, 'epoch': 3.96}
{'loss': 2.2567, 'learning_rate': 0.0007563961268605875, 'epoch': 3.96}
{'loss': 2.4964, 'learning_rate': 0.0007560214324352858, 'epoch': 3.96}
{'loss': 2.0701, 'learning_rate': 0.0007556465430385259, 'epoch': 3.96}
{'loss': 2.4648, 'learning_rate': 0.000755271458955803, 'epoch': 3.96}
{'loss': 2.1503, 'learning_rate': 0.0007548961804727589, 'epoch': 3.97}
{'loss': 1.9326, 'learning_rate': 0.0007545207078751857, 'epoch': 3.97}
{'loss': 2.4589, 'learning_rate': 0.0007541450414490212, 'epoch': 3.97}
{'loss': 2.2312, 'learning_rate': 0.0007537691814803521, 'epoch': 3.98}
{'loss': 2.3383, 'learning_rate': 0.000753393128255412, 'epoch': 3.98}
{'loss': 2.0624, 'learning_rate': 0.0007530168820605818, 'epoch': 3.98}
{'loss': 2.3859, 'learning_rate': 0.0007526404431823896, 'epoch': 3.98}
{'loss': 2.1002, 'learning_rate': 0.0007522638119075096, 'epoch': 3.98}
{'loss': 2.3574, 'learning_rate': 0.0007518869885227631, 'epoch': 3.99}
{'loss': 1.7229, 'learning_rate': 0.0007515099733151177, 'epoch': 3.99}
{'loss': 1.9141, 'learning_rate': 0.0007511327665716863, 'epoch': 3.99}
{'loss': 2.1134, 'learning_rate': 0.0007507553685797287, 'epoch': 4.0}
{'loss': 1.8816, 'learning_rate': 0.0007503777796266498, 'epoch': 4.0}
{'loss': 2.1366, 'learning_rate': 0.00075, 'epoch': 4.0}
{'loss': 1.6578, 'learning_rate': 0.000749622029987475, 'epoch': 4.0}
{'loss': 2.1495, 'learning_rate': 0.0007492438698769152, 'epoch': 4.0}
{'loss': 1.628, 'learning_rate': 0.0007488655199563061, 'epoch': 4.01}
{'loss': 1.7114, 'learning_rate': 0.0007484869805137777, 'epoch': 4.01}
{'loss': 1.6646, 'learning_rate': 0.0007481082518376042, 'epoch': 4.01}
{'loss': 1.8154, 'learning_rate': 0.0007477293342162038, 'epoch': 4.01}
{'loss': 1.7829, 'learning_rate': 0.000747350227938139, 'epoch': 4.02}
{'loss': 1.9554, 'learning_rate': 0.0007469709332921155, 'epoch': 4.02}
{'loss': 1.9253, 'learning_rate': 0.0007465914505669828, 'epoch': 4.02}
{'loss': 1.8725, 'learning_rate': 0.0007462117800517336, 'epoch': 4.03}
{'loss': 1.9512, 'learning_rate': 0.0007458319220355034, 'epoch': 4.03}
{'loss': 1.8512, 'learning_rate': 0.0007454518768075704, 'epoch': 4.03}
{'loss': 1.6825, 'learning_rate': 0.000745071644657356, 'epoch': 4.03}
{'loss': 1.7666, 'learning_rate': 0.0007446912258744231, 'epoch': 4.04}
{'loss': 1.6381, 'learning_rate': 0.0007443106207484776, 'epoch': 4.04}
{'loss': 2.0961, 'learning_rate': 0.0007439298295693664, 'epoch': 4.04}
{'loss': 1.8359, 'learning_rate': 0.0007435488526270789, 'epoch': 4.04}
{'loss': 2.0008, 'learning_rate': 0.0007431676902117453, 'epoch': 4.04}
{'loss': 1.776, 'learning_rate': 0.0007427863426136376, 'epoch': 4.05}
{'loss': 2.1277, 'learning_rate': 0.0007424048101231686, 'epoch': 4.05}
{'loss': 1.966, 'learning_rate': 0.0007420230930308917, 'epoch': 4.05}
{'loss': 1.8802, 'learning_rate': 0.0007416411916275012, 'epoch': 4.05}
{'loss': 1.6087, 'learning_rate': 0.0007412591062038316, 'epoch': 4.06}
{'loss': 1.8447, 'learning_rate': 0.0007408768370508576, 'epoch': 4.06}
{'loss': 1.647, 'learning_rate': 0.0007404943844596939, 'epoch': 4.06}
{'loss': 1.8468, 'learning_rate': 0.0007401117487215945, 'epoch': 4.07}
{'loss': 1.7506, 'learning_rate': 0.0007397289301279533, 'epoch': 4.07}
{'loss': 1.901, 'learning_rate': 0.0007393459289703035, 'epoch': 4.07}
{'loss': 1.9536, 'learning_rate': 0.0007389627455403167, 'epoch': 4.07}
{'loss': 1.863, 'learning_rate': 0.0007385793801298042, 'epoch': 4.08}
{'loss': 1.9424, 'learning_rate': 0.0007381958330307152, 'epoch': 4.08}
{'loss': 2.061, 'learning_rate': 0.0007378121045351377, 'epoch': 4.08}
{'loss': 2.0473, 'learning_rate': 0.0007374281949352972, 'epoch': 4.08}
{'loss': 1.7031, 'learning_rate': 0.0007370441045235581, 'epoch': 4.08}
{'loss': 1.9479, 'learning_rate': 0.0007366598335924217, 'epoch': 4.09}
{'loss': 2.1361, 'learning_rate': 0.0007362753824345271, 'epoch': 4.09}
{'loss': 1.9386, 'learning_rate': 0.0007358907513426504, 'epoch': 4.09}
{'loss': 1.5803, 'learning_rate': 0.000735505940609705, 'epoch': 4.09}
{'loss': 2.0637, 'learning_rate': 0.0007351209505287411, 'epoch': 4.1}
{'loss': 1.4663, 'learning_rate': 0.0007347357813929454, 'epoch': 4.1}
{'loss': 2.0587, 'learning_rate': 0.0007343504334956409, 'epoch': 4.1}
{'loss': 2.0455, 'learning_rate': 0.0007339649071302867, 'epoch': 4.11}
{'loss': 2.0911, 'learning_rate': 0.0007335792025904781, 'epoch': 4.11}
{'loss': 1.8322, 'learning_rate': 0.0007331933201699457, 'epoch': 4.11}
{'loss': 1.9412, 'learning_rate': 0.0007328072601625557, 'epoch': 4.11}
{'loss': 1.8039, 'learning_rate': 0.0007324210228623099, 'epoch': 4.12}
{'loss': 2.08, 'learning_rate': 0.0007320346085633445, 'epoch': 4.12}
{'loss': 1.8255, 'learning_rate': 0.0007316480175599309, 'epoch': 4.12}
{'loss': 1.9571, 'learning_rate': 0.000731261250146475, 'epoch': 4.12}
{'loss': 1.671, 'learning_rate': 0.000730874306617517, 'epoch': 4.12}
{'loss': 1.6146, 'learning_rate': 0.0007304871872677312, 'epoch': 4.13}
{'loss': 1.8119, 'learning_rate': 0.0007300998923919259, 'epoch': 4.13}
{'loss': 1.696, 'learning_rate': 0.0007297124222850429, 'epoch': 4.13}
{'loss': 1.8245, 'learning_rate': 0.0007293247772421576, 'epoch': 4.13}
{'loss': 1.601, 'learning_rate': 0.0007289369575584784, 'epoch': 4.14}
{'loss': 1.7478, 'learning_rate': 0.0007285489635293472, 'epoch': 4.14}
{'loss': 2.1508, 'learning_rate': 0.000728160795450238, 'epoch': 4.14}
{'loss': 2.014, 'learning_rate': 0.0007277724536167578, 'epoch': 4.14}
{'loss': 1.8801, 'learning_rate': 0.0007273839383246459, 'epoch': 4.15}
{'loss': 1.9224, 'learning_rate': 0.0007269952498697733, 'epoch': 4.15}
{'loss': 1.8442, 'learning_rate': 0.0007266063885481435, 'epoch': 4.15}
{'loss': 1.632, 'learning_rate': 0.0007262173546558914, 'epoch': 4.16}
{'loss': 1.8677, 'learning_rate': 0.0007258281484892828, 'epoch': 4.16}
{'loss': 1.6672, 'learning_rate': 0.0007254387703447154, 'epoch': 4.16}
{'loss': 1.925, 'learning_rate': 0.0007250492205187176, 'epoch': 4.16}
{'loss': 1.5792, 'learning_rate': 0.0007246594993079483, 'epoch': 4.17}
{'loss': 1.7291, 'learning_rate': 0.0007242696070091974, 'epoch': 4.17}
{'loss': 1.7716, 'learning_rate': 0.0007238795439193849, 'epoch': 4.17}
{'loss': 1.8443, 'learning_rate': 0.0007234893103355606, 'epoch': 4.17}
{'loss': 1.899, 'learning_rate': 0.0007230989065549044, 'epoch': 4.17}
{'loss': 1.7252, 'learning_rate': 0.0007227083328747258, 'epoch': 4.18}
{'loss': 1.766, 'learning_rate': 0.0007223175895924637, 'epoch': 4.18}
{'loss': 1.9687, 'learning_rate': 0.0007219266770056861, 'epoch': 4.18}
{'loss': 1.606, 'learning_rate': 0.0007215355954120899, 'epoch': 4.18}
{'loss': 2.2413, 'learning_rate': 0.0007211443451095007, 'epoch': 4.19}
{'loss': 1.7862, 'learning_rate': 0.0007207529263958726, 'epoch': 4.19}
{'loss': 1.9398, 'learning_rate': 0.0007203613395692881, 'epoch': 4.19}
{'loss': 1.5129, 'learning_rate': 0.0007199695849279576, 'epoch': 4.2}
{'loss': 1.9228, 'learning_rate': 0.0007195776627702192, 'epoch': 4.2}
{'loss': 1.5419, 'learning_rate': 0.0007191855733945387, 'epoch': 4.2}
{'loss': 1.7447, 'learning_rate': 0.0007187933170995093, 'epoch': 4.2}
{'loss': 1.6728, 'learning_rate': 0.0007184008941838511, 'epoch': 4.21}
{'loss': 1.9256, 'learning_rate': 0.0007180083049464115, 'epoch': 4.21}
{'loss': 1.2775, 'learning_rate': 0.0007176155496861638, 'epoch': 4.21}
{'loss': 1.6478, 'learning_rate': 0.0007172226287022086, 'epoch': 4.21}
{'loss': 1.5931, 'learning_rate': 0.0007168295422937723, 'epoch': 4.21}
{'loss': 1.7907, 'learning_rate': 0.0007164362907602071, 'epoch': 4.22}
{'loss': 1.9815, 'learning_rate': 0.0007160428744009912, 'epoch': 4.22}
{'loss': 1.7643, 'learning_rate': 0.0007156492935157284, 'epoch': 4.22}
{'loss': 1.9288, 'learning_rate': 0.0007152555484041476, 'epoch': 4.22}
{'loss': 1.6941, 'learning_rate': 0.0007148616393661029, 'epoch': 4.23}
{'loss': 1.9092, 'learning_rate': 0.000714467566701573, 'epoch': 4.23}
{'loss': 1.7954, 'learning_rate': 0.0007140733307106615, 'epoch': 4.23}
{'loss': 1.8023, 'learning_rate': 0.0007136789316935963, 'epoch': 4.24}
{'loss': 1.6415, 'learning_rate': 0.0007132843699507292, 'epoch': 4.24}
{'loss': 2.1872, 'learning_rate': 0.0007128896457825364, 'epoch': 4.24}
{'loss': 1.8802, 'learning_rate': 0.0007124947594896173, 'epoch': 4.24}
{'loss': 1.5405, 'learning_rate': 0.000712099711372695, 'epoch': 4.25}
{'loss': 1.5688, 'learning_rate': 0.0007117045017326161, 'epoch': 4.25}
{'loss': 1.748, 'learning_rate': 0.0007113091308703497, 'epoch': 4.25}
{'loss': 1.5227, 'learning_rate': 0.0007109135990869879, 'epoch': 4.25}
{'loss': 1.5594, 'learning_rate': 0.0007105179066837455, 'epoch': 4.25}
{'loss': 1.9736, 'learning_rate': 0.0007101220539619592, 'epoch': 4.26}
{'loss': 2.0795, 'learning_rate': 0.0007097260412230886, 'epoch': 4.26}
{'loss': 1.7305, 'learning_rate': 0.0007093298687687141, 'epoch': 4.26}
{'loss': 1.8237, 'learning_rate': 0.0007089335369005384, 'epoch': 4.26}
{'loss': 1.6509, 'learning_rate': 0.0007085370459203855, 'epoch': 4.27}
{'loss': 1.5577, 'learning_rate': 0.0007081403961302007, 'epoch': 4.27}
{'loss': 1.8183, 'learning_rate': 0.0007077435878320497, 'epoch': 4.27}
{'loss': 2.0803, 'learning_rate': 0.0007073466213281196, 'epoch': 4.28}
{'loss': 2.0621, 'learning_rate': 0.0007069494969207174, 'epoch': 4.28}
{'loss': 1.7892, 'learning_rate': 0.000706552214912271, 'epoch': 4.28}
{'loss': 2.41, 'learning_rate': 0.0007061547756053274, 'epoch': 4.28}
{'loss': 2.0912, 'learning_rate': 0.0007057571793025545, 'epoch': 4.29}
{'loss': 1.9697, 'learning_rate': 0.0007053594263067386, 'epoch': 4.29}
{'loss': 1.7624, 'learning_rate': 0.0007049615169207864, 'epoch': 4.29}
{'loss': 1.8796, 'learning_rate': 0.0007045634514477229, 'epoch': 4.29}
{'loss': 1.8384, 'learning_rate': 0.0007041652301906924, 'epoch': 4.29}
{'loss': 2.0601, 'learning_rate': 0.0007037668534529579, 'epoch': 4.3}
{'loss': 1.9981, 'learning_rate': 0.0007033683215379002, 'epoch': 4.3}
{'loss': 1.6203, 'learning_rate': 0.0007029696347490189, 'epoch': 4.3}
{'loss': 1.9262, 'learning_rate': 0.0007025707933899314, 'epoch': 4.3}
{'loss': 2.2039, 'learning_rate': 0.0007021717977643726, 'epoch': 4.31}
{'loss': 1.746, 'learning_rate': 0.0007017726481761951, 'epoch': 4.31}
{'loss': 2.0575, 'learning_rate': 0.0007013733449293686, 'epoch': 4.31}
{'loss': 1.9864, 'learning_rate': 0.0007009738883279801, 'epoch': 4.32}
{'loss': 1.9452, 'learning_rate': 0.0007005742786762331, 'epoch': 4.32}
{'loss': 1.7158, 'learning_rate': 0.0007001745162784476, 'epoch': 4.32}
{'loss': 1.8719, 'learning_rate': 0.00069977460143906, 'epoch': 4.32}
{'loss': 2.057, 'learning_rate': 0.0006993745344626231, 'epoch': 4.33}
{'loss': 1.8302, 'learning_rate': 0.0006989743156538053, 'epoch': 4.33}
{'loss': 1.796, 'learning_rate': 0.0006985739453173903, 'epoch': 4.33}
{'loss': 2.1199, 'learning_rate': 0.0006981734237582779, 'epoch': 4.33}
{'loss': 1.7996, 'learning_rate': 0.0006977727512814826, 'epoch': 4.33}
{'loss': 1.8702, 'learning_rate': 0.0006973719281921336, 'epoch': 4.34}
{'loss': 2.277, 'learning_rate': 0.0006969709547954755, 'epoch': 4.34}
{'loss': 2.2184, 'learning_rate': 0.0006965698313968669, 'epoch': 4.34}
{'loss': 2.0989, 'learning_rate': 0.0006961685583017807, 'epoch': 4.34}
{'loss': 2.0924, 'learning_rate': 0.0006957671358158037, 'epoch': 4.35}
{'loss': 2.1139, 'learning_rate': 0.0006953655642446368, 'epoch': 4.35}
{'loss': 2.0202, 'learning_rate': 0.0006949638438940942, 'epoch': 4.35}
{'loss': 2.0057, 'learning_rate': 0.0006945619750701031, 'epoch': 4.36}
{'loss': 1.9909, 'learning_rate': 0.0006941599580787044, 'epoch': 4.36}
{'loss': 1.7576, 'learning_rate': 0.0006937577932260515, 'epoch': 4.36}
{'loss': 1.9821, 'learning_rate': 0.0006933554808184104, 'epoch': 4.36}
{'loss': 2.1133, 'learning_rate': 0.0006929530211621593, 'epoch': 4.37}
{'loss': 2.1619, 'learning_rate': 0.0006925504145637891, 'epoch': 4.37}
{'loss': 2.0506, 'learning_rate': 0.0006921476613299018, 'epoch': 4.37}
{'loss': 1.9279, 'learning_rate': 0.000691744761767212, 'epoch': 4.37}
{'loss': 2.3859, 'learning_rate': 0.000691341716182545, 'epoch': 4.38}
{'loss': 2.201, 'learning_rate': 0.0006909385248828374, 'epoch': 4.38}
{'loss': 2.168, 'learning_rate': 0.0006905351881751372, 'epoch': 4.38}
{'loss': 2.1539, 'learning_rate': 0.0006901317063666025, 'epoch': 4.38}
{'loss': 1.9532, 'learning_rate': 0.0006897280797645025, 'epoch': 4.38}
{'loss': 1.9438, 'learning_rate': 0.0006893243086762166, 'epoch': 4.39}
{'loss': 2.126, 'learning_rate': 0.0006889203934092337, 'epoch': 4.39}
{'loss': 1.9704, 'learning_rate': 0.0006885163342711528, 'epoch': 4.39}
{'loss': 1.8671, 'learning_rate': 0.0006881121315696828, 'epoch': 4.39}
{'loss': 1.8832, 'learning_rate': 0.0006877077856126415, 'epoch': 4.4}
{'loss': 1.7833, 'learning_rate': 0.0006873032967079561, 'epoch': 4.4}
{'loss': 2.006, 'learning_rate': 0.0006868986651636622, 'epoch': 4.4}
{'loss': 1.9977, 'learning_rate': 0.0006864938912879045, 'epoch': 4.41}
{'loss': 1.9042, 'learning_rate': 0.0006860889753889359, 'epoch': 4.41}
{'loss': 2.0648, 'learning_rate': 0.0006856839177751175, 'epoch': 4.41}
{'loss': 1.7179, 'learning_rate': 0.0006852787187549182, 'epoch': 4.41}
{'loss': 2.1991, 'learning_rate': 0.0006848733786369147, 'epoch': 4.42}
{'loss': 1.8247, 'learning_rate': 0.0006844678977297912, 'epoch': 4.42}
{'loss': 1.7115, 'learning_rate': 0.0006840622763423391, 'epoch': 4.42}
{'loss': 2.104, 'learning_rate': 0.0006836565147834565, 'epoch': 4.42}
{'loss': 1.9363, 'learning_rate': 0.0006832506133621487, 'epoch': 4.42}
{'loss': 1.828, 'learning_rate': 0.0006828445723875272, 'epoch': 4.43}
{'loss': 2.0349, 'learning_rate': 0.0006824383921688097, 'epoch': 4.43}
{'loss': 1.6537, 'learning_rate': 0.0006820320730153206, 'epoch': 4.43}
{'loss': 1.8934, 'learning_rate': 0.0006816256152364893, 'epoch': 4.43}
{'loss': 2.1883, 'learning_rate': 0.0006812190191418508, 'epoch': 4.44}
{'loss': 1.9207, 'learning_rate': 0.000680812285041046, 'epoch': 4.44}
{'loss': 2.1954, 'learning_rate': 0.0006804054132438209, 'epoch': 4.44}
{'loss': 2.1505, 'learning_rate': 0.0006799984040600257, 'epoch': 4.45}
{'loss': 1.9989, 'learning_rate': 0.0006795912577996155, 'epoch': 4.45}
{'loss': 2.3267, 'learning_rate': 0.0006791839747726501, 'epoch': 4.45}
{'loss': 2.0913, 'learning_rate': 0.0006787765552892932, 'epoch': 4.45}
{'loss': 1.8191, 'learning_rate': 0.0006783689996598126, 'epoch': 4.46}
{'loss': 2.1828, 'learning_rate': 0.0006779613081945795, 'epoch': 4.46}
{'loss': 2.1846, 'learning_rate': 0.0006775534812040686, 'epoch': 4.46}
{'loss': 2.0335, 'learning_rate': 0.0006771455189988579, 'epoch': 4.46}
{'loss': 2.1634, 'learning_rate': 0.0006767374218896287, 'epoch': 4.46}
{'loss': 1.7429, 'learning_rate': 0.0006763291901871642, 'epoch': 4.47}
{'loss': 2.1381, 'learning_rate': 0.0006759208242023509, 'epoch': 4.47}
{'loss': 1.9374, 'learning_rate': 0.0006755123242461774, 'epoch': 4.47}
{'loss': 1.9869, 'learning_rate': 0.0006751036906297338, 'epoch': 4.47}
{'loss': 2.0446, 'learning_rate': 0.0006746949236642126, 'epoch': 4.48}
{'loss': 1.8395, 'learning_rate': 0.0006742860236609076, 'epoch': 4.48}
{'loss': 2.1643, 'learning_rate': 0.0006738769909312142, 'epoch': 4.48}
{'loss': 2.0219, 'learning_rate': 0.000673467825786628, 'epoch': 4.49}
{'loss': 1.6774, 'learning_rate': 0.0006730585285387465, 'epoch': 4.49}
{'loss': 1.8759, 'learning_rate': 0.0006726490994992673, 'epoch': 4.49}
{'loss': 1.8885, 'learning_rate': 0.0006722395389799886, 'epoch': 4.49}
{'loss': 1.8245, 'learning_rate': 0.0006718298472928082, 'epoch': 4.5}
{'loss': 2.1378, 'learning_rate': 0.0006714200247497242, 'epoch': 4.5}
{'loss': 2.0072, 'learning_rate': 0.0006710100716628344, 'epoch': 4.5}
{'loss': 2.0778, 'learning_rate': 0.000670599988344336, 'epoch': 4.5}
{'loss': 1.8017, 'learning_rate': 0.0006701897751065252, 'epoch': 4.5}
{'loss': 1.8548, 'learning_rate': 0.000669779432261797, 'epoch': 4.51}
{'loss': 2.0025, 'learning_rate': 0.0006693689601226458, 'epoch': 4.51}
{'loss': 1.955, 'learning_rate': 0.0006689583590016636, 'epoch': 4.51}
{'loss': 1.8204, 'learning_rate': 0.0006685476292115411, 'epoch': 4.51}
{'loss': 2.0036, 'learning_rate': 0.000668136771065067, 'epoch': 4.52}
{'loss': 2.1465, 'learning_rate': 0.0006677257848751275, 'epoch': 4.52}
{'loss': 2.0776, 'learning_rate': 0.0006673146709547066, 'epoch': 4.52}
{'loss': 1.8153, 'learning_rate': 0.0006669034296168854, 'epoch': 4.53}
{'loss': 2.0024, 'learning_rate': 0.0006664920611748422, 'epoch': 4.53}
{'loss': 2.064, 'learning_rate': 0.0006660805659418516, 'epoch': 4.53}
{'loss': 1.9806, 'learning_rate': 0.0006656689442312854, 'epoch': 4.53}
{'loss': 1.6443, 'learning_rate': 0.0006652571963566116, 'epoch': 4.54}
{'loss': 1.9996, 'learning_rate': 0.0006648453226313937, 'epoch': 4.54}
{'loss': 2.1445, 'learning_rate': 0.0006644333233692916, 'epoch': 4.54}
{'loss': 1.8412, 'learning_rate': 0.0006640211988840608, 'epoch': 4.54}
{'loss': 1.8722, 'learning_rate': 0.000663608949489552, 'epoch': 4.54}
{'loss': 2.2167, 'learning_rate': 0.0006631965754997109, 'epoch': 4.55}
{'loss': 2.0998, 'learning_rate': 0.0006627840772285784, 'epoch': 4.55}
{'loss': 2.0658, 'learning_rate': 0.0006623714549902897, 'epoch': 4.55}
{'loss': 1.6947, 'learning_rate': 0.0006619587090990747, 'epoch': 4.55}
{'loss': 1.8016, 'learning_rate': 0.0006615458398692574, 'epoch': 4.56}
{'loss': 1.6618, 'learning_rate': 0.0006611328476152556, 'epoch': 4.56}
{'loss': 1.7291, 'learning_rate': 0.0006607197326515808, 'epoch': 4.56}
{'loss': 1.8906, 'learning_rate': 0.0006603064952928381, 'epoch': 4.56}
{'loss': 2.1267, 'learning_rate': 0.0006598931358537258, 'epoch': 4.57}
{'loss': 1.9498, 'learning_rate': 0.000659479654649035, 'epoch': 4.57}
{'loss': 1.8595, 'learning_rate': 0.0006590660519936497, 'epoch': 4.57}
{'loss': 1.7908, 'learning_rate': 0.0006586523282025462, 'epoch': 4.58}
{'loss': 1.6707, 'learning_rate': 0.0006582384835907931, 'epoch': 4.58}
{'loss': 2.1104, 'learning_rate': 0.0006578245184735513, 'epoch': 4.58}
{'loss': 1.8407, 'learning_rate': 0.0006574104331660731, 'epoch': 4.58}
{'loss': 1.9057, 'learning_rate': 0.0006569962279837025, 'epoch': 4.58}
{'loss': 1.8644, 'learning_rate': 0.0006565819032418747, 'epoch': 4.59}
{'loss': 1.9596, 'learning_rate': 0.0006561674592561164, 'epoch': 4.59}
{'loss': 2.0655, 'learning_rate': 0.0006557528963420441, 'epoch': 4.59}
{'loss': 2.0881, 'learning_rate': 0.0006553382148153659, 'epoch': 4.59}
{'loss': 1.8879, 'learning_rate': 0.0006549234149918799, 'epoch': 4.6}
{'loss': 1.9952, 'learning_rate': 0.0006545084971874737, 'epoch': 4.6}
{'loss': 1.9099, 'learning_rate': 0.0006540934617181259, 'epoch': 4.6}
{'loss': 1.9492, 'learning_rate': 0.0006536783088999037, 'epoch': 4.61}
{'loss': 2.0832, 'learning_rate': 0.0006532630390489639, 'epoch': 4.61}
{'loss': 2.0323, 'learning_rate': 0.0006528476524815529, 'epoch': 4.61}
{'loss': 2.039, 'learning_rate': 0.0006524321495140054, 'epoch': 4.61}
{'loss': 1.9255, 'learning_rate': 0.0006520165304627451, 'epoch': 4.62}
{'loss': 1.9921, 'learning_rate': 0.000651600795644284, 'epoch': 4.62}
{'loss': 1.8344, 'learning_rate': 0.0006511849453752223, 'epoch': 4.62}
{'loss': 2.0254, 'learning_rate': 0.0006507689799722478, 'epoch': 4.62}
{'loss': 1.9462, 'learning_rate': 0.0006503528997521365, 'epoch': 4.62}
{'loss': 1.8865, 'learning_rate': 0.0006499367050317517, 'epoch': 4.63}
{'loss': 2.2124, 'learning_rate': 0.0006495203961280433, 'epoch': 4.63}
{'loss': 1.8633, 'learning_rate': 0.0006491039733580492, 'epoch': 4.63}
{'loss': 2.132, 'learning_rate': 0.000648687437038893, 'epoch': 4.63}
{'loss': 1.9716, 'learning_rate': 0.0006482707874877854, 'epoch': 4.64}
{'loss': 2.1248, 'learning_rate': 0.0006478540250220234, 'epoch': 4.64}
{'loss': 1.9341, 'learning_rate': 0.0006474371499589894, 'epoch': 4.64}
{'loss': 1.9839, 'learning_rate': 0.000647020162616152, 'epoch': 4.64}
{'loss': 1.9298, 'learning_rate': 0.0006466030633110652, 'epoch': 4.65}
{'loss': 1.5815, 'learning_rate': 0.0006461858523613684, 'epoch': 4.65}
{'loss': 2.0375, 'learning_rate': 0.0006457685300847858, 'epoch': 4.65}
{'loss': 1.94, 'learning_rate': 0.0006453510967991263, 'epoch': 4.66}
{'loss': 2.3179, 'learning_rate': 0.0006449335528222836, 'epoch': 4.66}
{'loss': 1.9322, 'learning_rate': 0.0006445158984722358, 'epoch': 4.66}
{'loss': 1.7572, 'learning_rate': 0.0006440981340670446, 'epoch': 4.66}
{'loss': 1.6791, 'learning_rate': 0.0006436802599248562, 'epoch': 4.67}
{'loss': 1.7738, 'learning_rate': 0.0006432622763638992, 'epoch': 4.67}
{'loss': 2.1422, 'learning_rate': 0.0006428441837024868, 'epoch': 4.67}
{'loss': 2.0142, 'learning_rate': 0.0006424259822590148, 'epoch': 4.67}
{'loss': 1.7592, 'learning_rate': 0.0006420076723519614, 'epoch': 4.67}
{'loss': 2.1299, 'learning_rate': 0.0006415892542998881, 'epoch': 4.68}
{'loss': 2.2519, 'learning_rate': 0.0006411707284214383, 'epoch': 4.68}
{'loss': 2.2095, 'learning_rate': 0.0006407520950353377, 'epoch': 4.68}
{'loss': 1.7501, 'learning_rate': 0.000640333354460394, 'epoch': 4.69}
{'loss': 1.9066, 'learning_rate': 0.0006399145070154961, 'epoch': 4.69}
{'loss': 2.0737, 'learning_rate': 0.0006394955530196147, 'epoch': 4.69}
{'loss': 2.1518, 'learning_rate': 0.0006390764927918014, 'epoch': 4.69}
{'loss': 2.0298, 'learning_rate': 0.000638657326651189, 'epoch': 4.7}
{'loss': 1.992, 'learning_rate': 0.0006382380549169905, 'epoch': 4.7}
{'loss': 2.1795, 'learning_rate': 0.0006378186779084996, 'epoch': 4.7}
{'loss': 2.0921, 'learning_rate': 0.0006373991959450903, 'epoch': 4.7}
{'loss': 1.9065, 'learning_rate': 0.0006369796093462164, 'epoch': 4.71}
{'loss': 2.0392, 'learning_rate': 0.000636559918431411, 'epoch': 4.71}
{'loss': 1.8976, 'learning_rate': 0.0006361401235202872, 'epoch': 4.71}
{'loss': 1.8968, 'learning_rate': 0.0006357202249325371, 'epoch': 4.71}
{'loss': 1.9358, 'learning_rate': 0.0006353002229879318, 'epoch': 4.71}
{'loss': 2.0443, 'learning_rate': 0.000634880118006321, 'epoch': 4.72}
{'loss': 1.9292, 'learning_rate': 0.0006344599103076329, 'epoch': 4.72}
{'loss': 1.7254, 'learning_rate': 0.0006340396002118739, 'epoch': 4.72}
{'loss': 1.8524, 'learning_rate': 0.0006336191880391284, 'epoch': 4.72}
{'loss': 1.9473, 'learning_rate': 0.0006331986741095588, 'epoch': 4.73}
{'loss': 2.2405, 'learning_rate': 0.0006327780587434044, 'epoch': 4.73}
{'loss': 1.7382, 'learning_rate': 0.0006323573422609824, 'epoch': 4.73}
{'loss': 2.0773, 'learning_rate': 0.0006319365249826865, 'epoch': 4.74}
{'loss': 1.9734, 'learning_rate': 0.0006315156072289874, 'epoch': 4.74}
{'loss': 1.566, 'learning_rate': 0.0006310945893204324, 'epoch': 4.74}
{'loss': 2.0477, 'learning_rate': 0.0006306734715776448, 'epoch': 4.74}
{'loss': 2.1861, 'learning_rate': 0.0006302522543213243, 'epoch': 4.75}
{'loss': 1.9054, 'learning_rate': 0.0006298309378722459, 'epoch': 4.75}
{'loss': 1.7268, 'learning_rate': 0.0006294095225512603, 'epoch': 4.75}
{'loss': 2.2149, 'learning_rate': 0.0006289880086792942, 'epoch': 4.75}
{'loss': 1.6953, 'learning_rate': 0.0006285663965773481, 'epoch': 4.75}
{'loss': 1.6907, 'learning_rate': 0.0006281446865664984, 'epoch': 4.76}
{'loss': 1.6007, 'learning_rate': 0.0006277228789678953, 'epoch': 4.76}
{'loss': 1.7894, 'learning_rate': 0.0006273009741027637, 'epoch': 4.76}
{'loss': 1.8897, 'learning_rate': 0.0006268789722924028, 'epoch': 4.76}
{'loss': 1.9919, 'learning_rate': 0.0006264568738581851, 'epoch': 4.77}
{'loss': 1.9375, 'learning_rate': 0.000626034679121557, 'epoch': 4.77}
{'loss': 1.5994, 'learning_rate': 0.0006256123884040378, 'epoch': 4.77}
{'loss': 1.6754, 'learning_rate': 0.0006251900020272208, 'epoch': 4.78}
{'loss': 1.7886, 'learning_rate': 0.0006247675203127713, 'epoch': 4.78}
{'loss': 1.9869, 'learning_rate': 0.0006243449435824276, 'epoch': 4.78}
{'loss': 1.7359, 'learning_rate': 0.000623922272158, 'epoch': 4.78}
{'loss': 2.1031, 'learning_rate': 0.0006234995063613716, 'epoch': 4.79}
{'loss': 1.7105, 'learning_rate': 0.0006230766465144965, 'epoch': 4.79}
{'loss': 2.2656, 'learning_rate': 0.0006226536929394013, 'epoch': 4.79}
{'loss': 1.6655, 'learning_rate': 0.0006222306459581833, 'epoch': 4.79}
{'loss': 1.883, 'learning_rate': 0.0006218075058930112, 'epoch': 4.79}
{'loss': 1.9903, 'learning_rate': 0.0006213842730661247, 'epoch': 4.8}
{'loss': 2.0804, 'learning_rate': 0.0006209609477998338, 'epoch': 4.8}
{'loss': 1.7271, 'learning_rate': 0.0006205375304165194, 'epoch': 4.8}
{'loss': 2.0056, 'learning_rate': 0.0006201140212386319, 'epoch': 4.8}
{'loss': 2.231, 'learning_rate': 0.000619690420588692, 'epoch': 4.81}
{'loss': 1.8619, 'learning_rate': 0.0006192667287892905, 'epoch': 4.81}
{'loss': 1.9595, 'learning_rate': 0.0006188429461630866, 'epoch': 4.81}
{'loss': 1.8793, 'learning_rate': 0.0006184190730328094, 'epoch': 4.81}
{'loss': 1.8338, 'learning_rate': 0.0006179951097212566, 'epoch': 4.82}
{'loss': 2.0695, 'learning_rate': 0.0006175710565512949, 'epoch': 4.82}
{'loss': 1.9871, 'learning_rate': 0.0006171469138458593, 'epoch': 4.82}
{'loss': 1.9889, 'learning_rate': 0.0006167226819279528, 'epoch': 4.83}
{'loss': 1.9243, 'learning_rate': 0.0006162983611206463, 'epoch': 4.83}
{'loss': 1.9845, 'learning_rate': 0.0006158739517470786, 'epoch': 4.83}
{'loss': 2.0346, 'learning_rate': 0.0006154494541304561, 'epoch': 4.83}
{'loss': 2.0846, 'learning_rate': 0.0006150248685940523, 'epoch': 4.83}
{'loss': 1.868, 'learning_rate': 0.0006146001954612072, 'epoch': 4.84}
{'loss': 1.7544, 'learning_rate': 0.0006141754350553279, 'epoch': 4.84}
{'loss': 1.894, 'learning_rate': 0.0006137505876998881, 'epoch': 4.84}
{'loss': 1.6498, 'learning_rate': 0.0006133256537184275, 'epoch': 4.84}
{'loss': 1.9729, 'learning_rate': 0.000612900633434552, 'epoch': 4.85}
{'loss': 2.1486, 'learning_rate': 0.0006124755271719325, 'epoch': 4.85}
{'loss': 1.6517, 'learning_rate': 0.0006120503352543065, 'epoch': 4.85}
{'loss': 2.3634, 'learning_rate': 0.0006116250580054757, 'epoch': 4.86}
{'loss': 2.2832, 'learning_rate': 0.0006111996957493075, 'epoch': 4.86}
{'loss': 1.9294, 'learning_rate': 0.0006107742488097338, 'epoch': 4.86}
{'loss': 2.2245, 'learning_rate': 0.0006103487175107507, 'epoch': 4.86}
{'loss': 1.9911, 'learning_rate': 0.0006099231021764188, 'epoch': 4.87}
{'loss': 2.1839, 'learning_rate': 0.000609497403130863, 'epoch': 4.87}
{'loss': 1.8093, 'learning_rate': 0.0006090716206982714, 'epoch': 4.87}
{'loss': 1.9618, 'learning_rate': 0.0006086457552028959, 'epoch': 4.87}
{'loss': 2.1952, 'learning_rate': 0.0006082198069690515, 'epoch': 4.88}
{'loss': 1.7183, 'learning_rate': 0.0006077937763211166, 'epoch': 4.88}
{'loss': 1.9738, 'learning_rate': 0.0006073676635835317, 'epoch': 4.88}
{'loss': 1.7241, 'learning_rate': 0.0006069414690808004, 'epoch': 4.88}
{'loss': 2.0461, 'learning_rate': 0.0006065151931374884, 'epoch': 4.88}
{'loss': 1.9208, 'learning_rate': 0.0006060888360782232, 'epoch': 4.89}
{'loss': 2.1, 'learning_rate': 0.0006056623982276944, 'epoch': 4.89}
{'loss': 1.8192, 'learning_rate': 0.0006052358799106528, 'epoch': 4.89}
{'loss': 1.9177, 'learning_rate': 0.0006048092814519109, 'epoch': 4.89}
{'loss': 1.8627, 'learning_rate': 0.0006043826031763419, 'epoch': 4.9}
{'loss': 2.5066, 'learning_rate': 0.0006039558454088796, 'epoch': 4.9}
{'loss': 2.2314, 'learning_rate': 0.000603529008474519, 'epoch': 4.9}
{'loss': 2.184, 'learning_rate': 0.0006031020926983148, 'epoch': 4.91}
{'loss': 2.0697, 'learning_rate': 0.000602675098405382, 'epoch': 4.91}
{'loss': 1.9159, 'learning_rate': 0.0006022480259208951, 'epoch': 4.91}
{'loss': 2.0696, 'learning_rate': 0.0006018208755700886, 'epoch': 4.91}
{'loss': 1.7282, 'learning_rate': 0.0006013936476782562, 'epoch': 4.92}
{'loss': 2.127, 'learning_rate': 0.0006009663425707503, 'epoch': 4.92}
{'loss': 2.2392, 'learning_rate': 0.0006005389605729824, 'epoch': 4.92}
{'loss': 2.0273, 'learning_rate': 0.0006001115020104223, 'epoch': 4.92}
{'loss': 1.9905, 'learning_rate': 0.0005996839672085986, 'epoch': 4.92}
{'loss': 2.1645, 'learning_rate': 0.0005992563564930975, 'epoch': 4.93}
{'loss': 2.0904, 'learning_rate': 0.0005988286701895631, 'epoch': 4.93}
{'loss': 1.959, 'learning_rate': 0.0005984009086236972, 'epoch': 4.93}
{'loss': 2.1282, 'learning_rate': 0.0005979730721212589, 'epoch': 4.94}
{'loss': 1.829, 'learning_rate': 0.0005975451610080642, 'epoch': 4.94}
{'loss': 2.4108, 'learning_rate': 0.0005971171756099861, 'epoch': 4.94}
{'loss': 1.6463, 'learning_rate': 0.000596689116252954, 'epoch': 4.94}
{'loss': 1.9206, 'learning_rate': 0.0005962609832629537, 'epoch': 4.95}
{'loss': 2.0937, 'learning_rate': 0.0005958327769660273, 'epoch': 4.95}
{'loss': 1.9759, 'learning_rate': 0.0005954044976882724, 'epoch': 4.95}
{'loss': 1.9796, 'learning_rate': 0.0005949761457558424, 'epoch': 4.95}
{'loss': 1.7908, 'learning_rate': 0.0005945477214949457, 'epoch': 4.96}
{'loss': 1.7402, 'learning_rate': 0.0005941192252318461, 'epoch': 4.96}
{'loss': 1.9227, 'learning_rate': 0.0005936906572928624, 'epoch': 4.96}
{'loss': 1.783, 'learning_rate': 0.0005932620180043674, 'epoch': 4.96}
{'loss': 2.0052, 'learning_rate': 0.0005928333076927887, 'epoch': 4.96}
{'loss': 1.9149, 'learning_rate': 0.0005924045266846078, 'epoch': 4.97}
{'loss': 1.6865, 'learning_rate': 0.0005919756753063601, 'epoch': 4.97}
{'loss': 1.9267, 'learning_rate': 0.0005915467538846347, 'epoch': 4.97}
{'loss': 1.9286, 'learning_rate': 0.0005911177627460738, 'epoch': 4.97}
{'loss': 1.9655, 'learning_rate': 0.0005906887022173728, 'epoch': 4.98}
{'loss': 2.2161, 'learning_rate': 0.0005902595726252801, 'epoch': 4.98}
{'loss': 1.7279, 'learning_rate': 0.0005898303742965964, 'epoch': 4.98}
{'loss': 2.2327, 'learning_rate': 0.0005894011075581747, 'epoch': 4.99}
{'loss': 2.0944, 'learning_rate': 0.000588971772736921, 'epoch': 4.99}
{'loss': 1.9803, 'learning_rate': 0.0005885423701597918, 'epoch': 4.99}
{'loss': 2.3775, 'learning_rate': 0.0005881129001537958, 'epoch': 4.99}
{'loss': 1.9091, 'learning_rate': 0.0005876833630459935, 'epoch': 5.0}
{'loss': 1.9183, 'learning_rate': 0.000587253759163496, 'epoch': 5.0}
{'loss': 2.2738, 'learning_rate': 0.0005868240888334653, 'epoch': 5.0}
{'loss': 1.7296, 'learning_rate': 0.0005863943523831137, 'epoch': 5.0}
{'loss': 1.8934, 'learning_rate': 0.0005859645501397047, 'epoch': 5.0}
{'loss': 1.3867, 'learning_rate': 0.0005855346824305513, 'epoch': 5.01}
{'loss': 1.7738, 'learning_rate': 0.0005851047495830163, 'epoch': 5.01}
{'loss': 1.5884, 'learning_rate': 0.0005846747519245122, 'epoch': 5.01}
{'loss': 1.9504, 'learning_rate': 0.0005842446897825013, 'epoch': 5.01}
{'loss': 1.6621, 'learning_rate': 0.0005838145634844942, 'epoch': 5.02}
{'loss': 1.3034, 'learning_rate': 0.0005833843733580511, 'epoch': 5.02}
{'loss': 1.8437, 'learning_rate': 0.0005829541197307804, 'epoch': 5.02}
{'loss': 1.706, 'learning_rate': 0.0005825238029303388, 'epoch': 5.03}
{'loss': 1.4954, 'learning_rate': 0.0005820934232844315, 'epoch': 5.03}
{'loss': 1.6361, 'learning_rate': 0.0005816629811208112, 'epoch': 5.03}
{'loss': 1.8214, 'learning_rate': 0.0005812324767672783, 'epoch': 5.03}
{'loss': 1.6623, 'learning_rate': 0.0005808019105516806, 'epoch': 5.04}
{'loss': 1.5385, 'learning_rate': 0.0005803712828019131, 'epoch': 5.04}
{'loss': 1.7601, 'learning_rate': 0.0005799405938459175, 'epoch': 5.04}
{'loss': 1.5432, 'learning_rate': 0.0005795098440116821, 'epoch': 5.04}
{'loss': 1.5091, 'learning_rate': 0.0005790790336272419, 'epoch': 5.04}
{'loss': 2.0046, 'learning_rate': 0.0005786481630206773, 'epoch': 5.05}
{'loss': 1.6962, 'learning_rate': 0.0005782172325201155, 'epoch': 5.05}
{'loss': 1.5974, 'learning_rate': 0.0005777862424537286, 'epoch': 5.05}
{'loss': 1.4919, 'learning_rate': 0.0005773551931497342, 'epoch': 5.05}
{'loss': 1.6884, 'learning_rate': 0.0005769240849363952, 'epoch': 5.06}
{'loss': 1.7509, 'learning_rate': 0.0005764929181420191, 'epoch': 5.06}
{'loss': 1.5069, 'learning_rate': 0.0005760616930949584, 'epoch': 5.06}
{'loss': 1.7696, 'learning_rate': 0.0005756304101236097, 'epoch': 5.07}
{'loss': 1.8331, 'learning_rate': 0.0005751990695564137, 'epoch': 5.07}
{'loss': 1.6995, 'learning_rate': 0.0005747676717218548, 'epoch': 5.07}
{'loss': 1.9345, 'learning_rate': 0.0005743362169484616, 'epoch': 5.07}
{'loss': 1.6266, 'learning_rate': 0.0005739047055648054, 'epoch': 5.08}
{'loss': 1.5985, 'learning_rate': 0.0005734731378995009, 'epoch': 5.08}
{'loss': 1.7355, 'learning_rate': 0.0005730415142812059, 'epoch': 5.08}
{'loss': 1.8344, 'learning_rate': 0.0005726098350386202, 'epoch': 5.08}
{'loss': 2.0069, 'learning_rate': 0.0005721781005004865, 'epoch': 5.08}
{'loss': 1.8123, 'learning_rate': 0.0005717463109955896, 'epoch': 5.09}
{'loss': 1.2203, 'learning_rate': 0.0005713144668527558, 'epoch': 5.09}
{'loss': 1.6177, 'learning_rate': 0.0005708825684008532, 'epoch': 5.09}
{'loss': 1.6287, 'learning_rate': 0.0005704506159687913, 'epoch': 5.09}
{'loss': 1.4723, 'learning_rate': 0.0005700186098855207, 'epoch': 5.1}
{'loss': 1.3841, 'learning_rate': 0.0005695865504800327, 'epoch': 5.1}
{'loss': 1.7093, 'learning_rate': 0.0005691544380813596, 'epoch': 5.1}
{'loss': 1.7814, 'learning_rate': 0.0005687222730185733, 'epoch': 5.11}
{'loss': 1.5147, 'learning_rate': 0.0005682900556207869, 'epoch': 5.11}
{'loss': 1.64, 'learning_rate': 0.0005678577862171522, 'epoch': 5.11}
{'loss': 1.537, 'learning_rate': 0.0005674254651368615, 'epoch': 5.11}
{'loss': 1.4755, 'learning_rate': 0.0005669930927091461, 'epoch': 5.12}
{'loss': 1.6597, 'learning_rate': 0.0005665606692632762, 'epoch': 5.12}
{'loss': 1.8202, 'learning_rate': 0.0005661281951285613, 'epoch': 5.12}
{'loss': 1.8478, 'learning_rate': 0.000565695670634349, 'epoch': 5.12}
{'loss': 1.7941, 'learning_rate': 0.000565263096110026, 'epoch': 5.12}
{'loss': 1.6928, 'learning_rate': 0.0005648304718850159, 'epoch': 5.13}
{'loss': 1.7264, 'learning_rate': 0.0005643977982887814, 'epoch': 5.13}
{'loss': 1.6525, 'learning_rate': 0.0005639650756508222, 'epoch': 5.13}
{'loss': 1.762, 'learning_rate': 0.0005635323043006752, 'epoch': 5.13}
{'loss': 1.627, 'learning_rate': 0.0005630994845679149, 'epoch': 5.14}
{'loss': 1.6223, 'learning_rate': 0.0005626666167821521, 'epoch': 5.14}
{'loss': 1.6005, 'learning_rate': 0.0005622337012730346, 'epoch': 5.14}
{'loss': 1.3762, 'learning_rate': 0.0005618007383702463, 'epoch': 5.14}
{'loss': 1.3719, 'learning_rate': 0.0005613677284035074, 'epoch': 5.15}
{'loss': 1.5865, 'learning_rate': 0.0005609346717025737, 'epoch': 5.15}
{'loss': 1.2099, 'learning_rate': 0.0005605015685972369, 'epoch': 5.15}
{'loss': 1.497, 'learning_rate': 0.0005600684194173235, 'epoch': 5.16}
{'loss': 1.6118, 'learning_rate': 0.0005596352244926959, 'epoch': 5.16}
{'loss': 1.699, 'learning_rate': 0.0005592019841532506, 'epoch': 5.16}
{'loss': 1.5375, 'learning_rate': 0.0005587686987289189, 'epoch': 5.16}
{'loss': 1.5527, 'learning_rate': 0.0005583353685496666, 'epoch': 5.17}
{'loss': 1.7297, 'learning_rate': 0.0005579019939454937, 'epoch': 5.17}
{'loss': 1.5814, 'learning_rate': 0.0005574685752464334, 'epoch': 5.17}
{'loss': 1.8322, 'learning_rate': 0.0005570351127825531, 'epoch': 5.17}
{'loss': 1.6249, 'learning_rate': 0.0005566016068839535, 'epoch': 5.17}
{'loss': 1.7421, 'learning_rate': 0.0005561680578807678, 'epoch': 5.18}
{'loss': 1.7133, 'learning_rate': 0.0005557344661031627, 'epoch': 5.18}
{'loss': 1.9414, 'learning_rate': 0.0005553008318813373, 'epoch': 5.18}
{'loss': 1.7938, 'learning_rate': 0.0005548671555455225, 'epoch': 5.18}
{'loss': 2.0225, 'learning_rate': 0.0005544334374259823, 'epoch': 5.19}
{'loss': 1.7834, 'learning_rate': 0.0005539996778530115, 'epoch': 5.19}
{'loss': 1.8107, 'learning_rate': 0.0005535658771569368, 'epoch': 5.19}
{'loss': 1.8992, 'learning_rate': 0.0005531320356681167, 'epoch': 5.2}
{'loss': 1.6171, 'learning_rate': 0.0005526981537169399, 'epoch': 5.2}
{'loss': 1.5716, 'learning_rate': 0.0005522642316338268, 'epoch': 5.2}
{'loss': 1.6786, 'learning_rate': 0.0005518302697492276, 'epoch': 5.2}
{'loss': 1.4962, 'learning_rate': 0.0005513962683936234, 'epoch': 5.21}
{'loss': 1.6616, 'learning_rate': 0.0005509622278975251, 'epoch': 5.21}
{'loss': 1.6353, 'learning_rate': 0.0005505281485914731, 'epoch': 5.21}
{'loss': 1.7234, 'learning_rate': 0.0005500940308060382, 'epoch': 5.21}
{'loss': 1.4074, 'learning_rate': 0.0005496598748718196, 'epoch': 5.21}
{'loss': 1.7146, 'learning_rate': 0.000549225681119446, 'epoch': 5.22}
{'loss': 1.8559, 'learning_rate': 0.0005487914498795748, 'epoch': 5.22}
{'loss': 1.7998, 'learning_rate': 0.000548357181482892, 'epoch': 5.22}
{'loss': 1.6769, 'learning_rate': 0.000547922876260112, 'epoch': 5.22}
{'loss': 1.4648, 'learning_rate': 0.0005474885345419771, 'epoch': 5.23}
{'loss': 1.4442, 'learning_rate': 0.0005470541566592572, 'epoch': 5.23}
{'loss': 1.5773, 'learning_rate': 0.0005466197429427502, 'epoch': 5.23}
{'loss': 1.682, 'learning_rate': 0.0005461852937232809, 'epoch': 5.24}
{'loss': 1.7424, 'learning_rate': 0.0005457508093317013, 'epoch': 5.24}
{'loss': 1.578, 'learning_rate': 0.0005453162900988901, 'epoch': 5.24}
{'loss': 1.8815, 'learning_rate': 0.0005448817363557527, 'epoch': 5.24}
{'loss': 1.5304, 'learning_rate': 0.0005444471484332209, 'epoch': 5.25}
{'loss': 1.7662, 'learning_rate': 0.0005440125266622519, 'epoch': 5.25}
{'loss': 1.789, 'learning_rate': 0.0005435778713738292, 'epoch': 5.25}
{'loss': 1.9862, 'learning_rate': 0.0005431431828989618, 'epoch': 5.25}
{'loss': 1.8461, 'learning_rate': 0.0005427084615686838, 'epoch': 5.25}
{'loss': 1.7678, 'learning_rate': 0.0005422737077140545, 'epoch': 5.26}
{'loss': 1.6199, 'learning_rate': 0.0005418389216661579, 'epoch': 5.26}
{'loss': 1.6602, 'learning_rate': 0.0005414041037561021, 'epoch': 5.26}
{'loss': 1.5113, 'learning_rate': 0.0005409692543150205, 'epoch': 5.26}
{'loss': 1.866, 'learning_rate': 0.0005405343736740694, 'epoch': 5.27}
{'loss': 1.3454, 'learning_rate': 0.0005400994621644294, 'epoch': 5.27}
{'loss': 1.7649, 'learning_rate': 0.0005396645201173047, 'epoch': 5.27}
{'loss': 1.6855, 'learning_rate': 0.0005392295478639225, 'epoch': 5.28}
{'loss': 1.864, 'learning_rate': 0.000538794545735533, 'epoch': 5.28}
{'loss': 1.7652, 'learning_rate': 0.0005383595140634093, 'epoch': 5.28}
{'loss': 1.5502, 'learning_rate': 0.0005379244531788469, 'epoch': 5.28}
{'loss': 1.8304, 'learning_rate': 0.0005374893634131639, 'epoch': 5.29}
{'loss': 1.7656, 'learning_rate': 0.0005370542450976998, 'epoch': 5.29}
{'loss': 1.581, 'learning_rate': 0.0005366190985638159, 'epoch': 5.29}
{'loss': 1.5202, 'learning_rate': 0.0005361839241428955, 'epoch': 5.29}
{'loss': 1.8003, 'learning_rate': 0.000535748722166343, 'epoch': 5.29}
{'loss': 1.7476, 'learning_rate': 0.0005353134929655834, 'epoch': 5.3}
{'loss': 1.854, 'learning_rate': 0.0005348782368720626, 'epoch': 5.3}
{'loss': 1.7543, 'learning_rate': 0.0005344429542172473, 'epoch': 5.3}
{'loss': 1.4663, 'learning_rate': 0.0005340076453326241, 'epoch': 5.3}
{'loss': 1.8524, 'learning_rate': 0.0005335723105496995, 'epoch': 5.31}
{'loss': 1.8148, 'learning_rate': 0.0005331369502000002, 'epoch': 5.31}
{'loss': 1.862, 'learning_rate': 0.0005327015646150716, 'epoch': 5.31}
{'loss': 1.9112, 'learning_rate': 0.000532266154126479, 'epoch': 5.32}
{'loss': 1.643, 'learning_rate': 0.0005318307190658065, 'epoch': 5.32}
{'loss': 1.6589, 'learning_rate': 0.0005313952597646568, 'epoch': 5.32}
{'loss': 1.7553, 'learning_rate': 0.0005309597765546509, 'epoch': 5.32}
{'loss': 1.6649, 'learning_rate': 0.0005305242697674285, 'epoch': 5.33}
{'loss': 1.6615, 'learning_rate': 0.0005300887397346468, 'epoch': 5.33}
{'loss': 1.6654, 'learning_rate': 0.000529653186787981, 'epoch': 5.33}
{'loss': 1.9246, 'learning_rate': 0.0005292176112591234, 'epoch': 5.33}
{'loss': 1.5937, 'learning_rate': 0.0005287820134797837, 'epoch': 5.33}
{'loss': 1.9585, 'learning_rate': 0.0005283463937816889, 'epoch': 5.34}
{'loss': 2.0362, 'learning_rate': 0.0005279107524965819, 'epoch': 5.34}
{'loss': 1.6076, 'learning_rate': 0.0005274750899562229, 'epoch': 5.34}
{'loss': 1.6233, 'learning_rate': 0.0005270394064923878, 'epoch': 5.34}
{'loss': 1.5724, 'learning_rate': 0.0005266037024368682, 'epoch': 5.35}
{'loss': 1.7139, 'learning_rate': 0.000526167978121472, 'epoch': 5.35}
{'loss': 1.8686, 'learning_rate': 0.0005257322338780222, 'epoch': 5.35}
{'loss': 1.9904, 'learning_rate': 0.0005252964700383567, 'epoch': 5.36}
{'loss': 2.0582, 'learning_rate': 0.000524860686934329, 'epoch': 5.36}
{'loss': 1.9012, 'learning_rate': 0.0005244248848978067, 'epoch': 5.36}
{'loss': 1.795, 'learning_rate': 0.000523989064260672, 'epoch': 5.36}
{'loss': 1.8509, 'learning_rate': 0.0005235532253548213, 'epoch': 5.37}
{'loss': 1.8051, 'learning_rate': 0.000523117368512165, 'epoch': 5.37}
{'loss': 2.0464, 'learning_rate': 0.0005226814940646269, 'epoch': 5.37}
{'loss': 1.6706, 'learning_rate': 0.0005222456023441445, 'epoch': 5.37}
{'loss': 1.9075, 'learning_rate': 0.0005218096936826681, 'epoch': 5.38}
{'loss': 1.5789, 'learning_rate': 0.0005213737684121612, 'epoch': 5.38}
{'loss': 1.4418, 'learning_rate': 0.0005209378268645998, 'epoch': 5.38}
{'loss': 1.564, 'learning_rate': 0.0005205018693719726, 'epoch': 5.38}
{'loss': 1.8374, 'learning_rate': 0.0005200658962662798, 'epoch': 5.38}
{'loss': 1.7222, 'learning_rate': 0.0005196299078795343, 'epoch': 5.39}
{'loss': 1.7346, 'learning_rate': 0.00051919390454376, 'epoch': 5.39}
{'loss': 1.8425, 'learning_rate': 0.0005187578865909924, 'epoch': 5.39}
{'loss': 1.2802, 'learning_rate': 0.0005183218543532782, 'epoch': 5.39}
{'loss': 1.8339, 'learning_rate': 0.0005178858081626748, 'epoch': 5.4}
{'loss': 1.7837, 'learning_rate': 0.0005174497483512506, 'epoch': 5.4}
{'loss': 1.8584, 'learning_rate': 0.0005170136752510837, 'epoch': 5.4}
{'loss': 1.9164, 'learning_rate': 0.0005165775891942631, 'epoch': 5.41}
{'loss': 1.817, 'learning_rate': 0.0005161414905128873, 'epoch': 5.41}
{'loss': 1.6544, 'learning_rate': 0.0005157053795390641, 'epoch': 5.41}
{'loss': 1.6771, 'learning_rate': 0.0005152692566049114, 'epoch': 5.41}
{'loss': 1.7265, 'learning_rate': 0.0005148331220425553, 'epoch': 5.42}
{'loss': 1.7682, 'learning_rate': 0.0005143969761841318, 'epoch': 5.42}
{'loss': 1.5354, 'learning_rate': 0.0005139608193617845, 'epoch': 5.42}
{'loss': 1.6363, 'learning_rate': 0.000513524651907666, 'epoch': 5.42}
{'loss': 1.7532, 'learning_rate': 0.0005130884741539367, 'epoch': 5.42}
{'loss': 1.808, 'learning_rate': 0.0005126522864327648, 'epoch': 5.43}
{'loss': 1.655, 'learning_rate': 0.0005122160890763266, 'epoch': 5.43}
{'loss': 1.8503, 'learning_rate': 0.0005117798824168052, 'epoch': 5.43}
{'loss': 1.5295, 'learning_rate': 0.0005113436667863908, 'epoch': 5.43}
{'loss': 1.9378, 'learning_rate': 0.0005109074425172806, 'epoch': 5.44}
{'loss': 1.8162, 'learning_rate': 0.0005104712099416785, 'epoch': 5.44}
{'loss': 1.5176, 'learning_rate': 0.0005100349693917946, 'epoch': 5.44}
{'loss': 1.3738, 'learning_rate': 0.000509598721199845, 'epoch': 5.45}
{'loss': 2.1226, 'learning_rate': 0.0005091624656980515, 'epoch': 5.45}
{'loss': 1.4159, 'learning_rate': 0.0005087262032186418, 'epoch': 5.45}
{'loss': 1.7617, 'learning_rate': 0.0005082899340938488, 'epoch': 5.45}
{'loss': 1.5176, 'learning_rate': 0.0005078536586559104, 'epoch': 5.46}
{'loss': 1.801, 'learning_rate': 0.0005074173772370693, 'epoch': 5.46}
{'loss': 2.0093, 'learning_rate': 0.0005069810901695728, 'epoch': 5.46}
{'loss': 1.5999, 'learning_rate': 0.0005065447977856722, 'epoch': 5.46}
{'loss': 1.5417, 'learning_rate': 0.0005061085004176236, 'epoch': 5.46}
{'loss': 1.863, 'learning_rate': 0.0005056721983976862, 'epoch': 5.47}
{'loss': 1.6485, 'learning_rate': 0.0005052358920581229, 'epoch': 5.47}
{'loss': 2.0383, 'learning_rate': 0.0005047995817312, 'epoch': 5.47}
{'loss': 1.9536, 'learning_rate': 0.0005043632677491869, 'epoch': 5.47}
{'loss': 1.6457, 'learning_rate': 0.0005039269504443556, 'epoch': 5.48}
{'loss': 1.801, 'learning_rate': 0.0005034906301489807, 'epoch': 5.48}
{'loss': 1.5269, 'learning_rate': 0.0005030543071953393, 'epoch': 5.48}
{'loss': 1.7781, 'learning_rate': 0.0005026179819157098, 'epoch': 5.49}
{'loss': 1.6591, 'learning_rate': 0.0005021816546423733, 'epoch': 5.49}
{'loss': 1.7797, 'learning_rate': 0.0005017453257076119, 'epoch': 5.49}
{'loss': 1.6928, 'learning_rate': 0.0005013089954437091, 'epoch': 5.49}
{'loss': 1.7136, 'learning_rate': 0.0005008726641829492, 'epoch': 5.5}
{'loss': 1.8318, 'learning_rate': 0.0005004363322576176, 'epoch': 5.5}
{'loss': 1.5139, 'learning_rate': 0.0005, 'epoch': 5.5}
{'loss': 1.6788, 'learning_rate': 0.0004995636677423824, 'epoch': 5.5}
{'loss': 1.6549, 'learning_rate': 0.000499127335817051, 'epoch': 5.5}
{'loss': 1.6355, 'learning_rate': 0.000498691004556291, 'epoch': 5.51}
{'loss': 1.7925, 'learning_rate': 0.0004982546742923883, 'epoch': 5.51}
{'loss': 1.6106, 'learning_rate': 0.0004978183453576267, 'epoch': 5.51}
{'loss': 1.5294, 'learning_rate': 0.0004973820180842901, 'epoch': 5.51}
{'loss': 1.52, 'learning_rate': 0.0004969456928046609, 'epoch': 5.52}
{'loss': 1.8244, 'learning_rate': 0.0004965093698510193, 'epoch': 5.52}
{'loss': 2.0196, 'learning_rate': 0.0004960730495556445, 'epoch': 5.52}
{'loss': 1.8574, 'learning_rate': 0.0004956367322508131, 'epoch': 5.53}
{'loss': 1.5493, 'learning_rate': 0.0004952004182687999, 'epoch': 5.53}
{'loss': 1.6544, 'learning_rate': 0.0004947641079418773, 'epoch': 5.53}
{'loss': 1.6915, 'learning_rate': 0.0004943278016023138, 'epoch': 5.53}
{'loss': 2.0063, 'learning_rate': 0.0004938914995823764, 'epoch': 5.54}
{'loss': 1.4629, 'learning_rate': 0.0004934552022143279, 'epoch': 5.54}
{'loss': 1.7563, 'learning_rate': 0.0004930189098304274, 'epoch': 5.54}
{'loss': 1.7556, 'learning_rate': 0.0004925826227629308, 'epoch': 5.54}
{'loss': 1.7223, 'learning_rate': 0.0004921463413440898, 'epoch': 5.54}
{'loss': 1.8199, 'learning_rate': 0.0004917100659061512, 'epoch': 5.55}
{'loss': 1.442, 'learning_rate': 0.0004912737967813582, 'epoch': 5.55}
{'loss': 1.4745, 'learning_rate': 0.0004908375343019486, 'epoch': 5.55}
{'loss': 1.7566, 'learning_rate': 0.0004904012788001552, 'epoch': 5.55}
{'loss': 1.6403, 'learning_rate': 0.0004899650306082055, 'epoch': 5.56}
{'loss': 1.9317, 'learning_rate': 0.0004895287900583215, 'epoch': 5.56}
{'loss': 2.0039, 'learning_rate': 0.0004890925574827195, 'epoch': 5.56}
{'loss': 1.4535, 'learning_rate': 0.0004886563332136093, 'epoch': 5.56}
{'loss': 1.8236, 'learning_rate': 0.000488220117583195, 'epoch': 5.57}
{'loss': 1.636, 'learning_rate': 0.00048778391092367345, 'epoch': 5.57}
{'loss': 1.9543, 'learning_rate': 0.0004873477135672351, 'epoch': 5.57}
{'loss': 2.1449, 'learning_rate': 0.0004869115258460635, 'epoch': 5.58}
{'loss': 1.7237, 'learning_rate': 0.00048647534809233414, 'epoch': 5.58}
{'loss': 1.3463, 'learning_rate': 0.00048603918063821566, 'epoch': 5.58}
{'loss': 1.7649, 'learning_rate': 0.0004856030238158683, 'epoch': 5.58}
{'loss': 1.5504, 'learning_rate': 0.0004851668779574446, 'epoch': 5.58}
{'loss': 1.7507, 'learning_rate': 0.00048473074339508876, 'epoch': 5.59}
{'loss': 1.7279, 'learning_rate': 0.00048429462046093585, 'epoch': 5.59}
{'loss': 1.5751, 'learning_rate': 0.0004838585094871127, 'epoch': 5.59}
{'loss': 1.9214, 'learning_rate': 0.000483422410805737, 'epoch': 5.59}
{'loss': 1.5821, 'learning_rate': 0.00048298632474891626, 'epoch': 5.6}
{'loss': 1.7096, 'learning_rate': 0.0004825502516487497, 'epoch': 5.6}
{'loss': 2.0286, 'learning_rate': 0.0004821141918373252, 'epoch': 5.6}
{'loss': 1.7897, 'learning_rate': 0.0004816781456467218, 'epoch': 5.61}
{'loss': 1.5946, 'learning_rate': 0.00048124211340900777, 'epoch': 5.61}
{'loss': 2.2143, 'learning_rate': 0.00048080609545624004, 'epoch': 5.61}
{'loss': 2.1537, 'learning_rate': 0.00048037009212046586, 'epoch': 5.61}
{'loss': 1.9347, 'learning_rate': 0.0004799341037337202, 'epoch': 5.62}
{'loss': 1.4263, 'learning_rate': 0.00047949813062802746, 'epoch': 5.62}
{'loss': 1.6716, 'learning_rate': 0.0004790621731354003, 'epoch': 5.62}
{'loss': 1.9243, 'learning_rate': 0.0004786262315878389, 'epoch': 5.62}
{'loss': 1.5428, 'learning_rate': 0.0004781903063173321, 'epoch': 5.62}
{'loss': 1.4554, 'learning_rate': 0.0004777543976558557, 'epoch': 5.63}
{'loss': 1.9599, 'learning_rate': 0.00047731850593537314, 'epoch': 5.63}
{'loss': 1.9096, 'learning_rate': 0.00047688263148783504, 'epoch': 5.63}
{'loss': 1.5825, 'learning_rate': 0.00047644677464517873, 'epoch': 5.63}
{'loss': 1.8764, 'learning_rate': 0.0004760109357393281, 'epoch': 5.64}
{'loss': 1.7227, 'learning_rate': 0.00047557511510219335, 'epoch': 5.64}
{'loss': 1.8651, 'learning_rate': 0.0004751393130656711, 'epoch': 5.64}
{'loss': 1.8871, 'learning_rate': 0.0004747035299616434, 'epoch': 5.64}
{'loss': 1.5884, 'learning_rate': 0.000474267766121978, 'epoch': 5.65}
{'loss': 1.6176, 'learning_rate': 0.0004738320218785281, 'epoch': 5.65}
{'loss': 1.6626, 'learning_rate': 0.0004733962975631319, 'epoch': 5.65}
{'loss': 1.877, 'learning_rate': 0.0004729605935076123, 'epoch': 5.66}
{'loss': 1.9691, 'learning_rate': 0.00047252491004377725, 'epoch': 5.66}
{'loss': 1.7171, 'learning_rate': 0.00047208924750341807, 'epoch': 5.66}
{'loss': 1.6451, 'learning_rate': 0.00047165360621831116, 'epoch': 5.66}
{'loss': 2.0047, 'learning_rate': 0.0004712179865202164, 'epoch': 5.67}
{'loss': 1.7719, 'learning_rate': 0.0004707823887408768, 'epoch': 5.67}
{'loss': 1.8062, 'learning_rate': 0.0004703468132120193, 'epoch': 5.67}
{'loss': 1.9417, 'learning_rate': 0.0004699112602653533, 'epoch': 5.67}
{'loss': 1.7287, 'learning_rate': 0.00046947573023257153, 'epoch': 5.67}
{'loss': 1.7114, 'learning_rate': 0.0004690402234453492, 'epoch': 5.68}
{'loss': 1.7021, 'learning_rate': 0.0004686047402353433, 'epoch': 5.68}
{'loss': 1.5801, 'learning_rate': 0.0004681692809341937, 'epoch': 5.68}
{'loss': 1.8363, 'learning_rate': 0.0004677338458735211, 'epoch': 5.69}
{'loss': 1.6714, 'learning_rate': 0.00046729843538492847, 'epoch': 5.69}
{'loss': 1.8571, 'learning_rate': 0.00046686304980000004, 'epoch': 5.69}
{'loss': 1.8671, 'learning_rate': 0.0004664276894503005, 'epoch': 5.69}
{'loss': 1.8161, 'learning_rate': 0.0004659923546673761, 'epoch': 5.7}
{'loss': 1.8655, 'learning_rate': 0.0004655570457827527, 'epoch': 5.7}
{'loss': 1.8418, 'learning_rate': 0.00046512176312793734, 'epoch': 5.7}
{'loss': 1.9093, 'learning_rate': 0.0004646865070344168, 'epoch': 5.7}
{'loss': 1.8865, 'learning_rate': 0.00046425127783365707, 'epoch': 5.71}
{'loss': 1.4399, 'learning_rate': 0.0004638160758571044, 'epoch': 5.71}
{'loss': 1.6419, 'learning_rate': 0.00046338090143618427, 'epoch': 5.71}
{'loss': 1.8189, 'learning_rate': 0.00046294575490230037, 'epoch': 5.71}
{'loss': 1.6726, 'learning_rate': 0.00046251063658683627, 'epoch': 5.71}
{'loss': 1.8775, 'learning_rate': 0.000462075546821153, 'epoch': 5.72}
{'loss': 1.7682, 'learning_rate': 0.0004616404859365907, 'epoch': 5.72}
{'loss': 1.7812, 'learning_rate': 0.00046120545426446715, 'epoch': 5.72}
{'loss': 1.6119, 'learning_rate': 0.0004607704521360776, 'epoch': 5.72}
{'loss': 1.868, 'learning_rate': 0.00046033547988269535, 'epoch': 5.73}
{'loss': 1.6494, 'learning_rate': 0.00045990053783557063, 'epoch': 5.73}
{'loss': 1.5832, 'learning_rate': 0.0004594656263259306, 'epoch': 5.73}
{'loss': 1.872, 'learning_rate': 0.0004590307456849796, 'epoch': 5.74}
{'loss': 1.7034, 'learning_rate': 0.0004585958962438979, 'epoch': 5.74}
{'loss': 1.6799, 'learning_rate': 0.00045816107833384235, 'epoch': 5.74}
{'loss': 2.8054, 'learning_rate': 0.0004577262922859456, 'epoch': 5.74}
{'loss': 1.9167, 'learning_rate': 0.0004572915384313163, 'epoch': 5.75}
{'loss': 1.8737, 'learning_rate': 0.00045685681710103837, 'epoch': 5.75}
{'loss': 1.7784, 'learning_rate': 0.00045642212862617086, 'epoch': 5.75}
{'loss': 1.6362, 'learning_rate': 0.0004559874733377484, 'epoch': 5.75}
{'loss': 1.8376, 'learning_rate': 0.0004555528515667793, 'epoch': 5.75}
{'loss': 1.9037, 'learning_rate': 0.00045511826364424724, 'epoch': 5.76}
{'loss': 1.873, 'learning_rate': 0.00045468370990111, 'epoch': 5.76}
{'loss': 1.7237, 'learning_rate': 0.00045424919066829885, 'epoch': 5.76}
{'loss': 1.7631, 'learning_rate': 0.0004538147062767191, 'epoch': 5.76}
{'loss': 1.7449, 'learning_rate': 0.00045338025705724997, 'epoch': 5.77}
{'loss': 1.6334, 'learning_rate': 0.00045294584334074284, 'epoch': 5.77}
{'loss': 1.9343, 'learning_rate': 0.00045251146545802315, 'epoch': 5.77}
{'loss': 1.6218, 'learning_rate': 0.000452077123739888, 'epoch': 5.78}
{'loss': 1.7048, 'learning_rate': 0.0004516428185171079, 'epoch': 5.78}
{'loss': 1.5695, 'learning_rate': 0.0004512085501204253, 'epoch': 5.78}
{'loss': 1.9307, 'learning_rate': 0.0004507743188805541, 'epoch': 5.78}
{'loss': 1.7065, 'learning_rate': 0.00045034012512818063, 'epoch': 5.79}
{'loss': 1.7722, 'learning_rate': 0.0004499059691939619, 'epoch': 5.79}
{'loss': 2.0159, 'learning_rate': 0.0004494718514085268, 'epoch': 5.79}
{'loss': 1.6846, 'learning_rate': 0.0004490377721024751, 'epoch': 5.79}
{'loss': 1.4117, 'learning_rate': 0.0004486037316063766, 'epoch': 5.79}
{'loss': 2.0049, 'learning_rate': 0.00044816973025077256, 'epoch': 5.8}
{'loss': 1.9743, 'learning_rate': 0.00044773576836617336, 'epoch': 5.8}
{'loss': 1.5364, 'learning_rate': 0.00044730184628306006, 'epoch': 5.8}
{'loss': 1.5383, 'learning_rate': 0.00044686796433188354, 'epoch': 5.8}
{'loss': 1.6354, 'learning_rate': 0.00044643412284306325, 'epoch': 5.81}
{'loss': 1.9012, 'learning_rate': 0.00044600032214698855, 'epoch': 5.81}
{'loss': 1.688, 'learning_rate': 0.00044556656257401786, 'epoch': 5.81}
{'loss': 1.8167, 'learning_rate': 0.00044513284445447737, 'epoch': 5.81}
{'loss': 1.7138, 'learning_rate': 0.00044469916811866277, 'epoch': 5.82}
{'loss': 1.6743, 'learning_rate': 0.00044426553389683733, 'epoch': 5.82}
{'loss': 1.8718, 'learning_rate': 0.00044383194211923224, 'epoch': 5.82}
{'loss': 1.6092, 'learning_rate': 0.00044339839311604667, 'epoch': 5.83}
{'loss': 1.6637, 'learning_rate': 0.000442964887217447, 'epoch': 5.83}
{'loss': 1.4295, 'learning_rate': 0.00044253142475356676, 'epoch': 5.83}
{'loss': 1.7303, 'learning_rate': 0.00044209800605450643, 'epoch': 5.83}
{'loss': 1.6683, 'learning_rate': 0.0004416646314503334, 'epoch': 5.83}
{'loss': 1.7812, 'learning_rate': 0.00044123130127108126, 'epoch': 5.84}
{'loss': 1.9137, 'learning_rate': 0.0004407980158467495, 'epoch': 5.84}
{'loss': 1.9246, 'learning_rate': 0.00044036477550730426, 'epoch': 5.84}
{'loss': 1.9524, 'learning_rate': 0.00043993158058267646, 'epoch': 5.84}
{'loss': 1.8958, 'learning_rate': 0.0004394984314027631, 'epoch': 5.85}
{'loss': 1.6035, 'learning_rate': 0.00043906532829742634, 'epoch': 5.85}
{'loss': 1.9891, 'learning_rate': 0.0004386322715964925, 'epoch': 5.85}
{'loss': 1.875, 'learning_rate': 0.0004381992616297538, 'epoch': 5.86}
{'loss': 1.6545, 'learning_rate': 0.00043776629872696544, 'epoch': 5.86}
{'loss': 1.7236, 'learning_rate': 0.00043733338321784784, 'epoch': 5.86}
{'loss': 1.8106, 'learning_rate': 0.0004369005154320852, 'epoch': 5.86}
{'loss': 1.9334, 'learning_rate': 0.00043646769569932476, 'epoch': 5.87}
{'loss': 1.827, 'learning_rate': 0.0004360349243491778, 'epoch': 5.87}
{'loss': 1.7919, 'learning_rate': 0.0004356022017112187, 'epoch': 5.87}
{'loss': 2.2343, 'learning_rate': 0.0004351695281149841, 'epoch': 5.87}
{'loss': 1.8235, 'learning_rate': 0.00043473690388997434, 'epoch': 5.88}
{'loss': 1.7519, 'learning_rate': 0.000434304329365651, 'epoch': 5.88}
{'loss': 1.4809, 'learning_rate': 0.0004338718048714387, 'epoch': 5.88}
{'loss': 1.4713, 'learning_rate': 0.0004334393307367239, 'epoch': 5.88}
{'loss': 2.1561, 'learning_rate': 0.00043300690729085393, 'epoch': 5.88}
{'loss': 1.7426, 'learning_rate': 0.0004325745348631386, 'epoch': 5.89}
{'loss': 1.9969, 'learning_rate': 0.00043214221378284787, 'epoch': 5.89}
{'loss': 1.5649, 'learning_rate': 0.0004317099443792132, 'epoch': 5.89}
{'loss': 1.6817, 'learning_rate': 0.00043127772698142676, 'epoch': 5.89}
{'loss': 1.8773, 'learning_rate': 0.00043084556191864054, 'epoch': 5.9}
{'loss': 1.6447, 'learning_rate': 0.0004304134495199674, 'epoch': 5.9}
{'loss': 2.4887, 'learning_rate': 0.0004299813901144794, 'epoch': 5.9}
{'loss': 1.9105, 'learning_rate': 0.0004295493840312087, 'epoch': 5.91}
{'loss': 2.0754, 'learning_rate': 0.0004291174315991469, 'epoch': 5.91}
{'loss': 1.8996, 'learning_rate': 0.00042868553314724423, 'epoch': 5.91}
{'loss': 2.1002, 'learning_rate': 0.0004282536890044104, 'epoch': 5.91}
{'loss': 1.7488, 'learning_rate': 0.0004278218994995135, 'epoch': 5.92}
{'loss': 1.8059, 'learning_rate': 0.00042739016496137983, 'epoch': 5.92}
{'loss': 1.8158, 'learning_rate': 0.00042695848571879425, 'epoch': 5.92}
{'loss': 2.0559, 'learning_rate': 0.00042652686210049916, 'epoch': 5.92}
{'loss': 2.0391, 'learning_rate': 0.0004260952944351947, 'epoch': 5.92}
{'loss': 2.0239, 'learning_rate': 0.00042566378305153855, 'epoch': 5.93}
{'loss': 1.6711, 'learning_rate': 0.0004252323282781453, 'epoch': 5.93}
{'loss': 1.5383, 'learning_rate': 0.0004248009304435865, 'epoch': 5.93}
{'loss': 1.4081, 'learning_rate': 0.0004243695898763904, 'epoch': 5.94}
{'loss': 1.7607, 'learning_rate': 0.00042393830690504164, 'epoch': 5.94}
{'loss': 1.5749, 'learning_rate': 0.00042350708185798106, 'epoch': 5.94}
{'loss': 1.5974, 'learning_rate': 0.00042307591506360494, 'epoch': 5.94}
{'loss': 1.8953, 'learning_rate': 0.0004226448068502661, 'epoch': 5.95}
{'loss': 1.7632, 'learning_rate': 0.00042221375754627154, 'epoch': 5.95}
{'loss': 1.5965, 'learning_rate': 0.0004217827674798845, 'epoch': 5.95}
{'loss': 1.7224, 'learning_rate': 0.0004213518369793228, 'epoch': 5.95}
{'loss': 1.8659, 'learning_rate': 0.0004209209663727582, 'epoch': 5.96}
{'loss': 2.0341, 'learning_rate': 0.000420490155988318, 'epoch': 5.96}
{'loss': 1.9158, 'learning_rate': 0.0004200594061540826, 'epoch': 5.96}
{'loss': 1.7161, 'learning_rate': 0.0004196287171980869, 'epoch': 5.96}
{'loss': 1.6091, 'learning_rate': 0.0004191980894483195, 'epoch': 5.96}
{'loss': 1.8866, 'learning_rate': 0.00041876752323272175, 'epoch': 5.97}
{'loss': 1.91, 'learning_rate': 0.00041833701887918903, 'epoch': 5.97}
{'loss': 1.9387, 'learning_rate': 0.0004179065767155686, 'epoch': 5.97}
{'loss': 1.8219, 'learning_rate': 0.00041747619706966117, 'epoch': 5.97}
{'loss': 1.7369, 'learning_rate': 0.00041704588026921977, 'epoch': 5.98}
{'loss': 1.961, 'learning_rate': 0.0004166156266419489, 'epoch': 5.98}
{'loss': 2.2401, 'learning_rate': 0.00041618543651550567, 'epoch': 5.98}
{'loss': 1.8042, 'learning_rate': 0.0004157553102174988, 'epoch': 5.99}
{'loss': 2.2365, 'learning_rate': 0.0004153252480754877, 'epoch': 5.99}
{'loss': 1.8845, 'learning_rate': 0.00041489525041698384, 'epoch': 5.99}
{'loss': 1.7863, 'learning_rate': 0.00041446531756944875, 'epoch': 5.99}
{'loss': 1.6953, 'learning_rate': 0.00041403544986029516, 'epoch': 6.0}
{'loss': 1.5683, 'learning_rate': 0.00041360564761688633, 'epoch': 6.0}
{'loss': 1.7487, 'learning_rate': 0.00041317591116653486, 'epoch': 6.0}
{'loss': 1.6687, 'learning_rate': 0.0004127462408365041, 'epoch': 6.0}
{'loss': 1.314, 'learning_rate': 0.0004123166369540065, 'epoch': 6.0}
{'loss': 1.5035, 'learning_rate': 0.00041188709984620416, 'epoch': 6.01}
{'loss': 1.5718, 'learning_rate': 0.0004114576298402084, 'epoch': 6.01}
{'loss': 1.2448, 'learning_rate': 0.0004110282272630792, 'epoch': 6.01}
{'loss': 1.5543, 'learning_rate': 0.0004105988924418252, 'epoch': 6.01}
{'loss': 1.2678, 'learning_rate': 0.0004101696257034037, 'epoch': 6.02}
{'loss': 1.2287, 'learning_rate': 0.00040974042737472005, 'epoch': 6.02}
{'loss': 1.4055, 'learning_rate': 0.0004093112977826273, 'epoch': 6.02}
{'loss': 1.7072, 'learning_rate': 0.00040888223725392626, 'epoch': 6.03}
{'loss': 1.5406, 'learning_rate': 0.0004084532461153655, 'epoch': 6.03}
{'loss': 1.3934, 'learning_rate': 0.0004080243246936399, 'epoch': 6.03}
{'loss': 1.4696, 'learning_rate': 0.0004075954733153922, 'epoch': 6.03}
{'loss': 1.5565, 'learning_rate': 0.0004071666923072115, 'epoch': 6.04}
{'loss': 1.519, 'learning_rate': 0.00040673798199563266, 'epoch': 6.04}
{'loss': 1.5966, 'learning_rate': 0.0004063093427071376, 'epoch': 6.04}
{'loss': 1.4596, 'learning_rate': 0.0004058807747681539, 'epoch': 6.04}
{'loss': 1.8584, 'learning_rate': 0.0004054522785050543, 'epoch': 6.04}
{'loss': 1.6385, 'learning_rate': 0.0004050238542441578, 'epoch': 6.05}
{'loss': 1.5751, 'learning_rate': 0.0004045955023117276, 'epoch': 6.05}
{'loss': 1.6996, 'learning_rate': 0.0004041672230339726, 'epoch': 6.05}
{'loss': 1.5515, 'learning_rate': 0.0004037390167370464, 'epoch': 6.05}
{'loss': 1.4206, 'learning_rate': 0.00040331088374704607, 'epoch': 6.06}
{'loss': 1.3591, 'learning_rate': 0.0004028828243900141, 'epoch': 6.06}
{'loss': 1.2551, 'learning_rate': 0.00040245483899193594, 'epoch': 6.06}
{'loss': 1.5466, 'learning_rate': 0.0004020269278787411, 'epoch': 6.07}
{'loss': 1.4536, 'learning_rate': 0.0004015990913763029, 'epoch': 6.07}
{'loss': 1.5519, 'learning_rate': 0.0004011713298104369, 'epoch': 6.07}
{'loss': 1.4235, 'learning_rate': 0.00040074364350690267, 'epoch': 6.07}
{'loss': 1.331, 'learning_rate': 0.0004003160327914015, 'epoch': 6.08}
{'loss': 1.4528, 'learning_rate': 0.0003998884979895777, 'epoch': 6.08}
{'loss': 1.6149, 'learning_rate': 0.0003994610394270178, 'epoch': 6.08}
{'loss': 1.5211, 'learning_rate': 0.00039903365742924974, 'epoch': 6.08}
{'loss': 1.5056, 'learning_rate': 0.0003986063523217439, 'epoch': 6.08}
{'loss': 1.6386, 'learning_rate': 0.00039817912442991133, 'epoch': 6.09}
{'loss': 1.7489, 'learning_rate': 0.00039775197407910487, 'epoch': 6.09}
{'loss': 1.4176, 'learning_rate': 0.0003973249015946182, 'epoch': 6.09}
{'loss': 1.3976, 'learning_rate': 0.00039689790730168523, 'epoch': 6.09}
{'loss': 1.7176, 'learning_rate': 0.0003964709915254809, 'epoch': 6.1}
{'loss': 1.6871, 'learning_rate': 0.0003960441545911204, 'epoch': 6.1}
{'loss': 1.7345, 'learning_rate': 0.0003956173968236582, 'epoch': 6.1}
{'loss': 1.2493, 'learning_rate': 0.0003951907185480892, 'epoch': 6.11}
{'loss': 1.5123, 'learning_rate': 0.00039476412008934724, 'epoch': 6.11}
{'loss': 1.4774, 'learning_rate': 0.00039433760177230574, 'epoch': 6.11}
{'loss': 1.5272, 'learning_rate': 0.0003939111639217769, 'epoch': 6.11}
{'loss': 1.5597, 'learning_rate': 0.00039348480686251174, 'epoch': 6.12}
{'loss': 1.9084, 'learning_rate': 0.0003930585309191997, 'epoch': 6.12}
{'loss': 1.6932, 'learning_rate': 0.0003926323364164684, 'epoch': 6.12}
{'loss': 1.4385, 'learning_rate': 0.0003922062236788836, 'epoch': 6.12}
{'loss': 1.4753, 'learning_rate': 0.0003917801930309486, 'epoch': 6.12}
{'loss': 1.5112, 'learning_rate': 0.00039135424479710425, 'epoch': 6.13}
{'loss': 1.387, 'learning_rate': 0.0003909283793017289, 'epoch': 6.13}
{'loss': 1.302, 'learning_rate': 0.00039050259686913716, 'epoch': 6.13}
{'loss': 1.3358, 'learning_rate': 0.0003900768978235812, 'epoch': 6.13}
{'loss': 1.7587, 'learning_rate': 0.0003896512824892495, 'epoch': 6.14}
{'loss': 1.5281, 'learning_rate': 0.0003892257511902664, 'epoch': 6.14}
{'loss': 1.6594, 'learning_rate': 0.0003888003042506927, 'epoch': 6.14}
{'loss': 1.3971, 'learning_rate': 0.0003883749419945244, 'epoch': 6.14}
{'loss': 1.3745, 'learning_rate': 0.0003879496647456936, 'epoch': 6.15}
{'loss': 1.4632, 'learning_rate': 0.0003875244728280676, 'epoch': 6.15}
{'loss': 1.52, 'learning_rate': 0.0003870993665654482, 'epoch': 6.15}
{'loss': 1.3777, 'learning_rate': 0.00038667434628157236, 'epoch': 6.16}
{'loss': 1.2744, 'learning_rate': 0.00038624941230011193, 'epoch': 6.16}
{'loss': 1.2923, 'learning_rate': 0.0003858245649446721, 'epoch': 6.16}
{'loss': 1.4338, 'learning_rate': 0.00038539980453879304, 'epoch': 6.16}
{'loss': 1.5924, 'learning_rate': 0.0003849751314059479, 'epoch': 6.17}
{'loss': 1.648, 'learning_rate': 0.00038455054586954374, 'epoch': 6.17}
{'loss': 1.705, 'learning_rate': 0.0003841260482529214, 'epoch': 6.17}
{'loss': 1.4473, 'learning_rate': 0.0003837016388793538, 'epoch': 6.17}
{'loss': 1.261, 'learning_rate': 0.00038327731807204744, 'epoch': 6.17}
{'loss': 1.4242, 'learning_rate': 0.00038285308615414074, 'epoch': 6.18}
{'loss': 1.637, 'learning_rate': 0.000382428943448705, 'epoch': 6.18}
{'loss': 1.5276, 'learning_rate': 0.0003820048902787435, 'epoch': 6.18}
{'loss': 1.6007, 'learning_rate': 0.0003815809269671907, 'epoch': 6.18}
{'loss': 1.2919, 'learning_rate': 0.0003811570538369135, 'epoch': 6.19}
{'loss': 1.3961, 'learning_rate': 0.00038073327121070967, 'epoch': 6.19}
{'loss': 1.5783, 'learning_rate': 0.0003803095794113079, 'epoch': 6.19}
{'loss': 1.443, 'learning_rate': 0.0003798859787613682, 'epoch': 6.2}
{'loss': 1.704, 'learning_rate': 0.0003794624695834807, 'epoch': 6.2}
{'loss': 1.48, 'learning_rate': 0.0003790390522001662, 'epoch': 6.2}
{'loss': 1.6718, 'learning_rate': 0.0003786157269338753, 'epoch': 6.2}
{'loss': 1.6617, 'learning_rate': 0.00037819249410698874, 'epoch': 6.21}
{'loss': 1.5143, 'learning_rate': 0.00037776935404181677, 'epoch': 6.21}
{'loss': 1.4134, 'learning_rate': 0.0003773463070605987, 'epoch': 6.21}
{'loss': 1.7292, 'learning_rate': 0.0003769233534855035, 'epoch': 6.21}
{'loss': 1.3307, 'learning_rate': 0.0003765004936386286, 'epoch': 6.21}
{'loss': 1.7332, 'learning_rate': 0.000376077727842, 'epoch': 6.22}
{'loss': 1.55, 'learning_rate': 0.0003756550564175727, 'epoch': 6.22}
{'loss': 1.461, 'learning_rate': 0.0003752324796872288, 'epoch': 6.22}
{'loss': 1.596, 'learning_rate': 0.0003748099979727792, 'epoch': 6.22}
{'loss': 1.7722, 'learning_rate': 0.00037438761159596225, 'epoch': 6.23}
{'loss': 1.6392, 'learning_rate': 0.00037396532087844315, 'epoch': 6.23}
{'loss': 1.2508, 'learning_rate': 0.0003735431261418151, 'epoch': 6.23}
{'loss': 1.5842, 'learning_rate': 0.0003731210277075972, 'epoch': 6.24}
{'loss': 1.5699, 'learning_rate': 0.00037269902589723617, 'epoch': 6.24}
{'loss': 1.4981, 'learning_rate': 0.0003722771210321048, 'epoch': 6.24}
{'loss': 1.6385, 'learning_rate': 0.00037185531343350163, 'epoch': 6.24}
{'loss': 1.4386, 'learning_rate': 0.000371433603422652, 'epoch': 6.25}
{'loss': 1.4997, 'learning_rate': 0.00037101199132070595, 'epoch': 6.25}
{'loss': 1.7108, 'learning_rate': 0.0003705904774487396, 'epoch': 6.25}
{'loss': 1.6502, 'learning_rate': 0.0003701690621277544, 'epoch': 6.25}
{'loss': 1.3919, 'learning_rate': 0.00036974774567867584, 'epoch': 6.25}
{'loss': 1.8573, 'learning_rate': 0.00036932652842235536, 'epoch': 6.26}
{'loss': 1.3015, 'learning_rate': 0.0003689054106795677, 'epoch': 6.26}
{'loss': 1.5149, 'learning_rate': 0.0003684843927710126, 'epoch': 6.26}
{'loss': 1.4937, 'learning_rate': 0.0003680634750173137, 'epoch': 6.26}
{'loss': 1.5843, 'learning_rate': 0.0003676426577390177, 'epoch': 6.27}
{'loss': 1.6204, 'learning_rate': 0.0003672219412565956, 'epoch': 6.27}
{'loss': 1.5962, 'learning_rate': 0.00036680132589044136, 'epoch': 6.27}
{'loss': 1.344, 'learning_rate': 0.0003663808119608716, 'epoch': 6.28}
{'loss': 1.5174, 'learning_rate': 0.0003659603997881263, 'epoch': 6.28}
{'loss': 1.5055, 'learning_rate': 0.00036554008969236717, 'epoch': 6.28}
{'loss': 1.3094, 'learning_rate': 0.000365119881993679, 'epoch': 6.28}
{'loss': 1.9205, 'learning_rate': 0.0003646997770120683, 'epoch': 6.29}
{'loss': 1.762, 'learning_rate': 0.0003642797750674629, 'epoch': 6.29}
{'loss': 1.6568, 'learning_rate': 0.0003638598764797129, 'epoch': 6.29}
{'loss': 1.5633, 'learning_rate': 0.0003634400815685892, 'epoch': 6.29}
{'loss': 1.7132, 'learning_rate': 0.00036302039065378377, 'epoch': 6.29}
{'loss': 1.8013, 'learning_rate': 0.00036260080405490976, 'epoch': 6.3}
{'loss': 1.3933, 'learning_rate': 0.00036218132209150044, 'epoch': 6.3}
{'loss': 1.6072, 'learning_rate': 0.0003617619450830097, 'epoch': 6.3}
{'loss': 1.4251, 'learning_rate': 0.00036134267334881113, 'epoch': 6.3}
{'loss': 1.956, 'learning_rate': 0.00036092350720819865, 'epoch': 6.31}
{'loss': 1.5745, 'learning_rate': 0.0003605044469803854, 'epoch': 6.31}
{'loss': 1.425, 'learning_rate': 0.000360085492984504, 'epoch': 6.31}
{'loss': 1.6934, 'learning_rate': 0.0003596666455396062, 'epoch': 6.32}
{'loss': 1.345, 'learning_rate': 0.00035924790496466233, 'epoch': 6.32}
{'loss': 1.7425, 'learning_rate': 0.0003588292715785617, 'epoch': 6.32}
{'loss': 1.3455, 'learning_rate': 0.0003584107457001121, 'epoch': 6.32}
{'loss': 1.6865, 'learning_rate': 0.0003579923276480387, 'epoch': 6.33}
{'loss': 1.489, 'learning_rate': 0.0003575740177409853, 'epoch': 6.33}
{'loss': 1.6792, 'learning_rate': 0.00035715581629751326, 'epoch': 6.33}
{'loss': 1.3064, 'learning_rate': 0.0003567377236361008, 'epoch': 6.33}
{'loss': 1.6281, 'learning_rate': 0.00035631974007514414, 'epoch': 6.33}
{'loss': 1.5407, 'learning_rate': 0.0003559018659329554, 'epoch': 6.34}
{'loss': 1.4975, 'learning_rate': 0.0003554841015277641, 'epoch': 6.34}
{'loss': 1.6268, 'learning_rate': 0.0003550664471777164, 'epoch': 6.34}
{'loss': 1.5574, 'learning_rate': 0.00035464890320087373, 'epoch': 6.34}
{'loss': 1.4746, 'learning_rate': 0.0003542314699152145, 'epoch': 6.35}
{'loss': 1.5149, 'learning_rate': 0.00035381414763863166, 'epoch': 6.35}
{'loss': 1.6145, 'learning_rate': 0.00035339693668893477, 'epoch': 6.35}
{'loss': 1.2749, 'learning_rate': 0.0003529798373838481, 'epoch': 6.36}
{'loss': 1.304, 'learning_rate': 0.0003525628500410107, 'epoch': 6.36}
{'loss': 1.5946, 'learning_rate': 0.0003521459749779768, 'epoch': 6.36}
{'loss': 1.5019, 'learning_rate': 0.0003517292125122146, 'epoch': 6.36}
{'loss': 1.54, 'learning_rate': 0.00035131256296110704, 'epoch': 6.37}
{'loss': 1.4835, 'learning_rate': 0.000350896026641951, 'epoch': 6.37}
{'loss': 1.3919, 'learning_rate': 0.00035047960387195673, 'epoch': 6.37}
{'loss': 1.6646, 'learning_rate': 0.0003500632949682484, 'epoch': 6.37}
{'loss': 1.5045, 'learning_rate': 0.0003496471002478635, 'epoch': 6.38}
{'loss': 1.7861, 'learning_rate': 0.0003492310200277522, 'epoch': 6.38}
{'loss': 1.589, 'learning_rate': 0.00034881505462477783, 'epoch': 6.38}
{'loss': 1.4222, 'learning_rate': 0.00034839920435571605, 'epoch': 6.38}
{'loss': 1.6443, 'learning_rate': 0.00034798346953725484, 'epoch': 6.38}
{'loss': 1.5719, 'learning_rate': 0.0003475678504859946, 'epoch': 6.39}
{'loss': 1.0842, 'learning_rate': 0.0003471523475184472, 'epoch': 6.39}
{'loss': 1.4436, 'learning_rate': 0.00034673696095103624, 'epoch': 6.39}
{'loss': 1.5846, 'learning_rate': 0.0003463216911000965, 'epoch': 6.39}
{'loss': 1.114, 'learning_rate': 0.00034590653828187425, 'epoch': 6.4}
{'loss': 1.2756, 'learning_rate': 0.00034549150281252633, 'epoch': 6.4}
{'loss': 1.384, 'learning_rate': 0.0003450765850081202, 'epoch': 6.4}
{'loss': 1.2568, 'learning_rate': 0.00034466178518463423, 'epoch': 6.41}
{'loss': 1.752, 'learning_rate': 0.00034424710365795597, 'epoch': 6.41}
{'loss': 1.5759, 'learning_rate': 0.0003438325407438837, 'epoch': 6.41}
{'loss': 1.6154, 'learning_rate': 0.0003434180967581253, 'epoch': 6.41}
{'loss': 1.5624, 'learning_rate': 0.0003430037720162975, 'epoch': 6.42}
{'loss': 1.3793, 'learning_rate': 0.00034258956683392704, 'epoch': 6.42}
{'loss': 1.2253, 'learning_rate': 0.0003421754815264488, 'epoch': 6.42}
{'loss': 1.4938, 'learning_rate': 0.00034176151640920695, 'epoch': 6.42}
{'loss': 1.5848, 'learning_rate': 0.000341347671797454, 'epoch': 6.42}
{'loss': 1.7901, 'learning_rate': 0.0003409339480063504, 'epoch': 6.43}
{'loss': 1.5958, 'learning_rate': 0.000340520345350965, 'epoch': 6.43}
{'loss': 1.5768, 'learning_rate': 0.00034010686414627424, 'epoch': 6.43}
{'loss': 1.5524, 'learning_rate': 0.0003396935047071619, 'epoch': 6.43}
{'loss': 1.3674, 'learning_rate': 0.0003392802673484193, 'epoch': 6.44}
{'loss': 1.7673, 'learning_rate': 0.00033886715238474455, 'epoch': 6.44}
{'loss': 1.1967, 'learning_rate': 0.0003384541601307426, 'epoch': 6.44}
{'loss': 1.3187, 'learning_rate': 0.0003380412909009254, 'epoch': 6.45}
{'loss': 1.2187, 'learning_rate': 0.0003376285450097103, 'epoch': 6.45}
{'loss': 1.5379, 'learning_rate': 0.00033721592277142175, 'epoch': 6.45}
{'loss': 1.6268, 'learning_rate': 0.0003368034245002892, 'epoch': 6.45}
{'loss': 1.5945, 'learning_rate': 0.00033639105051044805, 'epoch': 6.46}
{'loss': 1.4571, 'learning_rate': 0.0003359788011159393, 'epoch': 6.46}
{'loss': 1.387, 'learning_rate': 0.00033556667663070836, 'epoch': 6.46}
{'loss': 1.5432, 'learning_rate': 0.0003351546773686065, 'epoch': 6.46}
{'loss': 1.4057, 'learning_rate': 0.00033474280364338856, 'epoch': 6.46}
{'loss': 1.9257, 'learning_rate': 0.00033433105576871446, 'epoch': 6.47}
{'loss': 1.6388, 'learning_rate': 0.0003339194340581485, 'epoch': 6.47}
{'loss': 1.5514, 'learning_rate': 0.0003335079388251579, 'epoch': 6.47}
{'loss': 1.3257, 'learning_rate': 0.00033309657038311456, 'epoch': 6.47}
{'loss': 1.8218, 'learning_rate': 0.0003326853290452935, 'epoch': 6.48}
{'loss': 1.6214, 'learning_rate': 0.00033227421512487253, 'epoch': 6.48}
{'loss': 1.8986, 'learning_rate': 0.00033186322893493313, 'epoch': 6.48}
{'loss': 1.6316, 'learning_rate': 0.000331452370788459, 'epoch': 6.49}
{'loss': 1.365, 'learning_rate': 0.0003310416409983365, 'epoch': 6.49}
{'loss': 1.4143, 'learning_rate': 0.0003306310398773543, 'epoch': 6.49}
{'loss': 1.5617, 'learning_rate': 0.000330220567738203, 'epoch': 6.49}
{'loss': 1.7325, 'learning_rate': 0.00032981022489347503, 'epoch': 6.5}
{'loss': 1.7537, 'learning_rate': 0.0003294000116556641, 'epoch': 6.5}
{'loss': 1.3972, 'learning_rate': 0.0003289899283371657, 'epoch': 6.5}
{'loss': 1.1766, 'learning_rate': 0.00032857997525027595, 'epoch': 6.5}
{'loss': 1.3894, 'learning_rate': 0.00032817015270719197, 'epoch': 6.5}
{'loss': 1.6192, 'learning_rate': 0.0003277604610200117, 'epoch': 6.51}
{'loss': 1.5698, 'learning_rate': 0.0003273509005007327, 'epoch': 6.51}
{'loss': 2.0028, 'learning_rate': 0.0003269414714612534, 'epoch': 6.51}
{'loss': 1.3048, 'learning_rate': 0.0003265321742133721, 'epoch': 6.51}
{'loss': 1.3968, 'learning_rate': 0.000326123009068786, 'epoch': 6.52}
{'loss': 1.7017, 'learning_rate': 0.0003257139763390925, 'epoch': 6.52}
{'loss': 1.6061, 'learning_rate': 0.0003253050763357874, 'epoch': 6.52}
{'loss': 1.6762, 'learning_rate': 0.00032489630937026625, 'epoch': 6.53}
{'loss': 1.6959, 'learning_rate': 0.00032448767575382284, 'epoch': 6.53}
{'loss': 1.3931, 'learning_rate': 0.00032407917579764913, 'epoch': 6.53}
{'loss': 1.8154, 'learning_rate': 0.00032367080981283595, 'epoch': 6.53}
{'loss': 1.3845, 'learning_rate': 0.00032326257811037153, 'epoch': 6.54}
{'loss': 1.3997, 'learning_rate': 0.00032285448100114204, 'epoch': 6.54}
{'loss': 1.5666, 'learning_rate': 0.00032244651879593156, 'epoch': 6.54}
{'loss': 1.6058, 'learning_rate': 0.0003220386918054206, 'epoch': 6.54}
{'loss': 1.3956, 'learning_rate': 0.0003216310003401873, 'epoch': 6.54}
{'loss': 1.5287, 'learning_rate': 0.00032122344471070683, 'epoch': 6.55}
{'loss': 1.4108, 'learning_rate': 0.00032081602522734986, 'epoch': 6.55}
{'loss': 1.6339, 'learning_rate': 0.00032040874220038465, 'epoch': 6.55}
{'loss': 1.5038, 'learning_rate': 0.00032000159593997444, 'epoch': 6.55}
{'loss': 1.2422, 'learning_rate': 0.0003195945867561791, 'epoch': 6.56}
{'loss': 1.5027, 'learning_rate': 0.00031918771495895393, 'epoch': 6.56}
{'loss': 1.588, 'learning_rate': 0.0003187809808581492, 'epoch': 6.56}
{'loss': 1.7161, 'learning_rate': 0.0003183743847635109, 'epoch': 6.56}
{'loss': 1.8824, 'learning_rate': 0.00031796792698467945, 'epoch': 6.57}
{'loss': 1.6114, 'learning_rate': 0.00031756160783119017, 'epoch': 6.57}
{'loss': 1.5186, 'learning_rate': 0.00031715542761247284, 'epoch': 6.57}
{'loss': 1.2972, 'learning_rate': 0.0003167493866378514, 'epoch': 6.58}
{'loss': 1.2205, 'learning_rate': 0.00031634348521654366, 'epoch': 6.58}
{'loss': 1.4699, 'learning_rate': 0.00031593772365766105, 'epoch': 6.58}
{'loss': 1.6224, 'learning_rate': 0.0003155321022702089, 'epoch': 6.58}
{'loss': 1.3811, 'learning_rate': 0.0003151266213630854, 'epoch': 6.58}
{'loss': 1.6337, 'learning_rate': 0.00031472128124508187, 'epoch': 6.59}
{'loss': 1.4924, 'learning_rate': 0.00031431608222488275, 'epoch': 6.59}
{'loss': 2.0134, 'learning_rate': 0.00031391102461106416, 'epoch': 6.59}
{'loss': 1.4791, 'learning_rate': 0.0003135061087120955, 'epoch': 6.59}
{'loss': 1.3201, 'learning_rate': 0.00031310133483633795, 'epoch': 6.6}
{'loss': 1.489, 'learning_rate': 0.00031269670329204396, 'epoch': 6.6}
{'loss': 1.5576, 'learning_rate': 0.0003122922143873584, 'epoch': 6.6}
{'loss': 1.5549, 'learning_rate': 0.00031188786843031725, 'epoch': 6.61}
{'loss': 1.6666, 'learning_rate': 0.0003114836657288472, 'epoch': 6.61}
{'loss': 1.7544, 'learning_rate': 0.0003110796065907665, 'epoch': 6.61}
{'loss': 1.5549, 'learning_rate': 0.00031067569132378354, 'epoch': 6.61}
{'loss': 1.5735, 'learning_rate': 0.0003102719202354974, 'epoch': 6.62}
{'loss': 1.464, 'learning_rate': 0.00030986829363339763, 'epoch': 6.62}
{'loss': 1.2912, 'learning_rate': 0.000309464811824863, 'epoch': 6.62}
{'loss': 1.4836, 'learning_rate': 0.00030906147511716275, 'epoch': 6.62}
{'loss': 1.4525, 'learning_rate': 0.0003086582838174551, 'epoch': 6.62}
{'loss': 1.4871, 'learning_rate': 0.000308255238232788, 'epoch': 6.63}
{'loss': 1.4357, 'learning_rate': 0.0003078523386700982, 'epoch': 6.63}
{'loss': 1.4643, 'learning_rate': 0.000307449585436211, 'epoch': 6.63}
{'loss': 1.5522, 'learning_rate': 0.0003070469788378408, 'epoch': 6.63}
{'loss': 1.5113, 'learning_rate': 0.00030664451918158977, 'epoch': 6.64}
{'loss': 1.5722, 'learning_rate': 0.0003062422067739485, 'epoch': 6.64}
{'loss': 1.5513, 'learning_rate': 0.0003058400419212957, 'epoch': 6.64}
{'loss': 1.6644, 'learning_rate': 0.0003054380249298969, 'epoch': 6.64}
{'loss': 1.4548, 'learning_rate': 0.000305036156105906, 'epoch': 6.65}
{'loss': 1.5111, 'learning_rate': 0.0003046344357553632, 'epoch': 6.65}
{'loss': 1.3604, 'learning_rate': 0.00030423286418419614, 'epoch': 6.65}
{'loss': 1.4053, 'learning_rate': 0.0003038314416982194, 'epoch': 6.66}
{'loss': 1.5424, 'learning_rate': 0.0003034301686031331, 'epoch': 6.66}
{'loss': 1.5802, 'learning_rate': 0.00030302904520452444, 'epoch': 6.66}
{'loss': 1.4702, 'learning_rate': 0.00030262807180786645, 'epoch': 6.66}
{'loss': 1.6577, 'learning_rate': 0.0003022272487185176, 'epoch': 6.67}
{'loss': 1.4333, 'learning_rate': 0.00030182657624172214, 'epoch': 6.67}
{'loss': 1.6665, 'learning_rate': 0.00030142605468260977, 'epoch': 6.67}
{'loss': 1.5387, 'learning_rate': 0.0003010256843461948, 'epoch': 6.67}
{'loss': 1.6488, 'learning_rate': 0.00030062546553737693, 'epoch': 6.67}
{'loss': 1.2633, 'learning_rate': 0.00030022539856094005, 'epoch': 6.68}
{'loss': 1.4101, 'learning_rate': 0.0002998254837215526, 'epoch': 6.68}
{'loss': 1.5952, 'learning_rate': 0.000299425721323767, 'epoch': 6.68}
{'loss': 1.5293, 'learning_rate': 0.00029902611167201997, 'epoch': 6.69}
{'loss': 1.5861, 'learning_rate': 0.00029862665507063144, 'epoch': 6.69}
{'loss': 1.3355, 'learning_rate': 0.00029822735182380493, 'epoch': 6.69}
{'loss': 1.3882, 'learning_rate': 0.0002978282022356276, 'epoch': 6.69}
{'loss': 1.6381, 'learning_rate': 0.0002974292066100688, 'epoch': 6.7}
{'loss': 1.6172, 'learning_rate': 0.00029703036525098115, 'epoch': 6.7}
{'loss': 1.3584, 'learning_rate': 0.0002966316784621, 'epoch': 6.7}
{'loss': 1.5344, 'learning_rate': 0.00029623314654704226, 'epoch': 6.7}
{'loss': 1.6945, 'learning_rate': 0.0002958347698093077, 'epoch': 6.71}
{'loss': 1.4162, 'learning_rate': 0.0002954365485522771, 'epoch': 6.71}
{'loss': 1.4082, 'learning_rate': 0.0002950384830792136, 'epoch': 6.71}
{'loss': 1.5833, 'learning_rate': 0.00029464057369326145, 'epoch': 6.71}
{'loss': 1.4027, 'learning_rate': 0.0002942428206974456, 'epoch': 6.71}
{'loss': 1.6252, 'learning_rate': 0.00029384522439467254, 'epoch': 6.72}
{'loss': 1.5536, 'learning_rate': 0.00029344778508772916, 'epoch': 6.72}
{'loss': 1.6126, 'learning_rate': 0.0002930505030792826, 'epoch': 6.72}
{'loss': 1.7863, 'learning_rate': 0.00029265337867188056, 'epoch': 6.72}
{'loss': 1.2836, 'learning_rate': 0.0002922564121679504, 'epoch': 6.73}
{'loss': 1.5519, 'learning_rate': 0.0002918596038697995, 'epoch': 6.73}
{'loss': 1.4024, 'learning_rate': 0.00029146295407961456, 'epoch': 6.73}
{'loss': 1.5764, 'learning_rate': 0.0002910664630994615, 'epoch': 6.74}
{'loss': 1.4572, 'learning_rate': 0.0002906701312312861, 'epoch': 6.74}
{'loss': 1.8633, 'learning_rate': 0.00029027395877691145, 'epoch': 6.74}
{'loss': 1.3869, 'learning_rate': 0.0002898779460380406, 'epoch': 6.74}
{'loss': 1.5435, 'learning_rate': 0.00028948209331625455, 'epoch': 6.75}
{'loss': 1.3336, 'learning_rate': 0.0002890864009130121, 'epoch': 6.75}
{'loss': 1.6368, 'learning_rate': 0.0002886908691296504, 'epoch': 6.75}
{'loss': 1.0875, 'learning_rate': 0.000288295498267384, 'epoch': 6.75}
{'loss': 1.5626, 'learning_rate': 0.00028790028862730484, 'epoch': 6.75}
{'loss': 1.657, 'learning_rate': 0.00028750524051038284, 'epoch': 6.76}
{'loss': 1.6736, 'learning_rate': 0.00028711035421746366, 'epoch': 6.76}
{'loss': 1.5746, 'learning_rate': 0.00028671563004927105, 'epoch': 6.76}
{'loss': 1.6244, 'learning_rate': 0.0002863210683064038, 'epoch': 6.76}
{'loss': 1.2848, 'learning_rate': 0.00028592666928933856, 'epoch': 6.77}
{'loss': 1.5435, 'learning_rate': 0.00028553243329842716, 'epoch': 6.77}
{'loss': 1.445, 'learning_rate': 0.0002851383606338973, 'epoch': 6.77}
{'loss': 1.7198, 'learning_rate': 0.0002847444515958523, 'epoch': 6.78}
{'loss': 1.6452, 'learning_rate': 0.00028435070648427175, 'epoch': 6.78}
{'loss': 1.5668, 'learning_rate': 0.0002839571255990088, 'epoch': 6.78}
{'loss': 1.2094, 'learning_rate': 0.0002835637092397932, 'epoch': 6.78}
{'loss': 1.4536, 'learning_rate': 0.00028317045770622786, 'epoch': 6.79}
{'loss': 1.3277, 'learning_rate': 0.00028277737129779146, 'epoch': 6.79}
{'loss': 1.6052, 'learning_rate': 0.0002823844503138363, 'epoch': 6.79}
{'loss': 1.5456, 'learning_rate': 0.00028199169505358873, 'epoch': 6.79}
{'loss': 1.5966, 'learning_rate': 0.00028159910581614903, 'epoch': 6.79}
{'loss': 1.5192, 'learning_rate': 0.00028120668290049087, 'epoch': 6.8}
{'loss': 1.2711, 'learning_rate': 0.00028081442660546124, 'epoch': 6.8}
{'loss': 1.6329, 'learning_rate': 0.000280422337229781, 'epoch': 6.8}
{'loss': 1.7342, 'learning_rate': 0.0002800304150720424, 'epoch': 6.8}
{'loss': 1.7859, 'learning_rate': 0.0002796386604307119, 'epoch': 6.81}
{'loss': 1.6582, 'learning_rate': 0.00027924707360412745, 'epoch': 6.81}
{'loss': 1.4227, 'learning_rate': 0.00027885565489049947, 'epoch': 6.81}
{'loss': 1.5067, 'learning_rate': 0.00027846440458791023, 'epoch': 6.81}
{'loss': 1.6632, 'learning_rate': 0.0002780733229943138, 'epoch': 6.82}
{'loss': 1.1962, 'learning_rate': 0.00027768241040753637, 'epoch': 6.82}
{'loss': 1.524, 'learning_rate': 0.0002772916671252741, 'epoch': 6.82}
{'loss': 1.6936, 'learning_rate': 0.0002769010934450956, 'epoch': 6.83}
{'loss': 1.6387, 'learning_rate': 0.0002765106896644395, 'epoch': 6.83}
{'loss': 1.6836, 'learning_rate': 0.0002761204560806152, 'epoch': 6.83}
{'loss': 1.463, 'learning_rate': 0.00027573039299080246, 'epoch': 6.83}
{'loss': 1.6415, 'learning_rate': 0.0002753405006920518, 'epoch': 6.83}
{'loss': 1.5505, 'learning_rate': 0.00027495077948128246, 'epoch': 6.84}
{'loss': 1.8474, 'learning_rate': 0.00027456122965528474, 'epoch': 6.84}
{'loss': 1.4189, 'learning_rate': 0.00027417185151071716, 'epoch': 6.84}
{'loss': 1.6045, 'learning_rate': 0.00027378264534410864, 'epoch': 6.84}
{'loss': 1.7383, 'learning_rate': 0.00027339361145185635, 'epoch': 6.85}
{'loss': 1.5406, 'learning_rate': 0.00027300475013022663, 'epoch': 6.85}
{'loss': 1.4152, 'learning_rate': 0.00027261606167535427, 'epoch': 6.85}
{'loss': 1.5239, 'learning_rate': 0.0002722275463832423, 'epoch': 6.86}
{'loss': 1.5741, 'learning_rate': 0.00027183920454976196, 'epoch': 6.86}
{'loss': 1.7106, 'learning_rate': 0.0002714510364706531, 'epoch': 6.86}
{'loss': 1.8174, 'learning_rate': 0.0002710630424415216, 'epoch': 6.86}
{'loss': 1.5396, 'learning_rate': 0.0002706752227578427, 'epoch': 6.87}
{'loss': 1.6398, 'learning_rate': 0.0002702875777149572, 'epoch': 6.87}
{'loss': 1.3978, 'learning_rate': 0.0002699001076080742, 'epoch': 6.87}
{'loss': 1.6137, 'learning_rate': 0.0002695128127322689, 'epoch': 6.87}
{'loss': 1.4262, 'learning_rate': 0.00026912569338248315, 'epoch': 6.88}
{'loss': 1.6831, 'learning_rate': 0.00026873874985352517, 'epoch': 6.88}
{'loss': 1.8068, 'learning_rate': 0.00026835198244006924, 'epoch': 6.88}
{'loss': 1.5984, 'learning_rate': 0.00026796539143665555, 'epoch': 6.88}
{'loss': 1.62, 'learning_rate': 0.00026757897713769035, 'epoch': 6.88}
{'loss': 1.2155, 'learning_rate': 0.0002671927398374443, 'epoch': 6.89}
{'loss': 1.706, 'learning_rate': 0.00026680667983005447, 'epoch': 6.89}
{'loss': 1.3552, 'learning_rate': 0.00026642079740952205, 'epoch': 6.89}
{'loss': 1.6021, 'learning_rate': 0.0002660350928697134, 'epoch': 6.89}
{'loss': 1.7119, 'learning_rate': 0.00026564956650435923, 'epoch': 6.9}
{'loss': 1.3044, 'learning_rate': 0.00026526421860705474, 'epoch': 6.9}
{'loss': 1.8461, 'learning_rate': 0.00026487904947125883, 'epoch': 6.9}
{'loss': 1.1512, 'learning_rate': 0.000264494059390295, 'epoch': 6.91}
{'loss': 1.4639, 'learning_rate': 0.00026410924865734965, 'epoch': 6.91}
{'loss': 1.5281, 'learning_rate': 0.00026372461756547306, 'epoch': 6.91}
{'loss': 1.4419, 'learning_rate': 0.00026334016640757835, 'epoch': 6.91}
{'loss': 1.8348, 'learning_rate': 0.00026295589547644196, 'epoch': 6.92}
{'loss': 1.5832, 'learning_rate': 0.0002625718050647028, 'epoch': 6.92}
{'loss': 1.627, 'learning_rate': 0.00026218789546486235, 'epoch': 6.92}
{'loss': 1.4798, 'learning_rate': 0.0002618041669692849, 'epoch': 6.92}
{'loss': 1.5755, 'learning_rate': 0.00026142061987019576, 'epoch': 6.92}
{'loss': 1.4897, 'learning_rate': 0.0002610372544596833, 'epoch': 6.93}
{'loss': 1.517, 'learning_rate': 0.00026065407102969664, 'epoch': 6.93}
{'loss': 1.5537, 'learning_rate': 0.00026027106987204675, 'epoch': 6.93}
{'loss': 1.5387, 'learning_rate': 0.0002598882512784054, 'epoch': 6.94}
{'loss': 1.6197, 'learning_rate': 0.00025950561554030627, 'epoch': 6.94}
{'loss': 1.5397, 'learning_rate': 0.0002591231629491423, 'epoch': 6.94}
{'loss': 1.6746, 'learning_rate': 0.0002587408937961685, 'epoch': 6.94}
{'loss': 1.6749, 'learning_rate': 0.0002583588083724988, 'epoch': 6.95}
{'loss': 1.5214, 'learning_rate': 0.00025797690696910836, 'epoch': 6.95}
{'loss': 1.4071, 'learning_rate': 0.0002575951898768315, 'epoch': 6.95}
{'loss': 1.606, 'learning_rate': 0.0002572136573863625, 'epoch': 6.95}
{'loss': 1.5351, 'learning_rate': 0.0002568323097882548, 'epoch': 6.96}
{'loss': 1.4165, 'learning_rate': 0.0002564511473729213, 'epoch': 6.96}
{'loss': 1.5961, 'learning_rate': 0.0002560701704306336, 'epoch': 6.96}
{'loss': 1.4918, 'learning_rate': 0.0002556893792515227, 'epoch': 6.96}
{'loss': 1.5364, 'learning_rate': 0.00025530877412557684, 'epoch': 6.96}
{'loss': 1.4205, 'learning_rate': 0.0002549283553426442, 'epoch': 6.97}
{'loss': 1.6624, 'learning_rate': 0.00025454812319242957, 'epoch': 6.97}
{'loss': 1.6591, 'learning_rate': 0.00025416807796449677, 'epoch': 6.97}
{'loss': 1.494, 'learning_rate': 0.0002537882199482665, 'epoch': 6.97}
{'loss': 1.7864, 'learning_rate': 0.00025340854943301725, 'epoch': 6.98}
{'loss': 1.3551, 'learning_rate': 0.0002530290667078846, 'epoch': 6.98}
{'loss': 1.6557, 'learning_rate': 0.00025264977206186125, 'epoch': 6.98}
{'loss': 1.5251, 'learning_rate': 0.0002522706657837962, 'epoch': 6.99}
{'loss': 1.4777, 'learning_rate': 0.0002518917481623961, 'epoch': 6.99}
{'loss': 1.5983, 'learning_rate': 0.00025151301948622234, 'epoch': 6.99}
{'loss': 1.3706, 'learning_rate': 0.00025113448004369395, 'epoch': 6.99}
{'loss': 1.704, 'learning_rate': 0.0002507561301230849, 'epoch': 7.0}
{'loss': 1.5778, 'learning_rate': 0.00025037797001252514, 'epoch': 7.0}
{'loss': 1.423, 'learning_rate': 0.0002500000000000001, 'epoch': 7.0}
{'loss': 1.4586, 'learning_rate': 0.0002496222203733501, 'epoch': 7.0}
{'loss': 1.2556, 'learning_rate': 0.00024924463142027124, 'epoch': 7.0}
{'loss': 1.3268, 'learning_rate': 0.00024886723342831373, 'epoch': 7.01}
{'loss': 1.1474, 'learning_rate': 0.00024849002668488247, 'epoch': 7.01}
{'loss': 1.3267, 'learning_rate': 0.0002481130114772369, 'epoch': 7.01}
{'loss': 1.3259, 'learning_rate': 0.00024773618809249045, 'epoch': 7.01}
{'loss': 1.4201, 'learning_rate': 0.0002473595568176103, 'epoch': 7.02}
{'loss': 1.3774, 'learning_rate': 0.0002469831179394182, 'epoch': 7.02}
{'loss': 1.2246, 'learning_rate': 0.0002466068717445879, 'epoch': 7.02}
{'loss': 1.3894, 'learning_rate': 0.00024623081851964806, 'epoch': 7.03}
{'loss': 1.7216, 'learning_rate': 0.00024585495855097877, 'epoch': 7.03}
{'loss': 1.3465, 'learning_rate': 0.00024547929212481435, 'epoch': 7.03}
{'loss': 1.5585, 'learning_rate': 0.0002451038195272409, 'epoch': 7.03}
{'loss': 1.3842, 'learning_rate': 0.0002447285410441972, 'epoch': 7.04}
{'loss': 1.4229, 'learning_rate': 0.00024435345696147403, 'epoch': 7.04}
{'loss': 1.1341, 'learning_rate': 0.0002439785675647143, 'epoch': 7.04}
{'loss': 0.9704, 'learning_rate': 0.00024360387313941245, 'epoch': 7.04}
{'loss': 1.3694, 'learning_rate': 0.0002432293739709151, 'epoch': 7.04}
{'loss': 1.2806, 'learning_rate': 0.0002428550703444189, 'epoch': 7.05}
{'loss': 1.2755, 'learning_rate': 0.00024248096254497287, 'epoch': 7.05}
{'loss': 1.3076, 'learning_rate': 0.0002421070508574763, 'epoch': 7.05}
{'loss': 1.3893, 'learning_rate': 0.0002417333355666791, 'epoch': 7.05}
{'loss': 1.5968, 'learning_rate': 0.0002413598169571818, 'epoch': 7.06}
{'loss': 1.1566, 'learning_rate': 0.00024098649531343496, 'epoch': 7.06}
{'loss': 1.2943, 'learning_rate': 0.00024061337091973916, 'epoch': 7.06}
{'loss': 1.1708, 'learning_rate': 0.0002402404440602455, 'epoch': 7.07}
{'loss': 1.1436, 'learning_rate': 0.00023986771501895298, 'epoch': 7.07}
{'loss': 1.6748, 'learning_rate': 0.000239495184079712, 'epoch': 7.07}
{'loss': 1.1635, 'learning_rate': 0.0002391228515262202, 'epoch': 7.07}
{'loss': 1.304, 'learning_rate': 0.00023875071764202561, 'epoch': 7.08}
{'loss': 1.367, 'learning_rate': 0.00023837878271052416, 'epoch': 7.08}
{'loss': 1.2639, 'learning_rate': 0.00023800704701496051, 'epoch': 7.08}
{'loss': 1.5692, 'learning_rate': 0.00023763551083842756, 'epoch': 7.08}
{'loss': 1.1177, 'learning_rate': 0.00023726417446386623, 'epoch': 7.08}
{'loss': 1.4194, 'learning_rate': 0.0002368930381740652, 'epoch': 7.09}
{'loss': 1.223, 'learning_rate': 0.0002365221022516612, 'epoch': 7.09}
{'loss': 1.1929, 'learning_rate': 0.00023615136697913798, 'epoch': 7.09}
{'loss': 1.313, 'learning_rate': 0.00023578083263882648, 'epoch': 7.09}
{'loss': 1.356, 'learning_rate': 0.00023541049951290478, 'epoch': 7.1}
{'loss': 1.0708, 'learning_rate': 0.0002350403678833976, 'epoch': 7.1}
{'loss': 1.3697, 'learning_rate': 0.00023467043803217637, 'epoch': 7.1}
{'loss': 1.3426, 'learning_rate': 0.0002343007102409585, 'epoch': 7.11}
{'loss': 0.9805, 'learning_rate': 0.0002339311847913082, 'epoch': 7.11}
{'loss': 1.3531, 'learning_rate': 0.00023356186196463497, 'epoch': 7.11}
{'loss': 1.4525, 'learning_rate': 0.00023319274204219425, 'epoch': 7.11}
{'loss': 1.3322, 'learning_rate': 0.00023282382530508683, 'epoch': 7.12}
{'loss': 1.3238, 'learning_rate': 0.00023245511203425894, 'epoch': 7.12}
{'loss': 1.2461, 'learning_rate': 0.00023208660251050156, 'epoch': 7.12}
{'loss': 1.1821, 'learning_rate': 0.0002317182970144513, 'epoch': 7.12}
{'loss': 1.5264, 'learning_rate': 0.000231350195826588, 'epoch': 7.12}
{'loss': 0.9954, 'learning_rate': 0.00023098229922723757, 'epoch': 7.13}
{'loss': 1.3463, 'learning_rate': 0.00023061460749656843, 'epoch': 7.13}
{'loss': 1.2955, 'learning_rate': 0.0002302471209145945, 'epoch': 7.13}
{'loss': 1.6584, 'learning_rate': 0.0002298798397611725, 'epoch': 7.13}
{'loss': 1.2491, 'learning_rate': 0.0002295127643160031, 'epoch': 7.14}
{'loss': 1.3002, 'learning_rate': 0.00022914589485863014, 'epoch': 7.14}
{'loss': 1.2965, 'learning_rate': 0.00022877923166844072, 'epoch': 7.14}
{'loss': 1.4791, 'learning_rate': 0.0002284127750246646, 'epoch': 7.14}
{'loss': 1.3455, 'learning_rate': 0.00022804652520637503, 'epoch': 7.15}
{'loss': 1.4217, 'learning_rate': 0.00022768048249248646, 'epoch': 7.15}
{'loss': 1.2249, 'learning_rate': 0.000227314647161757, 'epoch': 7.15}
{'loss': 1.109, 'learning_rate': 0.0002269490194927855, 'epoch': 7.16}
{'loss': 1.5859, 'learning_rate': 0.00022658359976401388, 'epoch': 7.16}
{'loss': 1.3531, 'learning_rate': 0.00022621838825372491, 'epoch': 7.16}
{'loss': 1.3061, 'learning_rate': 0.00022585338524004316, 'epoch': 7.16}
{'loss': 1.4787, 'learning_rate': 0.00022548859100093404, 'epoch': 7.17}
{'loss': 1.3047, 'learning_rate': 0.00022512400581420483, 'epoch': 7.17}
{'loss': 1.4024, 'learning_rate': 0.0002247596299575022, 'epoch': 7.17}
{'loss': 1.4572, 'learning_rate': 0.00022439546370831497, 'epoch': 7.17}
{'loss': 1.2983, 'learning_rate': 0.00022403150734397092, 'epoch': 7.17}
{'loss': 1.2633, 'learning_rate': 0.00022366776114163918, 'epoch': 7.18}
{'loss': 1.5015, 'learning_rate': 0.000223304225378328, 'epoch': 7.18}
{'loss': 1.3873, 'learning_rate': 0.00022294090033088588, 'epoch': 7.18}
{'loss': 1.5495, 'learning_rate': 0.00022257778627600045, 'epoch': 7.18}
{'loss': 1.4191, 'learning_rate': 0.00022221488349019903, 'epoch': 7.19}
{'loss': 1.4008, 'learning_rate': 0.00022185219224984758, 'epoch': 7.19}
{'loss': 1.4769, 'learning_rate': 0.00022148971283115167, 'epoch': 7.19}
{'loss': 1.1931, 'learning_rate': 0.00022112744551015494, 'epoch': 7.2}
{'loss': 1.2469, 'learning_rate': 0.00022076539056273975, 'epoch': 7.2}
{'loss': 1.5308, 'learning_rate': 0.00022040354826462666, 'epoch': 7.2}
{'loss': 1.3435, 'learning_rate': 0.00022004191889137415, 'epoch': 7.2}
{'loss': 1.3971, 'learning_rate': 0.00021968050271837925, 'epoch': 7.21}
{'loss': 1.3449, 'learning_rate': 0.00021931930002087535, 'epoch': 7.21}
{'loss': 1.3563, 'learning_rate': 0.0002189583110739348, 'epoch': 7.21}
{'loss': 1.3814, 'learning_rate': 0.0002185975361524657, 'epoch': 7.21}
{'loss': 1.3619, 'learning_rate': 0.0002182369755312143, 'epoch': 7.21}
{'loss': 1.4652, 'learning_rate': 0.000217876629484763, 'epoch': 7.22}
{'loss': 1.4145, 'learning_rate': 0.00021751649828753106, 'epoch': 7.22}
{'loss': 1.1905, 'learning_rate': 0.0002171565822137739, 'epoch': 7.22}
{'loss': 1.6459, 'learning_rate': 0.0002167968815375837, 'epoch': 7.22}
{'loss': 1.1429, 'learning_rate': 0.00021643739653288751, 'epoch': 7.23}
{'loss': 1.152, 'learning_rate': 0.00021607812747344952, 'epoch': 7.23}
{'loss': 1.1378, 'learning_rate': 0.000215719074632868, 'epoch': 7.23}
{'loss': 1.5933, 'learning_rate': 0.0002153602382845779, 'epoch': 7.24}
{'loss': 1.1661, 'learning_rate': 0.00021500161870184847, 'epoch': 7.24}
{'loss': 1.2818, 'learning_rate': 0.0002146432161577842, 'epoch': 7.24}
{'loss': 1.3176, 'learning_rate': 0.00021428503092532414, 'epoch': 7.24}
{'loss': 1.6093, 'learning_rate': 0.000213927063277242, 'epoch': 7.25}
{'loss': 1.4576, 'learning_rate': 0.00021356931348614545, 'epoch': 7.25}
{'loss': 1.174, 'learning_rate': 0.00021321178182447708, 'epoch': 7.25}
{'loss': 1.2399, 'learning_rate': 0.00021285446856451212, 'epoch': 7.25}
{'loss': 1.3663, 'learning_rate': 0.0002124973739783609, 'epoch': 7.25}
{'loss': 1.5547, 'learning_rate': 0.0002121404983379657, 'epoch': 7.26}
{'loss': 1.3704, 'learning_rate': 0.00021178384191510342, 'epoch': 7.26}
{'loss': 1.376, 'learning_rate': 0.00021142740498138323, 'epoch': 7.26}
{'loss': 1.5455, 'learning_rate': 0.0002110711878082474, 'epoch': 7.26}
{'loss': 1.306, 'learning_rate': 0.0002107151906669708, 'epoch': 7.27}
{'loss': 1.6586, 'learning_rate': 0.0002103594138286607, 'epoch': 7.27}
{'loss': 1.537, 'learning_rate': 0.0002100038575642565, 'epoch': 7.27}
{'loss': 1.2174, 'learning_rate': 0.0002096485221445301, 'epoch': 7.28}
{'loss': 1.17, 'learning_rate': 0.00020929340784008472, 'epoch': 7.28}
{'loss': 1.3178, 'learning_rate': 0.00020893851492135535, 'epoch': 7.28}
{'loss': 1.5439, 'learning_rate': 0.00020858384365860834, 'epoch': 7.28}
{'loss': 1.2682, 'learning_rate': 0.00020822939432194133, 'epoch': 7.29}
{'loss': 1.3947, 'learning_rate': 0.00020787516718128292, 'epoch': 7.29}
{'loss': 1.3488, 'learning_rate': 0.00020752116250639225, 'epoch': 7.29}
{'loss': 1.3547, 'learning_rate': 0.0002071673805668597, 'epoch': 7.29}
{'loss': 1.2062, 'learning_rate': 0.00020681382163210532, 'epoch': 7.29}
{'loss': 1.5269, 'learning_rate': 0.00020646048597137978, 'epoch': 7.3}
{'loss': 1.483, 'learning_rate': 0.00020610737385376348, 'epoch': 7.3}
{'loss': 1.4915, 'learning_rate': 0.0002057544855481666, 'epoch': 7.3}
{'loss': 1.3246, 'learning_rate': 0.00020540182132332884, 'epoch': 7.3}
{'loss': 1.6734, 'learning_rate': 0.00020504938144781987, 'epoch': 7.31}
{'loss': 1.3832, 'learning_rate': 0.00020469716619003726, 'epoch': 7.31}
{'loss': 1.2556, 'learning_rate': 0.00020434517581820893, 'epoch': 7.31}
{'loss': 1.2636, 'learning_rate': 0.00020399341060039022, 'epoch': 7.32}
{'loss': 1.2461, 'learning_rate': 0.00020364187080446612, 'epoch': 7.32}
{'loss': 1.3354, 'learning_rate': 0.00020329055669814934, 'epoch': 7.32}
{'loss': 1.5653, 'learning_rate': 0.00020293946854898077, 'epoch': 7.32}
{'loss': 1.2124, 'learning_rate': 0.00020258860662432943, 'epoch': 7.33}
{'loss': 1.2172, 'learning_rate': 0.00020223797119139187, 'epoch': 7.33}
{'loss': 1.0902, 'learning_rate': 0.00020188756251719205, 'epoch': 7.33}
{'loss': 1.1763, 'learning_rate': 0.00020153738086858193, 'epoch': 7.33}
{'loss': 1.5347, 'learning_rate': 0.00020118742651223942, 'epoch': 7.33}
{'loss': 1.4121, 'learning_rate': 0.00020083769971467047, 'epoch': 7.34}
{'loss': 1.3938, 'learning_rate': 0.00020048820074220714, 'epoch': 7.34}
{'loss': 1.352, 'learning_rate': 0.00020013892986100795, 'epoch': 7.34}
{'loss': 1.4062, 'learning_rate': 0.00019978988733705805, 'epoch': 7.34}
{'loss': 1.4262, 'learning_rate': 0.0001994410734361684, 'epoch': 7.35}
{'loss': 1.6567, 'learning_rate': 0.00019909248842397582, 'epoch': 7.35}
{'loss': 1.5084, 'learning_rate': 0.00019874413256594343, 'epoch': 7.35}
{'loss': 1.5779, 'learning_rate': 0.00019839600612735875, 'epoch': 7.36}
{'loss': 1.571, 'learning_rate': 0.0001980481093733359, 'epoch': 7.36}
{'loss': 1.1469, 'learning_rate': 0.00019770044256881258, 'epoch': 7.36}
{'loss': 1.3525, 'learning_rate': 0.00019735300597855288, 'epoch': 7.36}
{'loss': 1.327, 'learning_rate': 0.00019700579986714457, 'epoch': 7.37}
{'loss': 1.3302, 'learning_rate': 0.00019665882449900024, 'epoch': 7.37}
{'loss': 1.0679, 'learning_rate': 0.00019631208013835678, 'epoch': 7.37}
{'loss': 1.3665, 'learning_rate': 0.00019596556704927503, 'epoch': 7.37}
{'loss': 1.4099, 'learning_rate': 0.00019561928549563967, 'epoch': 7.38}
{'loss': 1.6638, 'learning_rate': 0.00019527323574115946, 'epoch': 7.38}
{'loss': 1.4102, 'learning_rate': 0.00019492741804936621, 'epoch': 7.38}
{'loss': 1.2857, 'learning_rate': 0.00019458183268361513, 'epoch': 7.38}
{'loss': 1.4335, 'learning_rate': 0.00019423647990708448, 'epoch': 7.38}
{'loss': 1.4172, 'learning_rate': 0.0001938913599827753, 'epoch': 7.39}
{'loss': 1.2813, 'learning_rate': 0.00019354647317351188, 'epoch': 7.39}
{'loss': 1.1479, 'learning_rate': 0.00019320181974193985, 'epoch': 7.39}
{'loss': 1.228, 'learning_rate': 0.00019285739995052837, 'epoch': 7.39}
{'loss': 1.2493, 'learning_rate': 0.00019251321406156785, 'epoch': 7.4}
{'loss': 1.2247, 'learning_rate': 0.00019216926233717085, 'epoch': 7.4}
{'loss': 1.4042, 'learning_rate': 0.00019182554503927162, 'epoch': 7.4}
{'loss': 1.0683, 'learning_rate': 0.00019148206242962574, 'epoch': 7.41}
{'loss': 1.0538, 'learning_rate': 0.00019113881476981004, 'epoch': 7.41}
{'loss': 1.3178, 'learning_rate': 0.000190795802321223, 'epoch': 7.41}
{'loss': 1.3161, 'learning_rate': 0.00019045302534508295, 'epoch': 7.41}
{'loss': 1.3356, 'learning_rate': 0.00019011048410243008, 'epoch': 7.42}
{'loss': 1.47, 'learning_rate': 0.00018976817885412372, 'epoch': 7.42}
{'loss': 1.4281, 'learning_rate': 0.00018942610986084484, 'epoch': 7.42}
{'loss': 1.6344, 'learning_rate': 0.00018908427738309358, 'epoch': 7.42}
{'loss': 1.4352, 'learning_rate': 0.0001887426816811903, 'epoch': 7.42}
{'loss': 1.4237, 'learning_rate': 0.00018840132301527497, 'epoch': 7.43}
{'loss': 1.3132, 'learning_rate': 0.00018806020164530702, 'epoch': 7.43}
{'loss': 1.306, 'learning_rate': 0.0001877193178310651, 'epoch': 7.43}
{'loss': 1.3063, 'learning_rate': 0.00018737867183214757, 'epoch': 7.43}
{'loss': 1.245, 'learning_rate': 0.00018703826390797048, 'epoch': 7.44}
{'loss': 1.2887, 'learning_rate': 0.0001866980943177699, 'epoch': 7.44}
{'loss': 1.4848, 'learning_rate': 0.00018635816332059923, 'epoch': 7.44}
{'loss': 1.1036, 'learning_rate': 0.0001860184711753311, 'epoch': 7.45}
{'loss': 1.2751, 'learning_rate': 0.00018567901814065573, 'epoch': 7.45}
{'loss': 1.6388, 'learning_rate': 0.00018533980447508135, 'epoch': 7.45}
{'loss': 1.5307, 'learning_rate': 0.0001850008304369338, 'epoch': 7.45}
{'loss': 1.4293, 'learning_rate': 0.00018466209628435705, 'epoch': 7.46}
{'loss': 1.2399, 'learning_rate': 0.00018432360227531113, 'epoch': 7.46}
{'loss': 1.2909, 'learning_rate': 0.00018398534866757456, 'epoch': 7.46}
{'loss': 1.4457, 'learning_rate': 0.00018364733571874198, 'epoch': 7.46}
{'loss': 1.4616, 'learning_rate': 0.00018330956368622496, 'epoch': 7.46}
{'loss': 1.4703, 'learning_rate': 0.0001829720328272516, 'epoch': 7.47}
{'loss': 1.3646, 'learning_rate': 0.00018263474339886627, 'epoch': 7.47}
{'loss': 1.4842, 'learning_rate': 0.00018229769565792964, 'epoch': 7.47}
{'loss': 1.2741, 'learning_rate': 0.00018196088986111798, 'epoch': 7.47}
{'loss': 1.49, 'learning_rate': 0.00018162432626492393, 'epoch': 7.48}
{'loss': 1.26, 'learning_rate': 0.00018128800512565513, 'epoch': 7.48}
{'loss': 1.2402, 'learning_rate': 0.00018095192669943477, 'epoch': 7.48}
{'loss': 1.437, 'learning_rate': 0.0001806160912422012, 'epoch': 7.49}
{'loss': 1.5684, 'learning_rate': 0.00018028049900970766, 'epoch': 7.49}
{'loss': 1.2259, 'learning_rate': 0.00017994515025752218, 'epoch': 7.49}
{'loss': 1.2215, 'learning_rate': 0.00017961004524102785, 'epoch': 7.49}
{'loss': 1.4661, 'learning_rate': 0.00017927518421542106, 'epoch': 7.5}
{'loss': 1.2029, 'learning_rate': 0.0001789405674357135, 'epoch': 7.5}
{'loss': 1.2936, 'learning_rate': 0.0001786061951567303, 'epoch': 7.5}
{'loss': 1.3253, 'learning_rate': 0.00017827206763311055, 'epoch': 7.5}
{'loss': 1.1938, 'learning_rate': 0.00017793818511930675, 'epoch': 7.5}
{'loss': 1.3273, 'learning_rate': 0.00017760454786958514, 'epoch': 7.51}
{'loss': 1.1876, 'learning_rate': 0.00017727115613802463, 'epoch': 7.51}
{'loss': 1.1662, 'learning_rate': 0.00017693801017851818, 'epoch': 7.51}
{'loss': 1.2542, 'learning_rate': 0.00017660511024477016, 'epoch': 7.51}
{'loss': 1.4308, 'learning_rate': 0.00017627245659029912, 'epoch': 7.52}
{'loss': 1.4708, 'learning_rate': 0.00017594004946843456, 'epoch': 7.52}
{'loss': 1.4833, 'learning_rate': 0.00017560788913231946, 'epoch': 7.52}
{'loss': 1.2922, 'learning_rate': 0.00017527597583490823, 'epoch': 7.53}
{'loss': 1.206, 'learning_rate': 0.00017494430982896726, 'epoch': 7.53}
{'loss': 1.4049, 'learning_rate': 0.0001746128913670746, 'epoch': 7.53}
{'loss': 1.2123, 'learning_rate': 0.00017428172070161992, 'epoch': 7.53}
{'loss': 1.514, 'learning_rate': 0.00017395079808480386, 'epoch': 7.54}
{'loss': 1.442, 'learning_rate': 0.0001736201237686389, 'epoch': 7.54}
{'loss': 1.4162, 'learning_rate': 0.00017328969800494727, 'epoch': 7.54}
{'loss': 1.1719, 'learning_rate': 0.00017295952104536322, 'epoch': 7.54}
{'loss': 1.5512, 'learning_rate': 0.00017262959314133015, 'epoch': 7.54}
{'loss': 1.4229, 'learning_rate': 0.0001722999145441031, 'epoch': 7.55}
{'loss': 1.1473, 'learning_rate': 0.00017197048550474643, 'epoch': 7.55}
{'loss': 1.0914, 'learning_rate': 0.0001716413062741347, 'epoch': 7.55}
{'loss': 1.4968, 'learning_rate': 0.00017131237710295204, 'epoch': 7.55}
{'loss': 1.6118, 'learning_rate': 0.0001709836982416929, 'epoch': 7.56}
{'loss': 1.5122, 'learning_rate': 0.00017065526994065972, 'epoch': 7.56}
{'loss': 1.5795, 'learning_rate': 0.00017032709244996558, 'epoch': 7.56}
{'loss': 1.5705, 'learning_rate': 0.00016999916601953164, 'epoch': 7.56}
{'loss': 1.2333, 'learning_rate': 0.00016967149089908823, 'epoch': 7.57}
{'loss': 1.4527, 'learning_rate': 0.00016934406733817414, 'epoch': 7.57}
{'loss': 1.4164, 'learning_rate': 0.00016901689558613652, 'epoch': 7.57}
{'loss': 1.0891, 'learning_rate': 0.00016868997589213137, 'epoch': 7.58}
{'loss': 1.2786, 'learning_rate': 0.0001683633085051216, 'epoch': 7.58}
{'loss': 1.2794, 'learning_rate': 0.0001680368936738792, 'epoch': 7.58}
{'loss': 1.4297, 'learning_rate': 0.00016771073164698297, 'epoch': 7.58}
{'loss': 1.447, 'learning_rate': 0.00016738482267281962, 'epoch': 7.58}
{'loss': 1.4451, 'learning_rate': 0.0001670591669995829, 'epoch': 7.59}
{'loss': 1.2238, 'learning_rate': 0.0001667337648752738, 'epoch': 7.59}
{'loss': 1.2247, 'learning_rate': 0.00016640861654770007, 'epoch': 7.59}
{'loss': 1.3003, 'learning_rate': 0.00016608372226447677, 'epoch': 7.59}
{'loss': 1.2516, 'learning_rate': 0.00016575908227302438, 'epoch': 7.6}
{'loss': 1.4907, 'learning_rate': 0.00016543469682057105, 'epoch': 7.6}
{'loss': 1.5706, 'learning_rate': 0.0001651105661541497, 'epoch': 7.6}
{'loss': 1.3039, 'learning_rate': 0.00016478669052060046, 'epoch': 7.61}
{'loss': 1.2554, 'learning_rate': 0.00016446307016656857, 'epoch': 7.61}
{'loss': 1.4842, 'learning_rate': 0.00016413970533850496, 'epoch': 7.61}
{'loss': 1.4151, 'learning_rate': 0.00016381659628266588, 'epoch': 7.61}
{'loss': 1.2638, 'learning_rate': 0.00016349374324511345, 'epoch': 7.62}
{'loss': 1.3178, 'learning_rate': 0.00016317114647171354, 'epoch': 7.62}
{'loss': 1.3233, 'learning_rate': 0.00016284880620813847, 'epoch': 7.62}
{'loss': 1.3856, 'learning_rate': 0.00016252672269986352, 'epoch': 7.62}
{'loss': 1.3805, 'learning_rate': 0.0001622048961921699, 'epoch': 7.62}
{'loss': 1.2903, 'learning_rate': 0.00016188332693014228, 'epoch': 7.63}
{'loss': 1.5026, 'learning_rate': 0.0001615620151586697, 'epoch': 7.63}
{'loss': 1.4207, 'learning_rate': 0.00016124096112244497, 'epoch': 7.63}
{'loss': 1.3642, 'learning_rate': 0.0001609201650659648, 'epoch': 7.63}
{'loss': 1.3386, 'learning_rate': 0.0001605996272335291, 'epoch': 7.64}
{'loss': 1.5315, 'learning_rate': 0.00016027934786924186, 'epoch': 7.64}
{'loss': 1.566, 'learning_rate': 0.00015995932721700918, 'epoch': 7.64}
{'loss': 1.3224, 'learning_rate': 0.0001596395655205411, 'epoch': 7.64}
{'loss': 1.4336, 'learning_rate': 0.00015932006302334995, 'epoch': 7.65}
{'loss': 1.49, 'learning_rate': 0.00015900081996875082, 'epoch': 7.65}
{'loss': 1.2622, 'learning_rate': 0.00015868183659986106, 'epoch': 7.65}
{'loss': 1.4827, 'learning_rate': 0.0001583631131596005, 'epoch': 7.66}
{'loss': 1.485, 'learning_rate': 0.00015804464989069088, 'epoch': 7.66}
{'loss': 1.3532, 'learning_rate': 0.00015772644703565563, 'epoch': 7.66}
{'loss': 1.1756, 'learning_rate': 0.0001574085048368204, 'epoch': 7.66}
{'loss': 1.2555, 'learning_rate': 0.00015709082353631187, 'epoch': 7.67}
{'loss': 1.2098, 'learning_rate': 0.00015677340337605817, 'epoch': 7.67}
{'loss': 1.3203, 'learning_rate': 0.00015645624459778858, 'epoch': 7.67}
{'loss': 1.3372, 'learning_rate': 0.0001561393474430332, 'epoch': 7.67}
{'loss': 1.3574, 'learning_rate': 0.00015582271215312294, 'epoch': 7.67}
{'loss': 1.5406, 'learning_rate': 0.00015550633896918982, 'epoch': 7.68}
{'loss': 1.5041, 'learning_rate': 0.0001551902281321651, 'epoch': 7.68}
{'loss': 1.3202, 'learning_rate': 0.00015487437988278142, 'epoch': 7.68}
{'loss': 1.2939, 'learning_rate': 0.00015455879446157084, 'epoch': 7.69}
{'loss': 1.2963, 'learning_rate': 0.00015424347210886535, 'epoch': 7.69}
{'loss': 1.3368, 'learning_rate': 0.00015392841306479665, 'epoch': 7.69}
{'loss': 1.3103, 'learning_rate': 0.00015361361756929592, 'epoch': 7.69}
{'loss': 1.1972, 'learning_rate': 0.00015329908586209345, 'epoch': 7.7}
{'loss': 1.4912, 'learning_rate': 0.0001529848181827193, 'epoch': 7.7}
{'loss': 1.532, 'learning_rate': 0.00015267081477050133, 'epoch': 7.7}
{'loss': 1.406, 'learning_rate': 0.00015235707586456744, 'epoch': 7.7}
{'loss': 1.4464, 'learning_rate': 0.00015204360170384285, 'epoch': 7.71}
{'loss': 1.3135, 'learning_rate': 0.00015173039252705216, 'epoch': 7.71}
{'loss': 1.2784, 'learning_rate': 0.00015141744857271778, 'epoch': 7.71}
{'loss': 1.488, 'learning_rate': 0.00015110477007916002, 'epoch': 7.71}
{'loss': 1.4623, 'learning_rate': 0.00015079235728449714, 'epoch': 7.71}
{'loss': 1.3662, 'learning_rate': 0.0001504802104266451, 'epoch': 7.72}
{'loss': 1.513, 'learning_rate': 0.00015016832974331724, 'epoch': 7.72}
{'loss': 1.4427, 'learning_rate': 0.00014985671547202467, 'epoch': 7.72}
{'loss': 1.2523, 'learning_rate': 0.00014954536785007454, 'epoch': 7.72}
{'loss': 1.4064, 'learning_rate': 0.00014923428711457215, 'epoch': 7.73}
{'loss': 1.4977, 'learning_rate': 0.0001489234735024188, 'epoch': 7.73}
{'loss': 1.2392, 'learning_rate': 0.00014861292725031267, 'epoch': 7.73}
{'loss': 1.2439, 'learning_rate': 0.00014830264859474812, 'epoch': 7.74}
{'loss': 1.4828, 'learning_rate': 0.00014799263777201595, 'epoch': 7.74}
{'loss': 1.6017, 'learning_rate': 0.00014768289501820264, 'epoch': 7.74}
{'loss': 1.2199, 'learning_rate': 0.00014737342056919128, 'epoch': 7.74}
{'loss': 1.3227, 'learning_rate': 0.0001470642146606595, 'epoch': 7.75}
{'loss': 1.3813, 'learning_rate': 0.00014675527752808153, 'epoch': 7.75}
{'loss': 1.3313, 'learning_rate': 0.00014644660940672628, 'epoch': 7.75}
{'loss': 1.3369, 'learning_rate': 0.00014613821053165795, 'epoch': 7.75}
{'loss': 1.6015, 'learning_rate': 0.00014583008113773567, 'epoch': 7.75}
{'loss': 1.2457, 'learning_rate': 0.00014552222145961324, 'epoch': 7.76}
{'loss': 1.4819, 'learning_rate': 0.00014521463173173966, 'epoch': 7.76}
{'loss': 1.5191, 'learning_rate': 0.00014490731218835728, 'epoch': 7.76}
{'loss': 1.4287, 'learning_rate': 0.00014460026306350378, 'epoch': 7.76}
{'loss': 1.4896, 'learning_rate': 0.0001442934845910102, 'epoch': 7.77}
{'loss': 1.6335, 'learning_rate': 0.0001439869770045018, 'epoch': 7.77}
{'loss': 1.2341, 'learning_rate': 0.00014368074053739733, 'epoch': 7.77}
{'loss': 1.2082, 'learning_rate': 0.00014337477542290927, 'epoch': 7.78}
{'loss': 1.2227, 'learning_rate': 0.00014306908189404315, 'epoch': 7.78}
{'loss': 1.4006, 'learning_rate': 0.00014276366018359842, 'epoch': 7.78}
{'loss': 1.27, 'learning_rate': 0.0001424585105241663, 'epoch': 7.78}
{'loss': 1.4524, 'learning_rate': 0.00014215363314813207, 'epoch': 7.79}
{'loss': 1.0212, 'learning_rate': 0.00014184902828767287, 'epoch': 7.79}
{'loss': 1.4884, 'learning_rate': 0.00014154469617475861, 'epoch': 7.79}
{'loss': 1.3339, 'learning_rate': 0.0001412406370411515, 'epoch': 7.79}
{'loss': 1.6099, 'learning_rate': 0.00014093685111840566, 'epoch': 7.79}
{'loss': 1.2284, 'learning_rate': 0.0001406333386378672, 'epoch': 7.8}
{'loss': 1.3159, 'learning_rate': 0.00014033009983067452, 'epoch': 7.8}
{'loss': 1.3252, 'learning_rate': 0.00014002713492775658, 'epoch': 7.8}
{'loss': 1.3715, 'learning_rate': 0.00013972444415983492, 'epoch': 7.8}
{'loss': 1.4921, 'learning_rate': 0.00013942202775742114, 'epoch': 7.81}
{'loss': 1.2251, 'learning_rate': 0.0001391198859508189, 'epoch': 7.81}
{'loss': 0.9808, 'learning_rate': 0.00013881801897012224, 'epoch': 7.81}
{'loss': 1.1235, 'learning_rate': 0.00013851642704521593, 'epoch': 7.81}
{'loss': 1.313, 'learning_rate': 0.0001382151104057754, 'epoch': 7.82}
{'loss': 1.3986, 'learning_rate': 0.00013791406928126637, 'epoch': 7.82}
{'loss': 1.4087, 'learning_rate': 0.0001376133039009445, 'epoch': 7.82}
{'loss': 1.3889, 'learning_rate': 0.0001373128144938563, 'epoch': 7.83}
{'loss': 1.4801, 'learning_rate': 0.00013701260128883686, 'epoch': 7.83}
{'loss': 1.5462, 'learning_rate': 0.0001367126645145121, 'epoch': 7.83}
{'loss': 1.3331, 'learning_rate': 0.00013641300439929665, 'epoch': 7.83}
{'loss': 1.6448, 'learning_rate': 0.0001361136211713948, 'epoch': 7.83}
{'loss': 1.1426, 'learning_rate': 0.00013581451505879994, 'epoch': 7.84}
{'loss': 1.3585, 'learning_rate': 0.00013551568628929433, 'epoch': 7.84}
{'loss': 1.0271, 'learning_rate': 0.00013521713509044898, 'epoch': 7.84}
{'loss': 1.521, 'learning_rate': 0.0001349188616896238, 'epoch': 7.84}
{'loss': 1.3903, 'learning_rate': 0.00013462086631396692, 'epoch': 7.85}
{'loss': 1.146, 'learning_rate': 0.00013432314919041476, 'epoch': 7.85}
{'loss': 1.347, 'learning_rate': 0.00013402571054569186, 'epoch': 7.85}
{'loss': 1.316, 'learning_rate': 0.00013372855060631069, 'epoch': 7.86}
{'loss': 1.5783, 'learning_rate': 0.0001334316695985714, 'epoch': 7.86}
{'loss': 1.3449, 'learning_rate': 0.00013313506774856177, 'epoch': 7.86}
{'loss': 1.5504, 'learning_rate': 0.00013283874528215734, 'epoch': 7.86}
{'loss': 1.3694, 'learning_rate': 0.00013254270242502004, 'epoch': 7.87}
{'loss': 1.5074, 'learning_rate': 0.0001322469394025998, 'epoch': 7.87}
{'loss': 1.3117, 'learning_rate': 0.00013195145644013284, 'epoch': 7.87}
{'loss': 1.496, 'learning_rate': 0.0001316562537626424, 'epoch': 7.87}
{'loss': 1.299, 'learning_rate': 0.000131361331594938, 'epoch': 7.88}
{'loss': 1.5486, 'learning_rate': 0.00013106669016161587, 'epoch': 7.88}
{'loss': 1.2424, 'learning_rate': 0.00013077232968705804, 'epoch': 7.88}
{'loss': 1.352, 'learning_rate': 0.00013047825039543326, 'epoch': 7.88}
{'loss': 1.4538, 'learning_rate': 0.0001301844525106951, 'epoch': 7.88}
{'loss': 1.2946, 'learning_rate': 0.0001298909362565841, 'epoch': 7.89}
{'loss': 1.2337, 'learning_rate': 0.000129597701856625, 'epoch': 7.89}
{'loss': 1.4069, 'learning_rate': 0.00012930474953412897, 'epoch': 7.89}
{'loss': 1.2346, 'learning_rate': 0.00012901207951219185, 'epoch': 7.89}
{'loss': 1.2392, 'learning_rate': 0.0001287196920136946, 'epoch': 7.9}
{'loss': 1.2764, 'learning_rate': 0.00012842758726130281, 'epoch': 7.9}
{'loss': 1.4329, 'learning_rate': 0.00012813576547746747, 'epoch': 7.9}
{'loss': 1.1558, 'learning_rate': 0.00012784422688442293, 'epoch': 7.91}
{'loss': 1.6084, 'learning_rate': 0.0001275529717041891, 'epoch': 7.91}
{'loss': 1.3871, 'learning_rate': 0.00012726200015856893, 'epoch': 7.91}
{'loss': 1.6677, 'learning_rate': 0.00012697131246915027, 'epoch': 7.91}
{'loss': 1.4752, 'learning_rate': 0.00012668090885730438, 'epoch': 7.92}
{'loss': 1.4787, 'learning_rate': 0.00012639078954418615, 'epoch': 7.92}
{'loss': 1.6319, 'learning_rate': 0.00012610095475073412, 'epoch': 7.92}
{'loss': 1.3114, 'learning_rate': 0.0001258114046976701, 'epoch': 7.92}
{'loss': 1.3494, 'learning_rate': 0.0001255221396054989, 'epoch': 7.92}
{'loss': 1.2598, 'learning_rate': 0.00012523315969450888, 'epoch': 7.93}
{'loss': 1.4962, 'learning_rate': 0.0001249444651847702, 'epoch': 7.93}
{'loss': 1.5616, 'learning_rate': 0.00012465605629613687, 'epoch': 7.93}
{'loss': 1.1732, 'learning_rate': 0.00012436793324824448, 'epoch': 7.94}
{'loss': 1.185, 'learning_rate': 0.00012408009626051135, 'epoch': 7.94}
{'loss': 1.3898, 'learning_rate': 0.00012379254555213787, 'epoch': 7.94}
{'loss': 1.5146, 'learning_rate': 0.00012350528134210626, 'epoch': 7.94}
{'loss': 1.1476, 'learning_rate': 0.00012321830384918114, 'epoch': 7.95}
{'loss': 1.3804, 'learning_rate': 0.00012293161329190782, 'epoch': 7.95}
{'loss': 1.483, 'learning_rate': 0.000122645209888614, 'epoch': 7.95}
{'loss': 1.3235, 'learning_rate': 0.00012235909385740823, 'epoch': 7.95}
{'loss': 1.2769, 'learning_rate': 0.00012207326541618024, 'epoch': 7.96}
{'loss': 1.3895, 'learning_rate': 0.0001217877247826008, 'epoch': 7.96}
{'loss': 1.1643, 'learning_rate': 0.00012150247217412185, 'epoch': 7.96}
{'loss': 1.0142, 'learning_rate': 0.00012121750780797514, 'epoch': 7.96}
{'loss': 1.265, 'learning_rate': 0.00012093283190117399, 'epoch': 7.96}
{'loss': 1.3919, 'learning_rate': 0.00012064844467051089, 'epoch': 7.97}
{'loss': 1.5985, 'learning_rate': 0.00012036434633255961, 'epoch': 7.97}
{'loss': 1.3966, 'learning_rate': 0.00012008053710367312, 'epoch': 7.97}
{'loss': 1.3341, 'learning_rate': 0.00011979701719998454, 'epoch': 7.97}
{'loss': 1.3305, 'learning_rate': 0.00011951378683740665, 'epoch': 7.98}
{'loss': 1.4684, 'learning_rate': 0.00011923084623163172, 'epoch': 7.98}
{'loss': 1.2914, 'learning_rate': 0.00011894819559813108, 'epoch': 7.98}
{'loss': 1.5123, 'learning_rate': 0.00011866583515215596, 'epoch': 7.99}
{'loss': 1.2267, 'learning_rate': 0.00011838376510873556, 'epoch': 7.99}
{'loss': 1.3349, 'learning_rate': 0.00011810198568267905, 'epoch': 7.99}
{'loss': 1.276, 'learning_rate': 0.00011782049708857318, 'epoch': 7.99}
{'loss': 1.6273, 'learning_rate': 0.00011753929954078413, 'epoch': 8.0}
{'loss': 1.515, 'learning_rate': 0.000117258393253456, 'epoch': 8.0}
{'loss': 1.2478, 'learning_rate': 0.00011697777844051105, 'epoch': 8.0}
{'loss': 1.1403, 'learning_rate': 0.00011669745531564974, 'epoch': 8.0}
{'loss': 1.2621, 'learning_rate': 0.00011641742409235029, 'epoch': 8.01}
{'loss': 1.1013, 'learning_rate': 0.00011613768498386857, 'epoch': 8.01}
{'loss': 1.1935, 'learning_rate': 0.00011585823820323843, 'epoch': 8.01}
{'loss': 1.3054, 'learning_rate': 0.00011557908396327027, 'epoch': 8.01}
{'loss': 1.275, 'learning_rate': 0.00011530022247655253, 'epoch': 8.02}
{'loss': 1.2281, 'learning_rate': 0.00011502165395545023, 'epoch': 8.02}
{'loss': 0.91, 'learning_rate': 0.00011474337861210544, 'epoch': 8.02}
{'loss': 1.1786, 'learning_rate': 0.00011446539665843697, 'epoch': 8.02}
{'loss': 1.0781, 'learning_rate': 0.00011418770830614011, 'epoch': 8.03}
{'loss': 1.2629, 'learning_rate': 0.00011391031376668654, 'epoch': 8.03}
{'loss': 1.3244, 'learning_rate': 0.00011363321325132448, 'epoch': 8.03}
{'loss': 1.2537, 'learning_rate': 0.00011335640697107796, 'epoch': 8.03}
{'loss': 1.4184, 'learning_rate': 0.00011307989513674693, 'epoch': 8.04}
{'loss': 1.359, 'learning_rate': 0.00011280367795890722, 'epoch': 8.04}
{'loss': 1.2439, 'learning_rate': 0.00011252775564791024, 'epoch': 8.04}
{'loss': 1.3188, 'learning_rate': 0.00011225212841388282, 'epoch': 8.04}
{'loss': 1.1768, 'learning_rate': 0.00011197679646672698, 'epoch': 8.04}
{'loss': 1.2024, 'learning_rate': 0.00011170176001612032, 'epoch': 8.05}
{'loss': 1.0721, 'learning_rate': 0.00011142701927151455, 'epoch': 8.05}
{'loss': 1.2534, 'learning_rate': 0.00011115257444213711, 'epoch': 8.05}
{'loss': 1.2474, 'learning_rate': 0.00011087842573698953, 'epoch': 8.05}
{'loss': 1.2097, 'learning_rate': 0.00011060457336484803, 'epoch': 8.06}
{'loss': 1.2602, 'learning_rate': 0.00011033101753426283, 'epoch': 8.06}
{'loss': 1.1988, 'learning_rate': 0.0001100577584535592, 'epoch': 8.06}
{'loss': 1.2131, 'learning_rate': 0.0001097847963308351, 'epoch': 8.06}
{'loss': 1.1324, 'learning_rate': 0.00010951213137396365, 'epoch': 8.07}
{'loss': 1.0229, 'learning_rate': 0.00010923976379059059, 'epoch': 8.07}
{'loss': 1.3803, 'learning_rate': 0.00010896769378813609, 'epoch': 8.07}
{'loss': 1.1457, 'learning_rate': 0.00010869592157379304, 'epoch': 8.07}
{'loss': 0.9818, 'learning_rate': 0.00010842444735452795, 'epoch': 8.08}
{'loss': 1.0977, 'learning_rate': 0.00010815327133708014, 'epoch': 8.08}
{'loss': 1.1277, 'learning_rate': 0.00010788239372796205, 'epoch': 8.08}
{'loss': 1.1432, 'learning_rate': 0.0001076118147334585, 'epoch': 8.09}
{'loss': 1.1755, 'learning_rate': 0.00010734153455962764, 'epoch': 8.09}
{'loss': 1.2472, 'learning_rate': 0.00010707155341229901, 'epoch': 8.09}
{'loss': 1.3116, 'learning_rate': 0.00010680187149707559, 'epoch': 8.09}
{'loss': 1.3245, 'learning_rate': 0.00010653248901933138, 'epoch': 8.1}
{'loss': 1.0895, 'learning_rate': 0.00010626340618421309, 'epoch': 8.1}
{'loss': 1.2534, 'learning_rate': 0.00010599462319663906, 'epoch': 8.1}
{'loss': 1.1713, 'learning_rate': 0.00010572614026129911, 'epoch': 8.1}
{'loss': 1.2752, 'learning_rate': 0.00010545795758265475, 'epoch': 8.11}
{'loss': 0.8909, 'learning_rate': 0.00010519007536493868, 'epoch': 8.11}
{'loss': 1.0645, 'learning_rate': 0.00010492249381215479, 'epoch': 8.11}
{'loss': 1.2394, 'learning_rate': 0.00010465521312807847, 'epoch': 8.11}
{'loss': 1.2145, 'learning_rate': 0.00010438823351625499, 'epoch': 8.12}
{'loss': 1.2502, 'learning_rate': 0.00010412155518000138, 'epoch': 8.12}
{'loss': 1.1961, 'learning_rate': 0.00010385517832240471, 'epoch': 8.12}
{'loss': 1.2846, 'learning_rate': 0.00010358910314632247, 'epoch': 8.12}
{'loss': 1.2387, 'learning_rate': 0.00010332332985438247, 'epoch': 8.12}
{'loss': 1.4934, 'learning_rate': 0.00010305785864898259, 'epoch': 8.13}
{'loss': 1.1673, 'learning_rate': 0.0001027926897322909, 'epoch': 8.13}
{'loss': 1.0582, 'learning_rate': 0.000102527823306245, 'epoch': 8.13}
{'loss': 1.1803, 'learning_rate': 0.00010226325957255206, 'epoch': 8.13}
{'loss': 1.3292, 'learning_rate': 0.00010199899873268903, 'epoch': 8.14}
{'loss': 1.1943, 'learning_rate': 0.00010173504098790188, 'epoch': 8.14}
{'loss': 1.1808, 'learning_rate': 0.0001014713865392059, 'epoch': 8.14}
{'loss': 1.2342, 'learning_rate': 0.00010120803558738583, 'epoch': 8.14}
{'loss': 1.1714, 'learning_rate': 0.00010094498833299426, 'epoch': 8.15}
{'loss': 0.9902, 'learning_rate': 0.00010068224497635369, 'epoch': 8.15}
{'loss': 1.2686, 'learning_rate': 0.00010041980571755405, 'epoch': 8.15}
{'loss': 1.3663, 'learning_rate': 0.00010015767075645472, 'epoch': 8.15}
{'loss': 1.2661, 'learning_rate': 9.989584029268273e-05, 'epoch': 8.16}
{'loss': 1.3174, 'learning_rate': 9.963431452563332e-05, 'epoch': 8.16}
{'loss': 1.1909, 'learning_rate': 9.937309365446973e-05, 'epoch': 8.16}
{'loss': 1.2351, 'learning_rate': 9.911217787812305e-05, 'epoch': 8.16}
{'loss': 1.5467, 'learning_rate': 9.885156739529189e-05, 'epoch': 8.17}
{'loss': 1.1794, 'learning_rate': 9.859126240444282e-05, 'epoch': 8.17}
{'loss': 1.2332, 'learning_rate': 9.833126310380891e-05, 'epoch': 8.17}
{'loss': 1.1972, 'learning_rate': 9.807156969139135e-05, 'epoch': 8.18}
{'loss': 0.9817, 'learning_rate': 9.781218236495776e-05, 'epoch': 8.18}
{'loss': 1.185, 'learning_rate': 9.755310132204298e-05, 'epoch': 8.18}
{'loss': 1.2475, 'learning_rate': 9.729432675994843e-05, 'epoch': 8.18}
{'loss': 1.1848, 'learning_rate': 9.703585887574218e-05, 'epoch': 8.19}
{'loss': 1.2283, 'learning_rate': 9.677769786625868e-05, 'epoch': 8.19}
{'loss': 1.3747, 'learning_rate': 9.651984392809914e-05, 'epoch': 8.19}
{'loss': 1.519, 'learning_rate': 9.626229725763003e-05, 'epoch': 8.19}
{'loss': 1.1523, 'learning_rate': 9.600505805098486e-05, 'epoch': 8.2}
{'loss': 1.176, 'learning_rate': 9.5748126504062e-05, 'epoch': 8.2}
{'loss': 1.3019, 'learning_rate': 9.549150281252633e-05, 'epoch': 8.2}
{'loss': 1.258, 'learning_rate': 9.523518717180784e-05, 'epoch': 8.2}
{'loss': 1.1321, 'learning_rate': 9.497917977710207e-05, 'epoch': 8.21}
{'loss': 1.4145, 'learning_rate': 9.472348082336973e-05, 'epoch': 8.21}
{'loss': 1.2785, 'learning_rate': 9.446809050533678e-05, 'epoch': 8.21}
{'loss': 1.1004, 'learning_rate': 9.421300901749385e-05, 'epoch': 8.21}
{'loss': 1.196, 'learning_rate': 9.395823655409685e-05, 'epoch': 8.21}
{'loss': 0.9319, 'learning_rate': 9.370377330916607e-05, 'epoch': 8.22}
{'loss': 1.2697, 'learning_rate': 9.344961947648623e-05, 'epoch': 8.22}
{'loss': 1.0692, 'learning_rate': 9.319577524960654e-05, 'epoch': 8.22}
{'loss': 1.156, 'learning_rate': 9.294224082184043e-05, 'epoch': 8.22}
{'loss': 1.4864, 'learning_rate': 9.268901638626548e-05, 'epoch': 8.23}
{'loss': 1.1866, 'learning_rate': 9.243610213572285e-05, 'epoch': 8.23}
{'loss': 1.3708, 'learning_rate': 9.218349826281807e-05, 'epoch': 8.23}
{'loss': 1.4358, 'learning_rate': 9.193120495991986e-05, 'epoch': 8.23}
{'loss': 1.422, 'learning_rate': 9.167922241916055e-05, 'epoch': 8.24}
{'loss': 1.1978, 'learning_rate': 9.142755083243575e-05, 'epoch': 8.24}
{'loss': 1.3153, 'learning_rate': 9.11761903914044e-05, 'epoch': 8.24}
{'loss': 1.1776, 'learning_rate': 9.09251412874882e-05, 'epoch': 8.24}
{'loss': 1.3919, 'learning_rate': 9.067440371187241e-05, 'epoch': 8.25}
{'loss': 1.0828, 'learning_rate': 9.042397785550405e-05, 'epoch': 8.25}
{'loss': 1.3303, 'learning_rate': 9.017386390909387e-05, 'epoch': 8.25}
{'loss': 1.3318, 'learning_rate': 8.992406206311393e-05, 'epoch': 8.26}
{'loss': 1.1343, 'learning_rate': 8.967457250779964e-05, 'epoch': 8.26}
{'loss': 1.3187, 'learning_rate': 8.942539543314798e-05, 'epoch': 8.26}
{'loss': 1.2588, 'learning_rate': 8.91765310289182e-05, 'epoch': 8.26}
{'loss': 1.216, 'learning_rate': 8.892797948463133e-05, 'epoch': 8.27}
{'loss': 1.2022, 'learning_rate': 8.867974098957015e-05, 'epoch': 8.27}
{'loss': 1.2854, 'learning_rate': 8.843181573277903e-05, 'epoch': 8.27}
{'loss': 1.1448, 'learning_rate': 8.818420390306415e-05, 'epoch': 8.27}
{'loss': 1.265, 'learning_rate': 8.793690568899215e-05, 'epoch': 8.28}
{'loss': 1.2695, 'learning_rate': 8.768992127889197e-05, 'epoch': 8.28}
{'loss': 1.2732, 'learning_rate': 8.744325086085247e-05, 'epoch': 8.28}
{'loss': 1.2118, 'learning_rate': 8.719689462272418e-05, 'epoch': 8.28}
{'loss': 1.5086, 'learning_rate': 8.695085275211812e-05, 'epoch': 8.29}
{'loss': 1.2791, 'learning_rate': 8.670512543640575e-05, 'epoch': 8.29}
{'loss': 1.2013, 'learning_rate': 8.645971286271903e-05, 'epoch': 8.29}
{'loss': 1.159, 'learning_rate': 8.62146152179507e-05, 'epoch': 8.29}
{'loss': 1.1178, 'learning_rate': 8.59698326887528e-05, 'epoch': 8.29}
{'loss': 1.2506, 'learning_rate': 8.572536546153831e-05, 'epoch': 8.3}
{'loss': 1.1019, 'learning_rate': 8.548121372247918e-05, 'epoch': 8.3}
{'loss': 1.305, 'learning_rate': 8.523737765750794e-05, 'epoch': 8.3}
{'loss': 1.4309, 'learning_rate': 8.499385745231631e-05, 'epoch': 8.3}
{'loss': 1.2811, 'learning_rate': 8.475065329235543e-05, 'epoch': 8.31}
{'loss': 1.1815, 'learning_rate': 8.450776536283594e-05, 'epoch': 8.31}
{'loss': 1.139, 'learning_rate': 8.426519384872733e-05, 'epoch': 8.31}
{'loss': 1.1107, 'learning_rate': 8.402293893475871e-05, 'epoch': 8.31}
{'loss': 1.4012, 'learning_rate': 8.378100080541756e-05, 'epoch': 8.32}
{'loss': 1.299, 'learning_rate': 8.353937964495028e-05, 'epoch': 8.32}
{'loss': 1.3534, 'learning_rate': 8.329807563736191e-05, 'epoch': 8.32}
{'loss': 0.9896, 'learning_rate': 8.305708896641595e-05, 'epoch': 8.32}
{'loss': 1.2764, 'learning_rate': 8.28164198156341e-05, 'epoch': 8.33}
{'loss': 1.4299, 'learning_rate': 8.257606836829679e-05, 'epoch': 8.33}
{'loss': 1.4478, 'learning_rate': 8.233603480744156e-05, 'epoch': 8.33}
{'loss': 1.3529, 'learning_rate': 8.209631931586498e-05, 'epoch': 8.34}
{'loss': 1.2003, 'learning_rate': 8.185692207612022e-05, 'epoch': 8.34}
{'loss': 1.3428, 'learning_rate': 8.161784327051918e-05, 'epoch': 8.34}
{'loss': 1.1839, 'learning_rate': 8.137908308113057e-05, 'epoch': 8.34}
{'loss': 1.4145, 'learning_rate': 8.114064168978064e-05, 'epoch': 8.35}
{'loss': 1.1553, 'learning_rate': 8.090251927805281e-05, 'epoch': 8.35}
{'loss': 1.1251, 'learning_rate': 8.066471602728804e-05, 'epoch': 8.35}
{'loss': 1.192, 'learning_rate': 8.042723211858333e-05, 'epoch': 8.35}
{'loss': 1.2315, 'learning_rate': 8.019006773279347e-05, 'epoch': 8.36}
{'loss': 1.1732, 'learning_rate': 7.995322305052904e-05, 'epoch': 8.36}
{'loss': 1.3859, 'learning_rate': 7.971669825215788e-05, 'epoch': 8.36}
{'loss': 1.2165, 'learning_rate': 7.948049351780379e-05, 'epoch': 8.36}
{'loss': 1.2882, 'learning_rate': 7.924460902734698e-05, 'epoch': 8.37}
{'loss': 1.2832, 'learning_rate': 7.900904496042372e-05, 'epoch': 8.37}
{'loss': 1.3757, 'learning_rate': 7.877380149642626e-05, 'epoch': 8.37}
{'loss': 1.1073, 'learning_rate': 7.853887881450272e-05, 'epoch': 8.37}
{'loss': 1.181, 'learning_rate': 7.830427709355725e-05, 'epoch': 8.38}
{'loss': 1.3444, 'learning_rate': 7.806999651224878e-05, 'epoch': 8.38}
{'loss': 1.2816, 'learning_rate': 7.783603724899258e-05, 'epoch': 8.38}
{'loss': 1.1017, 'learning_rate': 7.760239948195841e-05, 'epoch': 8.38}
{'loss': 0.949, 'learning_rate': 7.736908338907194e-05, 'epoch': 8.38}
{'loss': 1.1145, 'learning_rate': 7.71360891480134e-05, 'epoch': 8.39}
{'loss': 1.0508, 'learning_rate': 7.690341693621805e-05, 'epoch': 8.39}
{'loss': 1.3857, 'learning_rate': 7.667106693087589e-05, 'epoch': 8.39}
{'loss': 1.1543, 'learning_rate': 7.643903930893153e-05, 'epoch': 8.39}
{'loss': 1.346, 'learning_rate': 7.620733424708399e-05, 'epoch': 8.4}
{'loss': 1.2792, 'learning_rate': 7.597595192178702e-05, 'epoch': 8.4}
{'loss': 1.0814, 'learning_rate': 7.574489250924821e-05, 'epoch': 8.4}
{'loss': 1.1719, 'learning_rate': 7.551415618542928e-05, 'epoch': 8.4}
{'loss': 1.1375, 'learning_rate': 7.528374312604608e-05, 'epoch': 8.41}
{'loss': 1.2676, 'learning_rate': 7.505365350656812e-05, 'epoch': 8.41}
{'loss': 1.4884, 'learning_rate': 7.482388750221863e-05, 'epoch': 8.41}
{'loss': 1.3412, 'learning_rate': 7.459444528797438e-05, 'epoch': 8.41}
{'loss': 1.2588, 'learning_rate': 7.436532703856574e-05, 'epoch': 8.42}
{'loss': 1.3361, 'learning_rate': 7.413653292847617e-05, 'epoch': 8.42}
{'loss': 1.2743, 'learning_rate': 7.390806313194237e-05, 'epoch': 8.42}
{'loss': 1.4755, 'learning_rate': 7.367991782295391e-05, 'epoch': 8.43}
{'loss': 1.3243, 'learning_rate': 7.345209717525347e-05, 'epoch': 8.43}
{'loss': 1.4349, 'learning_rate': 7.322460136233622e-05, 'epoch': 8.43}
{'loss': 1.2308, 'learning_rate': 7.299743055745051e-05, 'epoch': 8.43}
{'loss': 1.3779, 'learning_rate': 7.277058493359628e-05, 'epoch': 8.44}
{'loss': 1.2646, 'learning_rate': 7.254406466352681e-05, 'epoch': 8.44}
{'loss': 1.2326, 'learning_rate': 7.23178699197467e-05, 'epoch': 8.44}
{'loss': 1.3143, 'learning_rate': 7.20920008745134e-05, 'epoch': 8.44}
{'loss': 1.1602, 'learning_rate': 7.186645769983591e-05, 'epoch': 8.45}
{'loss': 1.4677, 'learning_rate': 7.164124056747523e-05, 'epoch': 8.45}
{'loss': 1.5305, 'learning_rate': 7.14163496489439e-05, 'epoch': 8.45}
{'loss': 1.15, 'learning_rate': 7.119178511550622e-05, 'epoch': 8.45}
{'loss': 0.8599, 'learning_rate': 7.096754713817771e-05, 'epoch': 8.46}
{'loss': 1.1168, 'learning_rate': 7.074363588772564e-05, 'epoch': 8.46}
{'loss': 1.0974, 'learning_rate': 7.052005153466778e-05, 'epoch': 8.46}
{'loss': 0.995, 'learning_rate': 7.029679424927366e-05, 'epoch': 8.46}
{'loss': 1.3057, 'learning_rate': 7.00738642015633e-05, 'epoch': 8.46}
{'loss': 1.1374, 'learning_rate': 6.985126156130761e-05, 'epoch': 8.47}
{'loss': 1.2211, 'learning_rate': 6.962898649802824e-05, 'epoch': 8.47}
{'loss': 1.2978, 'learning_rate': 6.940703918099723e-05, 'epoch': 8.47}
{'loss': 1.1783, 'learning_rate': 6.91854197792371e-05, 'epoch': 8.47}
{'loss': 0.8917, 'learning_rate': 6.896412846152095e-05, 'epoch': 8.48}
{'loss': 1.1283, 'learning_rate': 6.874316539637127e-05, 'epoch': 8.48}
{'loss': 1.2655, 'learning_rate': 6.852253075206156e-05, 'epoch': 8.48}
{'loss': 1.2333, 'learning_rate': 6.830222469661418e-05, 'epoch': 8.48}
{'loss': 1.3019, 'learning_rate': 6.808224739780217e-05, 'epoch': 8.49}
{'loss': 1.2343, 'learning_rate': 6.786259902314768e-05, 'epoch': 8.49}
{'loss': 1.3009, 'learning_rate': 6.764327973992251e-05, 'epoch': 8.49}
{'loss': 1.1737, 'learning_rate': 6.742428971514785e-05, 'epoch': 8.49}
{'loss': 1.2003, 'learning_rate': 6.720562911559408e-05, 'epoch': 8.5}
{'loss': 1.2311, 'learning_rate': 6.698729810778065e-05, 'epoch': 8.5}
{'loss': 1.1224, 'learning_rate': 6.676929685797639e-05, 'epoch': 8.5}
{'loss': 1.1948, 'learning_rate': 6.655162553219862e-05, 'epoch': 8.51}
{'loss': 1.3087, 'learning_rate': 6.633428429621352e-05, 'epoch': 8.51}
{'loss': 1.2451, 'learning_rate': 6.611727331553586e-05, 'epoch': 8.51}
{'loss': 1.2072, 'learning_rate': 6.590059275542881e-05, 'epoch': 8.51}
{'loss': 1.6104, 'learning_rate': 6.568424278090446e-05, 'epoch': 8.52}
{'loss': 1.4753, 'learning_rate': 6.546822355672222e-05, 'epoch': 8.52}
{'loss': 0.7556, 'learning_rate': 6.52525352473905e-05, 'epoch': 8.52}
{'loss': 1.2986, 'learning_rate': 6.503717801716518e-05, 'epoch': 8.52}
{'loss': 0.9497, 'learning_rate': 6.482215203005015e-05, 'epoch': 8.53}
{'loss': 1.5119, 'learning_rate': 6.460745744979713e-05, 'epoch': 8.53}
{'loss': 1.1827, 'learning_rate': 6.439309443990532e-05, 'epoch': 8.53}
{'loss': 1.1766, 'learning_rate': 6.417906316362137e-05, 'epoch': 8.53}
{'loss': 1.1, 'learning_rate': 6.396536378393974e-05, 'epoch': 8.54}
{'loss': 1.4493, 'learning_rate': 6.375199646360142e-05, 'epoch': 8.54}
{'loss': 1.1717, 'learning_rate': 6.353896136509524e-05, 'epoch': 8.54}
{'loss': 1.4853, 'learning_rate': 6.332625865065634e-05, 'epoch': 8.54}
{'loss': 1.6328, 'learning_rate': 6.31138884822674e-05, 'epoch': 8.54}
{'loss': 1.0436, 'learning_rate': 6.290185102165741e-05, 'epoch': 8.55}
{'loss': 1.244, 'learning_rate': 6.269014643030213e-05, 'epoch': 8.55}
{'loss': 1.135, 'learning_rate': 6.247877486942383e-05, 'epoch': 8.55}
{'loss': 1.0479, 'learning_rate': 6.226773649999113e-05, 'epoch': 8.55}
{'loss': 0.9748, 'learning_rate': 6.205703148271885e-05, 'epoch': 8.56}
{'loss': 1.3172, 'learning_rate': 6.184665997806832e-05, 'epoch': 8.56}
{'loss': 1.3742, 'learning_rate': 6.163662214624616e-05, 'epoch': 8.56}
{'loss': 1.2005, 'learning_rate': 6.142691814720574e-05, 'epoch': 8.56}
{'loss': 1.5272, 'learning_rate': 6.12175481406454e-05, 'epoch': 8.57}
{'loss': 1.2077, 'learning_rate': 6.100851228600973e-05, 'epoch': 8.57}
{'loss': 1.3202, 'learning_rate': 6.079981074248864e-05, 'epoch': 8.57}
{'loss': 1.4078, 'learning_rate': 6.059144366901737e-05, 'epoch': 8.57}
{'loss': 1.5397, 'learning_rate': 6.038341122427643e-05, 'epoch': 8.58}
{'loss': 1.3349, 'learning_rate': 6.0175713566691824e-05, 'epoch': 8.58}
{'loss': 1.4809, 'learning_rate': 5.9968350854434026e-05, 'epoch': 8.58}
{'loss': 1.3478, 'learning_rate': 5.9761323245419e-05, 'epoch': 8.59}
{'loss': 1.2301, 'learning_rate': 5.955463089730723e-05, 'epoch': 8.59}
{'loss': 1.0343, 'learning_rate': 5.934827396750392e-05, 'epoch': 8.59}
{'loss': 1.2018, 'learning_rate': 5.914225261315881e-05, 'epoch': 8.59}
{'loss': 1.1742, 'learning_rate': 5.8936566991166175e-05, 'epoch': 8.6}
{'loss': 1.3948, 'learning_rate': 5.873121725816449e-05, 'epoch': 8.6}
{'loss': 1.2815, 'learning_rate': 5.852620357053651e-05, 'epoch': 8.6}
{'loss': 1.3419, 'learning_rate': 5.832152608440922e-05, 'epoch': 8.6}
{'loss': 1.3804, 'learning_rate': 5.811718495565327e-05, 'epoch': 8.61}
{'loss': 1.3458, 'learning_rate': 5.791318033988347e-05, 'epoch': 8.61}
{'loss': 1.2329, 'learning_rate': 5.770951239245803e-05, 'epoch': 8.61}
{'loss': 1.0889, 'learning_rate': 5.750618126847912e-05, 'epoch': 8.61}
{'loss': 1.187, 'learning_rate': 5.730318712279203e-05, 'epoch': 8.62}
{'loss': 1.305, 'learning_rate': 5.710053010998595e-05, 'epoch': 8.62}
{'loss': 1.2342, 'learning_rate': 5.6898210384392636e-05, 'epoch': 8.62}
{'loss': 1.112, 'learning_rate': 5.669622810008762e-05, 'epoch': 8.62}
{'loss': 1.2621, 'learning_rate': 5.649458341088914e-05, 'epoch': 8.62}
{'loss': 1.2048, 'learning_rate': 5.6293276470358425e-05, 'epoch': 8.63}
{'loss': 1.2697, 'learning_rate': 5.609230743179938e-05, 'epoch': 8.63}
{'loss': 1.3089, 'learning_rate': 5.589167644825871e-05, 'epoch': 8.63}
{'loss': 1.2659, 'learning_rate': 5.569138367252552e-05, 'epoch': 8.63}
{'loss': 1.3205, 'learning_rate': 5.5491429257131855e-05, 'epoch': 8.64}
{'loss': 1.147, 'learning_rate': 5.529181335435124e-05, 'epoch': 8.64}
{'loss': 1.3754, 'learning_rate': 5.509253611620019e-05, 'epoch': 8.64}
{'loss': 1.3927, 'learning_rate': 5.489359769443675e-05, 'epoch': 8.64}
{'loss': 1.2133, 'learning_rate': 5.469499824056135e-05, 'epoch': 8.65}
{'loss': 1.2266, 'learning_rate': 5.449673790581611e-05, 'epoch': 8.65}
{'loss': 1.3019, 'learning_rate': 5.4298816841184815e-05, 'epoch': 8.65}
{'loss': 1.1947, 'learning_rate': 5.410123519739302e-05, 'epoch': 8.65}
{'loss': 1.1982, 'learning_rate': 5.390399312490773e-05, 'epoch': 8.66}
{'loss': 1.3001, 'learning_rate': 5.370709077393721e-05, 'epoch': 8.66}
{'loss': 1.2049, 'learning_rate': 5.351052829443159e-05, 'epoch': 8.66}
{'loss': 1.2728, 'learning_rate': 5.331430583608121e-05, 'epoch': 8.66}
{'loss': 1.2274, 'learning_rate': 5.311842354831853e-05, 'epoch': 8.67}
{'loss': 1.3955, 'learning_rate': 5.292288158031594e-05, 'epoch': 8.67}
{'loss': 1.1859, 'learning_rate': 5.2727680080987495e-05, 'epoch': 8.67}
{'loss': 1.1265, 'learning_rate': 5.2532819198987506e-05, 'epoch': 8.68}
{'loss': 1.0451, 'learning_rate': 5.2338299082711037e-05, 'epoch': 8.68}
{'loss': 1.2078, 'learning_rate': 5.214411988029355e-05, 'epoch': 8.68}
{'loss': 1.2178, 'learning_rate': 5.1950281739611197e-05, 'epoch': 8.68}
{'loss': 1.2299, 'learning_rate': 5.175678480827972e-05, 'epoch': 8.69}
{'loss': 1.0062, 'learning_rate': 5.1563629233655876e-05, 'epoch': 8.69}
{'loss': 1.1743, 'learning_rate': 5.137081516283582e-05, 'epoch': 8.69}
{'loss': 1.2523, 'learning_rate': 5.117834274265587e-05, 'epoch': 8.69}
{'loss': 1.0973, 'learning_rate': 5.098621211969223e-05, 'epoch': 8.7}
{'loss': 1.1579, 'learning_rate': 5.079442344026053e-05, 'epoch': 8.7}
{'loss': 1.2809, 'learning_rate': 5.060297685041659e-05, 'epoch': 8.7}
{'loss': 1.1258, 'learning_rate': 5.04118724959548e-05, 'epoch': 8.7}
{'loss': 1.2534, 'learning_rate': 5.0221110522409854e-05, 'epoch': 8.71}
{'loss': 1.0486, 'learning_rate': 5.003069107505509e-05, 'epoch': 8.71}
{'loss': 1.1962, 'learning_rate': 4.984061429890324e-05, 'epoch': 8.71}
{'loss': 1.2635, 'learning_rate': 4.9650880338706075e-05, 'epoch': 8.71}
{'loss': 1.2074, 'learning_rate': 4.9461489338954224e-05, 'epoch': 8.71}
{'loss': 1.255, 'learning_rate': 4.9272441443877104e-05, 'epoch': 8.72}
{'loss': 1.4174, 'learning_rate': 4.908373679744316e-05, 'epoch': 8.72}
{'loss': 1.4345, 'learning_rate': 4.889537554335882e-05, 'epoch': 8.72}
{'loss': 1.3216, 'learning_rate': 4.87073578250698e-05, 'epoch': 8.72}
{'loss': 1.06, 'learning_rate': 4.851968378575927e-05, 'epoch': 8.73}
{'loss': 1.1184, 'learning_rate': 4.833235356834958e-05, 'epoch': 8.73}
{'loss': 1.2209, 'learning_rate': 4.814536731550073e-05, 'epoch': 8.73}
{'loss': 1.199, 'learning_rate': 4.795872516961086e-05, 'epoch': 8.73}
{'loss': 0.9968, 'learning_rate': 4.777242727281595e-05, 'epoch': 8.74}
{'loss': 1.7536, 'learning_rate': 4.758647376699032e-05, 'epoch': 8.74}
{'loss': 1.3606, 'learning_rate': 4.7400864793745166e-05, 'epoch': 8.74}
{'loss': 1.2968, 'learning_rate': 4.72156004944303e-05, 'epoch': 8.74}
{'loss': 1.2542, 'learning_rate': 4.7030681010132084e-05, 'epoch': 8.75}
{'loss': 1.4075, 'learning_rate': 4.684610648167503e-05, 'epoch': 8.75}
{'loss': 1.2204, 'learning_rate': 4.6661877049620605e-05, 'epoch': 8.75}
{'loss': 1.1042, 'learning_rate': 4.647799285426757e-05, 'epoch': 8.76}
{'loss': 1.4184, 'learning_rate': 4.629445403565169e-05, 'epoch': 8.76}
{'loss': 1.3895, 'learning_rate': 4.6111260733545715e-05, 'epoch': 8.76}
{'loss': 1.0066, 'learning_rate': 4.592841308745932e-05, 'epoch': 8.76}
{'loss': 1.345, 'learning_rate': 4.574591123663918e-05, 'epoch': 8.77}
{'loss': 1.2685, 'learning_rate': 4.556375532006801e-05, 'epoch': 8.77}
{'loss': 1.1675, 'learning_rate': 4.538194547646573e-05, 'epoch': 8.77}
{'loss': 1.1209, 'learning_rate': 4.5200481844288374e-05, 'epoch': 8.77}
{'loss': 1.2595, 'learning_rate': 4.501936456172845e-05, 'epoch': 8.78}
{'loss': 1.2928, 'learning_rate': 4.483859376671451e-05, 'epoch': 8.78}
{'loss': 1.3138, 'learning_rate': 4.465816959691149e-05, 'epoch': 8.78}
{'loss': 1.1227, 'learning_rate': 4.447809218972021e-05, 'epoch': 8.78}
{'loss': 1.1928, 'learning_rate': 4.429836168227736e-05, 'epoch': 8.79}
{'loss': 1.4213, 'learning_rate': 4.411897821145572e-05, 'epoch': 8.79}
{'loss': 1.3448, 'learning_rate': 4.393994191386352e-05, 'epoch': 8.79}
{'loss': 0.9841, 'learning_rate': 4.376125292584465e-05, 'epoch': 8.79}
{'loss': 1.2013, 'learning_rate': 4.358291138347864e-05, 'epoch': 8.79}
{'loss': 1.1817, 'learning_rate': 4.340491742258024e-05, 'epoch': 8.8}
{'loss': 1.5069, 'learning_rate': 4.322727117869951e-05, 'epoch': 8.8}
{'loss': 1.3739, 'learning_rate': 4.304997278712214e-05, 'epoch': 8.8}
{'loss': 1.4031, 'learning_rate': 4.287302238286811e-05, 'epoch': 8.8}
{'loss': 1.2675, 'learning_rate': 4.269642010069319e-05, 'epoch': 8.81}
{'loss': 1.1743, 'learning_rate': 4.252016607508763e-05, 'epoch': 8.81}
{'loss': 0.9553, 'learning_rate': 4.234426044027645e-05, 'epoch': 8.81}
{'loss': 1.272, 'learning_rate': 4.216870333021949e-05, 'epoch': 8.81}
{'loss': 1.3024, 'learning_rate': 4.199349487861115e-05, 'epoch': 8.82}
{'loss': 1.1918, 'learning_rate': 4.181863521888019e-05, 'epoch': 8.82}
{'loss': 1.2475, 'learning_rate': 4.164412448419003e-05, 'epoch': 8.82}
{'loss': 1.4491, 'learning_rate': 4.1469962807437976e-05, 'epoch': 8.82}
{'loss': 1.3346, 'learning_rate': 4.1296150321255944e-05, 'epoch': 8.83}
{'loss': 1.4699, 'learning_rate': 4.112268715800943e-05, 'epoch': 8.83}
{'loss': 1.1542, 'learning_rate': 4.094957344979844e-05, 'epoch': 8.83}
{'loss': 1.3486, 'learning_rate': 4.0776809328456456e-05, 'epoch': 8.84}
{'loss': 1.2099, 'learning_rate': 4.06043949255509e-05, 'epoch': 8.84}
{'loss': 1.4345, 'learning_rate': 4.043233037238281e-05, 'epoch': 8.84}
{'loss': 1.2936, 'learning_rate': 4.026061579998691e-05, 'epoch': 8.84}
{'loss': 0.9747, 'learning_rate': 4.0089251339131164e-05, 'epoch': 8.85}
{'loss': 1.2004, 'learning_rate': 3.991823712031734e-05, 'epoch': 8.85}
{'loss': 1.373, 'learning_rate': 3.974757327377981e-05, 'epoch': 8.85}
{'loss': 1.0821, 'learning_rate': 3.957725992948691e-05, 'epoch': 8.85}
{'loss': 1.0906, 'learning_rate': 3.940729721713943e-05, 'epoch': 8.86}
{'loss': 1.1771, 'learning_rate': 3.923768526617144e-05, 'epoch': 8.86}
{'loss': 1.1398, 'learning_rate': 3.90684242057498e-05, 'epoch': 8.86}
{'loss': 1.339, 'learning_rate': 3.889951416477416e-05, 'epoch': 8.86}
{'loss': 1.2733, 'learning_rate': 3.873095527187681e-05, 'epoch': 8.87}
{'loss': 0.9099, 'learning_rate': 3.856274765542289e-05, 'epoch': 8.87}
{'loss': 1.1801, 'learning_rate': 3.839489144350955e-05, 'epoch': 8.87}
{'loss': 1.2811, 'learning_rate': 3.822738676396681e-05, 'epoch': 8.87}
{'loss': 1.3781, 'learning_rate': 3.806023374435663e-05, 'epoch': 8.88}
{'loss': 1.2467, 'learning_rate': 3.789343251197341e-05, 'epoch': 8.88}
{'loss': 1.2709, 'learning_rate': 3.772698319384349e-05, 'epoch': 8.88}
{'loss': 1.2511, 'learning_rate': 3.756088591672513e-05, 'epoch': 8.88}
{'loss': 1.2735, 'learning_rate': 3.7395140807108984e-05, 'epoch': 8.88}
{'loss': 0.9823, 'learning_rate': 3.722974799121681e-05, 'epoch': 8.89}
{'loss': 1.0919, 'learning_rate': 3.7064707595002634e-05, 'epoch': 8.89}
{'loss': 1.4522, 'learning_rate': 3.6900019744151805e-05, 'epoch': 8.89}
{'loss': 1.0108, 'learning_rate': 3.6735684564081385e-05, 'epoch': 8.89}
{'loss': 1.3804, 'learning_rate': 3.6571702179939606e-05, 'epoch': 8.9}
{'loss': 1.2372, 'learning_rate': 3.6408072716606344e-05, 'epoch': 8.9}
{'loss': 1.3053, 'learning_rate': 3.624479629869237e-05, 'epoch': 8.9}
{'loss': 1.2897, 'learning_rate': 3.608187305054006e-05, 'epoch': 8.9}
{'loss': 1.4192, 'learning_rate': 3.591930309622227e-05, 'epoch': 8.91}
{'loss': 1.1602, 'learning_rate': 3.575708655954324e-05, 'epoch': 8.91}
{'loss': 1.2143, 'learning_rate': 3.559522356403788e-05, 'epoch': 8.91}
{'loss': 1.2578, 'learning_rate': 3.5433714232971924e-05, 'epoch': 8.91}
{'loss': 1.3921, 'learning_rate': 3.527255868934176e-05, 'epoch': 8.92}
{'loss': 1.2298, 'learning_rate': 3.5111757055874326e-05, 'epoch': 8.92}
{'loss': 1.0997, 'learning_rate': 3.4951309455027004e-05, 'epoch': 8.92}
{'loss': 1.3775, 'learning_rate': 3.479121600898777e-05, 'epoch': 8.93}
{'loss': 1.4629, 'learning_rate': 3.4631476839674545e-05, 'epoch': 8.93}
{'loss': 1.1677, 'learning_rate': 3.4472092068735914e-05, 'epoch': 8.93}
{'loss': 1.1522, 'learning_rate': 3.431306181755001e-05, 'epoch': 8.93}
{'loss': 1.5035, 'learning_rate': 3.4154386207225555e-05, 'epoch': 8.94}
{'loss': 0.9888, 'learning_rate': 3.399606535860078e-05, 'epoch': 8.94}
{'loss': 1.1992, 'learning_rate': 3.383809939224392e-05, 'epoch': 8.94}
{'loss': 1.109, 'learning_rate': 3.3680488428453006e-05, 'epoch': 8.94}
{'loss': 1.2544, 'learning_rate': 3.352323258725554e-05, 'epoch': 8.95}
{'loss': 1.1011, 'learning_rate': 3.336633198840866e-05, 'epoch': 8.95}
{'loss': 1.2158, 'learning_rate': 3.3209786751399184e-05, 'epoch': 8.95}
{'loss': 1.3033, 'learning_rate': 3.305359699544291e-05, 'epoch': 8.95}
{'loss': 1.2398, 'learning_rate': 3.289776283948526e-05, 'epoch': 8.96}
{'loss': 1.4638, 'learning_rate': 3.2742284402200676e-05, 'epoch': 8.96}
{'loss': 1.3896, 'learning_rate': 3.258716180199278e-05, 'epoch': 8.96}
{'loss': 1.1277, 'learning_rate': 3.24323951569942e-05, 'epoch': 8.96}
{'loss': 1.3287, 'learning_rate': 3.2277984585066366e-05, 'epoch': 8.96}
{'loss': 1.0849, 'learning_rate': 3.2123930203799666e-05, 'epoch': 8.97}
{'loss': 1.1961, 'learning_rate': 3.1970232130513366e-05, 'epoch': 8.97}
{'loss': 1.4449, 'learning_rate': 3.1816890482255054e-05, 'epoch': 8.97}
{'loss': 1.1778, 'learning_rate': 3.166390537580122e-05, 'epoch': 8.97}
{'loss': 1.2277, 'learning_rate': 3.151127692765654e-05, 'epoch': 8.98}
{'loss': 1.304, 'learning_rate': 3.1359005254054274e-05, 'epoch': 8.98}
{'loss': 1.3492, 'learning_rate': 3.120709047095594e-05, 'epoch': 8.98}
{'loss': 1.0842, 'learning_rate': 3.105553269405115e-05, 'epoch': 8.98}
{'loss': 1.2264, 'learning_rate': 3.0904332038757974e-05, 'epoch': 8.99}
{'loss': 1.1962, 'learning_rate': 3.075348862022204e-05, 'epoch': 8.99}
{'loss': 1.4755, 'learning_rate': 3.0603002553317324e-05, 'epoch': 8.99}
{'loss': 1.3803, 'learning_rate': 3.0452873952645454e-05, 'epoch': 8.99}
{'loss': 1.4407, 'learning_rate': 3.030310293253591e-05, 'epoch': 9.0}
{'loss': 1.2083, 'learning_rate': 3.0153689607045842e-05, 'epoch': 9.0}
{'loss': 0.9696, 'learning_rate': 3.0004634089959958e-05, 'epoch': 9.0}
{'loss': 1.1336, 'learning_rate': 2.9855936494790513e-05, 'epoch': 9.01}
{'loss': 1.2037, 'learning_rate': 2.970759693477737e-05, 'epoch': 9.01}
{'loss': 1.1226, 'learning_rate': 2.9559615522887274e-05, 'epoch': 9.01}
{'loss': 1.2372, 'learning_rate': 2.9411992371814745e-05, 'epoch': 9.01}
{'loss': 1.036, 'learning_rate': 2.9264727593981023e-05, 'epoch': 9.02}
{'loss': 1.0817, 'learning_rate': 2.911782130153484e-05, 'epoch': 9.02}
{'loss': 1.2121, 'learning_rate': 2.8971273606351657e-05, 'epoch': 9.02}
{'loss': 1.3075, 'learning_rate': 2.8825084620033914e-05, 'epoch': 9.02}
{'loss': 1.1339, 'learning_rate': 2.8679254453910786e-05, 'epoch': 9.03}
{'loss': 1.348, 'learning_rate': 2.853378321903849e-05, 'epoch': 9.03}
{'loss': 1.1647, 'learning_rate': 2.838867102619952e-05, 'epoch': 9.03}
{'loss': 1.167, 'learning_rate': 2.8243917985903256e-05, 'epoch': 9.03}
{'loss': 1.2027, 'learning_rate': 2.8099524208385297e-05, 'epoch': 9.04}
{'loss': 1.5128, 'learning_rate': 2.7955489803607903e-05, 'epoch': 9.04}
{'loss': 1.2431, 'learning_rate': 2.78118148812595e-05, 'epoch': 9.04}
{'loss': 1.3548, 'learning_rate': 2.766849955075479e-05, 'epoch': 9.04}
{'loss': 1.1319, 'learning_rate': 2.752554392123463e-05, 'epoch': 9.04}
{'loss': 1.1649, 'learning_rate': 2.738294810156594e-05, 'epoch': 9.05}
{'loss': 1.272, 'learning_rate': 2.724071220034158e-05, 'epoch': 9.05}
{'loss': 1.1473, 'learning_rate': 2.7098836325880616e-05, 'epoch': 9.05}
{'loss': 1.0042, 'learning_rate': 2.695732058622735e-05, 'epoch': 9.05}
{'loss': 1.3261, 'learning_rate': 2.681616508915241e-05, 'epoch': 9.06}
{'loss': 1.2063, 'learning_rate': 2.667536994215186e-05, 'epoch': 9.06}
{'loss': 1.6543, 'learning_rate': 2.653493525244721e-05, 'epoch': 9.06}
{'loss': 1.243, 'learning_rate': 2.6394861126985635e-05, 'epoch': 9.06}
{'loss': 1.3858, 'learning_rate': 2.6255147672439583e-05, 'epoch': 9.07}
{'loss': 1.3614, 'learning_rate': 2.611579499520722e-05, 'epoch': 9.07}
{'loss': 1.1601, 'learning_rate': 2.597680320141127e-05, 'epoch': 9.07}
{'loss': 1.0804, 'learning_rate': 2.583817239690034e-05, 'epoch': 9.07}
{'loss': 0.962, 'learning_rate': 2.56999026872477e-05, 'epoch': 9.08}
{'loss': 1.3714, 'learning_rate': 2.5561994177751735e-05, 'epoch': 9.08}
{'loss': 1.6277, 'learning_rate': 2.5424446973435768e-05, 'epoch': 9.08}
{'loss': 1.1603, 'learning_rate': 2.5287261179048116e-05, 'epoch': 9.09}
{'loss': 1.1974, 'learning_rate': 2.515043689906149e-05, 'epoch': 9.09}
{'loss': 1.159, 'learning_rate': 2.501397423767382e-05, 'epoch': 9.09}
{'loss': 1.0976, 'learning_rate': 2.487787329880703e-05, 'epoch': 9.09}
{'loss': 1.0839, 'learning_rate': 2.4742134186108156e-05, 'epoch': 9.1}
{'loss': 1.0877, 'learning_rate': 2.4606757002948344e-05, 'epoch': 9.1}
{'loss': 1.0765, 'learning_rate': 2.4471741852423235e-05, 'epoch': 9.1}
{'loss': 1.1306, 'learning_rate': 2.4337088837352694e-05, 'epoch': 9.1}
{'loss': 1.258, 'learning_rate': 2.420279806028092e-05, 'epoch': 9.11}
{'loss': 0.8007, 'learning_rate': 2.4068869623476098e-05, 'epoch': 9.11}
{'loss': 0.9565, 'learning_rate': 2.3935303628930704e-05, 'epoch': 9.11}
{'loss': 1.3297, 'learning_rate': 2.380210017836082e-05, 'epoch': 9.11}
{'loss': 1.003, 'learning_rate': 2.366925937320691e-05, 'epoch': 9.12}
{'loss': 1.2608, 'learning_rate': 2.3536781314632827e-05, 'epoch': 9.12}
{'loss': 1.0182, 'learning_rate': 2.340466610352654e-05, 'epoch': 9.12}
{'loss': 1.3405, 'learning_rate': 2.32729138404994e-05, 'epoch': 9.12}
{'loss': 1.1574, 'learning_rate': 2.314152462588659e-05, 'epoch': 9.12}
{'loss': 1.2399, 'learning_rate': 2.301049855974663e-05, 'epoch': 9.13}
{'loss': 0.9711, 'learning_rate': 2.287983574186159e-05, 'epoch': 9.13}
{'loss': 1.0644, 'learning_rate': 2.274953627173687e-05, 'epoch': 9.13}
{'loss': 1.2997, 'learning_rate': 2.2619600248601323e-05, 'epoch': 9.13}
{'loss': 1.1987, 'learning_rate': 2.2490027771406685e-05, 'epoch': 9.14}
{'loss': 1.1874, 'learning_rate': 2.236081893882819e-05, 'epoch': 9.14}
{'loss': 1.1604, 'learning_rate': 2.22319738492639e-05, 'epoch': 9.14}
{'loss': 1.1995, 'learning_rate': 2.210349260083494e-05, 'epoch': 9.14}
{'loss': 1.3929, 'learning_rate': 2.197537529138549e-05, 'epoch': 9.15}
{'loss': 1.1148, 'learning_rate': 2.1847622018482283e-05, 'epoch': 9.15}
{'loss': 1.2835, 'learning_rate': 2.17202328794151e-05, 'epoch': 9.15}
{'loss': 1.3273, 'learning_rate': 2.1593207971196293e-05, 'epoch': 9.15}
{'loss': 0.9839, 'learning_rate': 2.1466547390560865e-05, 'epoch': 9.16}
{'loss': 1.2449, 'learning_rate': 2.134025123396638e-05, 'epoch': 9.16}
{'loss': 1.0664, 'learning_rate': 2.121431959759279e-05, 'epoch': 9.16}
{'loss': 1.3003, 'learning_rate': 2.1088752577342606e-05, 'epoch': 9.16}
{'loss': 1.2096, 'learning_rate': 2.0963550268840448e-05, 'epoch': 9.17}
{'loss': 1.094, 'learning_rate': 2.0838712767433375e-05, 'epoch': 9.17}
{'loss': 1.2537, 'learning_rate': 2.071424016819068e-05, 'epoch': 9.17}
{'loss': 1.1812, 'learning_rate': 2.0590132565903473e-05, 'epoch': 9.18}
{'loss': 1.1944, 'learning_rate': 2.046639005508527e-05, 'epoch': 9.18}
{'loss': 1.0918, 'learning_rate': 2.0343012729971243e-05, 'epoch': 9.18}
{'loss': 1.1549, 'learning_rate': 2.022000068451868e-05, 'epoch': 9.18}
{'loss': 1.2974, 'learning_rate': 2.009735401240653e-05, 'epoch': 9.19}
{'loss': 0.9555, 'learning_rate': 1.99750728070357e-05, 'epoch': 9.19}
{'loss': 1.0476, 'learning_rate': 1.985315716152847e-05, 'epoch': 9.19}
{'loss': 1.0339, 'learning_rate': 1.973160716872907e-05, 'epoch': 9.19}
{'loss': 1.1985, 'learning_rate': 1.9610422921202908e-05, 'epoch': 9.2}
{'loss': 1.2678, 'learning_rate': 1.9489604511237325e-05, 'epoch': 9.2}
{'loss': 1.1883, 'learning_rate': 1.9369152030840554e-05, 'epoch': 9.2}
{'loss': 1.4744, 'learning_rate': 1.9249065571742553e-05, 'epoch': 9.2}
{'loss': 1.0999, 'learning_rate': 1.9129345225394335e-05, 'epoch': 9.21}
{'loss': 1.1483, 'learning_rate': 1.9009991082968136e-05, 'epoch': 9.21}
{'loss': 1.165, 'learning_rate': 1.8891003235357307e-05, 'epoch': 9.21}
{'loss': 1.0363, 'learning_rate': 1.8772381773176416e-05, 'epoch': 9.21}
{'loss': 0.9845, 'learning_rate': 1.8654126786760596e-05, 'epoch': 9.21}
{'loss': 1.0421, 'learning_rate': 1.853623836616647e-05, 'epoch': 9.22}
{'loss': 1.24, 'learning_rate': 1.841871660117095e-05, 'epoch': 9.22}
{'loss': 0.9793, 'learning_rate': 1.830156158127211e-05, 'epoch': 9.22}
{'loss': 1.0913, 'learning_rate': 1.8184773395688526e-05, 'epoch': 9.22}
{'loss': 1.2582, 'learning_rate': 1.8068352133359557e-05, 'epoch': 9.23}
{'loss': 1.565, 'learning_rate': 1.7952297882945002e-05, 'epoch': 9.23}
{'loss': 1.0915, 'learning_rate': 1.783661073282522e-05, 'epoch': 9.23}
{'loss': 1.1748, 'learning_rate': 1.7721290771100962e-05, 'epoch': 9.23}
{'loss': 1.1241, 'learning_rate': 1.760633808559353e-05, 'epoch': 9.24}
{'loss': 1.1257, 'learning_rate': 1.7491752763844293e-05, 'epoch': 9.24}
{'loss': 1.1173, 'learning_rate': 1.7377534893115e-05, 'epoch': 9.24}
{'loss': 1.115, 'learning_rate': 1.7263684560387516e-05, 'epoch': 9.24}
{'loss': 1.1679, 'learning_rate': 1.7150201852363766e-05, 'epoch': 9.25}
{'loss': 1.233, 'learning_rate': 1.70370868554659e-05, 'epoch': 9.25}
{'loss': 1.0821, 'learning_rate': 1.692433965583573e-05, 'epoch': 9.25}
{'loss': 1.281, 'learning_rate': 1.68119603393353e-05, 'epoch': 9.26}
{'loss': 1.3409, 'learning_rate': 1.6699948991546364e-05, 'epoch': 9.26}
{'loss': 1.1038, 'learning_rate': 1.658830569777031e-05, 'epoch': 9.26}
{'loss': 1.2727, 'learning_rate': 1.647703054302846e-05, 'epoch': 9.26}
{'loss': 1.2707, 'learning_rate': 1.6366123612061636e-05, 'epoch': 9.27}
{'loss': 1.1908, 'learning_rate': 1.625558498933022e-05, 'epoch': 9.27}
{'loss': 1.1913, 'learning_rate': 1.614541475901443e-05, 'epoch': 9.27}
{'loss': 1.2433, 'learning_rate': 1.6035613005013383e-05, 'epoch': 9.27}
{'loss': 1.4141, 'learning_rate': 1.5926179810946185e-05, 'epoch': 9.28}
{'loss': 1.0552, 'learning_rate': 1.581711526015067e-05, 'epoch': 9.28}
{'loss': 1.2466, 'learning_rate': 1.5708419435684463e-05, 'epoch': 9.28}
{'loss': 1.0884, 'learning_rate': 1.5600092420324062e-05, 'epoch': 9.28}
{'loss': 1.5195, 'learning_rate': 1.5492134296565263e-05, 'epoch': 9.29}
{'loss': 0.9278, 'learning_rate': 1.538454514662285e-05, 'epoch': 9.29}
{'loss': 1.3325, 'learning_rate': 1.527732505243057e-05, 'epoch': 9.29}
{'loss': 1.4124, 'learning_rate': 1.5170474095641262e-05, 'epoch': 9.29}
{'loss': 1.0703, 'learning_rate': 1.506399235762662e-05, 'epoch': 9.29}
{'loss': 0.9344, 'learning_rate': 1.4957879919477002e-05, 'epoch': 9.3}
{'loss': 1.0723, 'learning_rate': 1.4852136862001764e-05, 'epoch': 9.3}
{'loss': 1.2189, 'learning_rate': 1.4746763265728769e-05, 'epoch': 9.3}
{'loss': 1.0874, 'learning_rate': 1.4641759210904604e-05, 'epoch': 9.3}
{'loss': 1.1706, 'learning_rate': 1.453712477749447e-05, 'epoch': 9.31}
{'loss': 1.1307, 'learning_rate': 1.4432860045182017e-05, 'epoch': 9.31}
{'loss': 1.2845, 'learning_rate': 1.4328965093369284e-05, 'epoch': 9.31}
{'loss': 1.5158, 'learning_rate': 1.4225440001176982e-05, 'epoch': 9.31}
{'loss': 1.1601, 'learning_rate': 1.4122284847443712e-05, 'epoch': 9.32}
{'loss': 1.3336, 'learning_rate': 1.4019499710726914e-05, 'epoch': 9.32}
{'loss': 1.1752, 'learning_rate': 1.3917084669301693e-05, 'epoch': 9.32}
{'loss': 1.3519, 'learning_rate': 1.3815039801161721e-05, 'epoch': 9.32}
{'loss': 1.1471, 'learning_rate': 1.37133651840185e-05, 'epoch': 9.33}
{'loss': 1.1331, 'learning_rate': 1.3612060895301759e-05, 'epoch': 9.33}
{'loss': 1.1626, 'learning_rate': 1.3511127012159008e-05, 'epoch': 9.33}
{'loss': 1.4317, 'learning_rate': 1.3410563611455928e-05, 'epoch': 9.34}
{'loss': 1.1407, 'learning_rate': 1.331037076977576e-05, 'epoch': 9.34}
{'loss': 1.2323, 'learning_rate': 1.3210548563419855e-05, 'epoch': 9.34}
{'loss': 1.1864, 'learning_rate': 1.311109706840713e-05, 'epoch': 9.34}
{'loss': 1.2601, 'learning_rate': 1.3012016360474221e-05, 'epoch': 9.35}
{'loss': 1.0908, 'learning_rate': 1.291330651507533e-05, 'epoch': 9.35}
{'loss': 1.1306, 'learning_rate': 1.2814967607382432e-05, 'epoch': 9.35}
{'loss': 1.1652, 'learning_rate': 1.2716999712284738e-05, 'epoch': 9.35}
{'loss': 1.098, 'learning_rate': 1.2619402904389121e-05, 'epoch': 9.36}
{'loss': 1.1057, 'learning_rate': 1.2522177258019796e-05, 'epoch': 9.36}
{'loss': 1.021, 'learning_rate': 1.2425322847218367e-05, 'epoch': 9.36}
{'loss': 1.3073, 'learning_rate': 1.232883974574367e-05, 'epoch': 9.36}
{'loss': 1.2202, 'learning_rate': 1.2232728027071704e-05, 'epoch': 9.37}
{'loss': 1.2565, 'learning_rate': 1.2136987764395812e-05, 'epoch': 9.37}
{'loss': 1.2885, 'learning_rate': 1.2041619030626282e-05, 'epoch': 9.37}
{'loss': 1.0875, 'learning_rate': 1.1946621898390685e-05, 'epoch': 9.37}
{'loss': 1.347, 'learning_rate': 1.185199644003332e-05, 'epoch': 9.38}
{'loss': 1.0625, 'learning_rate': 1.1757742727615705e-05, 'epoch': 9.38}
{'loss': 1.1737, 'learning_rate': 1.166386083291604e-05, 'epoch': 9.38}
{'loss': 1.0868, 'learning_rate': 1.1570350827429576e-05, 'epoch': 9.38}
{'loss': 1.0481, 'learning_rate': 1.1477212782368186e-05, 'epoch': 9.38}
{'loss': 1.2031, 'learning_rate': 1.1384446768660573e-05, 'epoch': 9.39}
{'loss': 1.1943, 'learning_rate': 1.1292052856952062e-05, 'epoch': 9.39}
{'loss': 0.9142, 'learning_rate': 1.1200031117604703e-05, 'epoch': 9.39}
{'loss': 0.8286, 'learning_rate': 1.1108381620696884e-05, 'epoch': 9.39}
{'loss': 0.9547, 'learning_rate': 1.101710443602394e-05, 'epoch': 9.4}
{'loss': 1.1221, 'learning_rate': 1.0926199633097156e-05, 'epoch': 9.4}
{'loss': 1.1647, 'learning_rate': 1.0835667281144767e-05, 'epoch': 9.4}
{'loss': 1.1418, 'learning_rate': 1.0745507449110792e-05, 'epoch': 9.4}
{'loss': 0.9481, 'learning_rate': 1.0655720205656083e-05, 'epoch': 9.41}
{'loss': 1.446, 'learning_rate': 1.05663056191575e-05, 'epoch': 9.41}
{'loss': 1.4165, 'learning_rate': 1.0477263757708077e-05, 'epoch': 9.41}
{'loss': 1.2521, 'learning_rate': 1.038859468911707e-05, 'epoch': 9.41}
{'loss': 1.1049, 'learning_rate': 1.0300298480909964e-05, 'epoch': 9.42}
{'loss': 1.242, 'learning_rate': 1.0212375200327972e-05, 'epoch': 9.42}
{'loss': 1.0888, 'learning_rate': 1.0124824914328645e-05, 'epoch': 9.42}
{'loss': 0.8875, 'learning_rate': 1.0037647689585205e-05, 'epoch': 9.43}
{'loss': 0.9704, 'learning_rate': 9.95084359248699e-06, 'epoch': 9.43}
{'loss': 1.145, 'learning_rate': 9.864412689139124e-06, 'epoch': 9.43}
{'loss': 1.2013, 'learning_rate': 9.778355045362397e-06, 'epoch': 9.43}
{'loss': 1.1107, 'learning_rate': 9.692670726693498e-06, 'epoch': 9.44}
{'loss': 1.1735, 'learning_rate': 9.607359798384786e-06, 'epoch': 9.44}
{'loss': 0.9683, 'learning_rate': 9.522422325404235e-06, 'epoch': 9.44}
{'loss': 1.3664, 'learning_rate': 9.437858372435381e-06, 'epoch': 9.44}
{'loss': 1.4232, 'learning_rate': 9.353668003877436e-06, 'epoch': 9.45}
{'loss': 1.1904, 'learning_rate': 9.269851283844944e-06, 'epoch': 9.45}
{'loss': 1.2939, 'learning_rate': 9.186408276168012e-06, 'epoch': 9.45}
{'loss': 1.0387, 'learning_rate': 9.103339044392144e-06, 'epoch': 9.45}
{'loss': 1.0226, 'learning_rate': 9.020643651778182e-06, 'epoch': 9.46}
{'loss': 1.3469, 'learning_rate': 8.938322161302192e-06, 'epoch': 9.46}
{'loss': 1.2639, 'learning_rate': 8.856374635655695e-06, 'epoch': 9.46}
{'loss': 1.178, 'learning_rate': 8.774801137245159e-06, 'epoch': 9.46}
{'loss': 0.8176, 'learning_rate': 8.69360172819239e-06, 'epoch': 9.46}
{'loss': 1.0933, 'learning_rate': 8.612776470334317e-06, 'epoch': 9.47}
{'loss': 1.1877, 'learning_rate': 8.53232542522292e-06, 'epoch': 9.47}
{'loss': 1.189, 'learning_rate': 8.452248654125027e-06, 'epoch': 9.47}
{'loss': 1.2029, 'learning_rate': 8.372546218022748e-06, 'epoch': 9.47}
{'loss': 1.2337, 'learning_rate': 8.293218177612805e-06, 'epoch': 9.48}
{'loss': 1.1069, 'learning_rate': 8.214264593307098e-06, 'epoch': 9.48}
{'loss': 1.2659, 'learning_rate': 8.135685525232028e-06, 'epoch': 9.48}
{'loss': 1.1462, 'learning_rate': 8.057481033229175e-06, 'epoch': 9.48}
{'loss': 1.2072, 'learning_rate': 7.979651176854564e-06, 'epoch': 9.49}
{'loss': 1.1071, 'learning_rate': 7.90219601537906e-06, 'epoch': 9.49}
{'loss': 1.1605, 'learning_rate': 7.825115607788036e-06, 'epoch': 9.49}
{'loss': 1.2817, 'learning_rate': 7.748410012781704e-06, 'epoch': 9.49}
{'loss': 1.3336, 'learning_rate': 7.672079288774614e-06, 'epoch': 9.5}
{'loss': 1.2748, 'learning_rate': 7.59612349389599e-06, 'epoch': 9.5}
{'loss': 1.0745, 'learning_rate': 7.5205426859893954e-06, 'epoch': 9.5}
{'loss': 1.292, 'learning_rate': 7.445336922613066e-06, 'epoch': 9.51}
{'loss': 1.1413, 'learning_rate': 7.3705062610393e-06, 'epoch': 9.51}
{'loss': 1.0861, 'learning_rate': 7.2960507582549576e-06, 'epoch': 9.51}
{'loss': 1.3724, 'learning_rate': 7.221970470961125e-06, 'epoch': 9.51}
{'loss': 1.2476, 'learning_rate': 7.148265455573233e-06, 'epoch': 9.52}
{'loss': 0.8579, 'learning_rate': 7.074935768220769e-06, 'epoch': 9.52}
{'loss': 1.397, 'learning_rate': 7.001981464747565e-06, 'epoch': 9.52}
{'loss': 1.1686, 'learning_rate': 6.929402600711399e-06, 'epoch': 9.52}
{'loss': 1.0758, 'learning_rate': 6.8571992313842815e-06, 'epoch': 9.53}
{'loss': 1.0335, 'learning_rate': 6.785371411752284e-06, 'epoch': 9.53}
{'loss': 1.1575, 'learning_rate': 6.713919196515317e-06, 'epoch': 9.53}
{'loss': 1.3779, 'learning_rate': 6.642842640087354e-06, 'epoch': 9.53}
{'loss': 1.2747, 'learning_rate': 6.572141796596376e-06, 'epoch': 9.54}
{'loss': 1.2765, 'learning_rate': 6.50181671988409e-06, 'epoch': 9.54}
{'loss': 1.1834, 'learning_rate': 6.431867463506047e-06, 'epoch': 9.54}
{'loss': 1.1034, 'learning_rate': 6.362294080731746e-06, 'epoch': 9.54}
{'loss': 1.1591, 'learning_rate': 6.293096624544303e-06, 'epoch': 9.54}
{'loss': 1.0342, 'learning_rate': 6.224275147640568e-06, 'epoch': 9.55}
{'loss': 1.3486, 'learning_rate': 6.15582970243117e-06, 'epoch': 9.55}
{'loss': 1.2412, 'learning_rate': 6.087760341040194e-06, 'epoch': 9.55}
{'loss': 1.1372, 'learning_rate': 6.02006711530545e-06, 'epoch': 9.55}
{'loss': 1.2473, 'learning_rate': 5.952750076778313e-06, 'epoch': 9.56}
{'loss': 1.2598, 'learning_rate': 5.885809276723608e-06, 'epoch': 9.56}
{'loss': 1.3102, 'learning_rate': 5.819244766119669e-06, 'epoch': 9.56}
{'loss': 1.257, 'learning_rate': 5.753056595658224e-06, 'epoch': 9.56}
{'loss': 1.1679, 'learning_rate': 5.687244815744563e-06, 'epoch': 9.57}
{'loss': 1.0605, 'learning_rate': 5.6218094764970976e-06, 'epoch': 9.57}
{'loss': 1.2198, 'learning_rate': 5.556750627747742e-06, 'epoch': 9.57}
{'loss': 1.0634, 'learning_rate': 5.492068319041588e-06, 'epoch': 9.57}
{'loss': 1.5936, 'learning_rate': 5.427762599637121e-06, 'epoch': 9.58}
{'loss': 1.1253, 'learning_rate': 5.363833518505834e-06, 'epoch': 9.58}
{'loss': 1.3264, 'learning_rate': 5.300281124332618e-06, 'epoch': 9.58}
{'loss': 1.2155, 'learning_rate': 5.237105465515257e-06, 'epoch': 9.59}
{'loss': 1.0547, 'learning_rate': 5.174306590164879e-06, 'epoch': 9.59}
{'loss': 1.0026, 'learning_rate': 5.111884546105505e-06, 'epoch': 9.59}
{'loss': 1.2328, 'learning_rate': 5.049839380874277e-06, 'epoch': 9.59}
{'loss': 1.3796, 'learning_rate': 4.988171141721232e-06, 'epoch': 9.6}
{'loss': 1.2567, 'learning_rate': 4.926879875609413e-06, 'epoch': 9.6}
{'loss': 1.359, 'learning_rate': 4.865965629214819e-06, 'epoch': 9.6}
{'loss': 1.0851, 'learning_rate': 4.805428448926341e-06, 'epoch': 9.6}
{'loss': 1.0681, 'learning_rate': 4.7452683808456025e-06, 'epoch': 9.61}
{'loss': 1.277, 'learning_rate': 4.685485470787121e-06, 'epoch': 9.61}
{'loss': 1.128, 'learning_rate': 4.6260797642782015e-06, 'epoch': 9.61}
{'loss': 1.2643, 'learning_rate': 4.567051306558878e-06, 'epoch': 9.61}
{'loss': 1.2343, 'learning_rate': 4.508400142581859e-06, 'epoch': 9.62}
{'loss': 1.2842, 'learning_rate': 4.450126317012637e-06, 'epoch': 9.62}
{'loss': 1.1868, 'learning_rate': 4.392229874229159e-06, 'epoch': 9.62}
{'loss': 1.2804, 'learning_rate': 4.334710858322155e-06, 'epoch': 9.62}
{'loss': 1.3208, 'learning_rate': 4.277569313094809e-06, 'epoch': 9.62}
{'loss': 0.9594, 'learning_rate': 4.2208052820629225e-06, 'epoch': 9.63}
{'loss': 1.445, 'learning_rate': 4.164418808454807e-06, 'epoch': 9.63}
{'loss': 1.2056, 'learning_rate': 4.108409935211166e-06, 'epoch': 9.63}
{'loss': 1.1051, 'learning_rate': 4.0527787049852164e-06, 'epoch': 9.63}
{'loss': 1.3253, 'learning_rate': 3.9975251601425125e-06, 'epoch': 9.64}
{'loss': 1.1295, 'learning_rate': 3.942649342761117e-06, 'epoch': 9.64}
{'loss': 1.1149, 'learning_rate': 3.88815129463127e-06, 'epoch': 9.64}
{'loss': 1.4096, 'learning_rate': 3.83403105725566e-06, 'epoch': 9.64}
{'loss': 1.3577, 'learning_rate': 3.7802886718491524e-06, 'epoch': 9.65}
{'loss': 1.3071, 'learning_rate': 3.7269241793390084e-06, 'epoch': 9.65}
{'loss': 1.1795, 'learning_rate': 3.673937620364498e-06, 'epoch': 9.65}
{'loss': 1.2753, 'learning_rate': 3.621329035277232e-06, 'epoch': 9.65}
{'loss': 0.919, 'learning_rate': 3.5690984641409406e-06, 'epoch': 9.66}
{'loss': 1.1258, 'learning_rate': 3.5172459467315286e-06, 'epoch': 9.66}
{'loss': 0.942, 'learning_rate': 3.4657715225368535e-06, 'epoch': 9.66}
{'loss': 1.3293, 'learning_rate': 3.414675230757003e-06, 'epoch': 9.66}
{'loss': 1.0532, 'learning_rate': 3.363957110303961e-06, 'epoch': 9.67}
{'loss': 1.4726, 'learning_rate': 3.3136171998017774e-06, 'epoch': 9.67}
{'loss': 1.2149, 'learning_rate': 3.263655537586563e-06, 'epoch': 9.67}
{'loss': 1.16, 'learning_rate': 3.2140721617062717e-06, 'epoch': 9.68}
{'loss': 1.1265, 'learning_rate': 3.164867109920755e-06, 'epoch': 9.68}
{'loss': 1.1888, 'learning_rate': 3.1160404197018156e-06, 'epoch': 9.68}
{'loss': 1.0316, 'learning_rate': 3.0675921282330987e-06, 'epoch': 9.68}
{'loss': 1.2048, 'learning_rate': 3.0195222724102023e-06, 'epoch': 9.69}
{'loss': 1.0942, 'learning_rate': 2.971830888840177e-06, 'epoch': 9.69}
{'loss': 1.0735, 'learning_rate': 2.9245180138423033e-06, 'epoch': 9.69}
{'loss': 1.0154, 'learning_rate': 2.8775836834473155e-06, 'epoch': 9.69}
{'loss': 1.207, 'learning_rate': 2.8310279333976787e-06, 'epoch': 9.7}
{'loss': 0.9434, 'learning_rate': 2.7848507991477536e-06, 'epoch': 9.7}
{'loss': 1.2229, 'learning_rate': 2.739052315863355e-06, 'epoch': 9.7}
{'loss': 1.2131, 'learning_rate': 2.6936325184219735e-06, 'epoch': 9.7}
{'loss': 1.1796, 'learning_rate': 2.6485914414129397e-06, 'epoch': 9.71}
{'loss': 0.8086, 'learning_rate': 2.6039291191367607e-06, 'epoch': 9.71}
{'loss': 1.1769, 'learning_rate': 2.5596455856058963e-06, 'epoch': 9.71}
{'loss': 1.3867, 'learning_rate': 2.515740874544148e-06, 'epoch': 9.71}
{'loss': 1.3466, 'learning_rate': 2.472215019386881e-06, 'epoch': 9.71}
{'loss': 1.0036, 'learning_rate': 2.4290680532808586e-06, 'epoch': 9.72}
{'loss': 0.9836, 'learning_rate': 2.386300009084408e-06, 'epoch': 9.72}
{'loss': 1.1917, 'learning_rate': 2.343910919367309e-06, 'epoch': 9.72}
{'loss': 1.1033, 'learning_rate': 2.3019008164105737e-06, 'epoch': 9.72}
{'loss': 1.4472, 'learning_rate': 2.260269732206888e-06, 'epoch': 9.73}
{'loss': 1.5709, 'learning_rate': 2.219017698460002e-06, 'epoch': 9.73}
{'loss': 1.1716, 'learning_rate': 2.1781447465851755e-06, 'epoch': 9.73}
{'loss': 1.1087, 'learning_rate': 2.1376509077089545e-06, 'epoch': 9.73}
{'loss': 1.1489, 'learning_rate': 2.097536212669171e-06, 'epoch': 9.74}
{'loss': 1.0979, 'learning_rate': 2.057800692014833e-06, 'epoch': 9.74}
{'loss': 1.1492, 'learning_rate': 2.018444376006345e-06, 'epoch': 9.74}
{'loss': 1.0183, 'learning_rate': 1.9794672946152335e-06, 'epoch': 9.74}
{'loss': 1.2032, 'learning_rate': 1.9408694775241987e-06, 'epoch': 9.75}
{'loss': 0.9053, 'learning_rate': 1.9026509541272275e-06, 'epoch': 9.75}
{'loss': 1.3292, 'learning_rate': 1.8648117535293718e-06, 'epoch': 9.75}
{'loss': 1.2024, 'learning_rate': 1.8273519045468035e-06, 'epoch': 9.76}
{'loss': 1.5958, 'learning_rate': 1.790271435706814e-06, 'epoch': 9.76}
{'loss': 1.3235, 'learning_rate': 1.753570375247815e-06, 'epoch': 9.76}
{'loss': 1.0673, 'learning_rate': 1.7172487511192825e-06, 'epoch': 9.76}
{'loss': 1.1501, 'learning_rate': 1.6813065909817015e-06, 'epoch': 9.77}
{'loss': 1.3251, 'learning_rate': 1.6457439222065662e-06, 'epoch': 9.77}
{'loss': 1.2619, 'learning_rate': 1.6105607718764347e-06, 'epoch': 9.77}
{'loss': 1.214, 'learning_rate': 1.5757571667847636e-06, 'epoch': 9.77}
{'loss': 1.1997, 'learning_rate': 1.541333133436018e-06, 'epoch': 9.78}
{'loss': 1.1528, 'learning_rate': 1.5072886980456168e-06, 'epoch': 9.78}
{'loss': 1.237, 'learning_rate': 1.4736238865398766e-06, 'epoch': 9.78}
{'loss': 1.1097, 'learning_rate': 1.4403387245560118e-06, 'epoch': 9.78}
{'loss': 1.2474, 'learning_rate': 1.407433237442135e-06, 'epoch': 9.79}
{'loss': 0.9777, 'learning_rate': 1.3749074502572012e-06, 'epoch': 9.79}
{'loss': 0.9358, 'learning_rate': 1.3427613877709521e-06, 'epoch': 9.79}
{'loss': 1.1299, 'learning_rate': 1.3109950744640832e-06, 'epoch': 9.79}
{'loss': 1.2272, 'learning_rate': 1.2796085345280207e-06, 'epoch': 9.79}
{'loss': 1.3223, 'learning_rate': 1.2486017918649784e-06, 'epoch': 9.8}
{'loss': 1.2806, 'learning_rate': 1.2179748700879012e-06, 'epoch': 9.8}
{'loss': 1.1566, 'learning_rate': 1.187727792520521e-06, 'epoch': 9.8}
{'loss': 1.0554, 'learning_rate': 1.1578605821973565e-06, 'epoch': 9.8}
{'loss': 1.355, 'learning_rate': 1.1283732618635467e-06, 'epoch': 9.81}
{'loss': 1.3271, 'learning_rate': 1.0992658539750178e-06, 'epoch': 9.81}
{'loss': 1.0764, 'learning_rate': 1.0705383806982606e-06, 'epoch': 9.81}
{'loss': 1.1004, 'learning_rate': 1.042190863910497e-06, 'epoch': 9.81}
{'loss': 0.9561, 'learning_rate': 1.0142233251996812e-06, 'epoch': 9.82}
{'loss': 1.1657, 'learning_rate': 9.866357858642206e-07, 'epoch': 9.82}
{'loss': 1.2566, 'learning_rate': 9.594282669132537e-07, 'epoch': 9.82}
{'loss': 1.0336, 'learning_rate': 9.3260078906654e-07, 'epoch': 9.82}
{'loss': 1.3026, 'learning_rate': 9.06153372754237e-07, 'epoch': 9.83}
{'loss': 0.9149, 'learning_rate': 8.800860381173448e-07, 'epoch': 9.83}
{'loss': 1.4991, 'learning_rate': 8.543988050072615e-07, 'epoch': 9.83}
{'loss': 1.4638, 'learning_rate': 8.290916929858394e-07, 'epoch': 9.84}
{'loss': 1.0944, 'learning_rate': 8.041647213256064e-07, 'epoch': 9.84}
{'loss': 1.2437, 'learning_rate': 7.796179090094891e-07, 'epoch': 9.84}
{'loss': 1.1922, 'learning_rate': 7.554512747310338e-07, 'epoch': 9.84}
{'loss': 1.1961, 'learning_rate': 7.316648368941304e-07, 'epoch': 9.85}
{'loss': 0.9677, 'learning_rate': 7.082586136131775e-07, 'epoch': 9.85}
{'loss': 1.1743, 'learning_rate': 6.852326227130834e-07, 'epoch': 9.85}
{'loss': 1.1212, 'learning_rate': 6.625868817290437e-07, 'epoch': 9.85}
{'loss': 0.9713, 'learning_rate': 6.403214079069297e-07, 'epoch': 9.86}
{'loss': 1.2097, 'learning_rate': 6.184362182026781e-07, 'epoch': 9.86}
{'loss': 1.3994, 'learning_rate': 5.969313292830125e-07, 'epoch': 9.86}
{'loss': 1.2598, 'learning_rate': 5.758067575246662e-07, 'epoch': 9.86}
{'loss': 1.1014, 'learning_rate': 5.550625190150483e-07, 'epoch': 9.87}
{'loss': 1.1782, 'learning_rate': 5.346986295516887e-07, 'epoch': 9.87}
{'loss': 1.0931, 'learning_rate': 5.147151046426823e-07, 'epoch': 9.87}
{'loss': 1.1581, 'learning_rate': 4.951119595062448e-07, 'epoch': 9.87}
{'loss': 1.2099, 'learning_rate': 4.758892090711009e-07, 'epoch': 9.88}
{'loss': 1.0732, 'learning_rate': 4.5704686797620743e-07, 'epoch': 9.88}
{'loss': 1.101, 'learning_rate': 4.3858495057080837e-07, 'epoch': 9.88}
{'loss': 1.0119, 'learning_rate': 4.2050347091449057e-07, 'epoch': 9.88}
{'loss': 1.2939, 'learning_rate': 4.0280244277701715e-07, 'epoch': 9.88}
{'loss': 1.4545, 'learning_rate': 3.854818796385495e-07, 'epoch': 9.89}
{'loss': 1.1915, 'learning_rate': 3.685417946894254e-07, 'epoch': 9.89}
{'loss': 1.1505, 'learning_rate': 3.5198220083021425e-07, 'epoch': 9.89}
{'loss': 1.2897, 'learning_rate': 3.35803110671884e-07, 'epoch': 9.89}
{'loss': 1.1151, 'learning_rate': 3.2000453653541206e-07, 'epoch': 9.9}
{'loss': 1.1849, 'learning_rate': 3.0458649045211895e-07, 'epoch': 9.9}
{'loss': 1.1598, 'learning_rate': 2.895489841635568e-07, 'epoch': 9.9}
{'loss': 1.1514, 'learning_rate': 2.7489202912145404e-07, 'epoch': 9.9}
{'loss': 1.1141, 'learning_rate': 2.6061563648760443e-07, 'epoch': 9.91}
{'loss': 1.2091, 'learning_rate': 2.467198171342e-07, 'epoch': 9.91}
{'loss': 1.1285, 'learning_rate': 2.3320458164355352e-07, 'epoch': 9.91}
{'loss': 0.9456, 'learning_rate': 2.2006994030798754e-07, 'epoch': 9.91}
{'loss': 1.0869, 'learning_rate': 2.0731590313016746e-07, 'epoch': 9.92}
{'loss': 1.2783, 'learning_rate': 1.9494247982282386e-07, 'epoch': 9.92}
{'loss': 0.9431, 'learning_rate': 1.829496798088637e-07, 'epoch': 9.92}
{'loss': 1.1656, 'learning_rate': 1.7133751222137007e-07, 'epoch': 9.93}
{'loss': 1.0705, 'learning_rate': 1.6010598590343593e-07, 'epoch': 9.93}
{'loss': 1.3177, 'learning_rate': 1.4925510940844156e-07, 'epoch': 9.93}
{'loss': 1.2152, 'learning_rate': 1.3878489099972136e-07, 'epoch': 9.93}
{'loss': 1.1596, 'learning_rate': 1.286953386508416e-07, 'epoch': 9.94}
{'loss': 1.0602, 'learning_rate': 1.1898646004543378e-07, 'epoch': 9.94}
{'loss': 1.2502, 'learning_rate': 1.096582625772502e-07, 'epoch': 9.94}
{'loss': 1.2084, 'learning_rate': 1.0071075335010837e-07, 'epoch': 9.94}
{'loss': 1.1558, 'learning_rate': 9.21439391778911e-08, 'epoch': 9.95}
{'loss': 1.2735, 'learning_rate': 8.395782658460194e-08, 'epoch': 9.95}
{'loss': 1.0866, 'learning_rate': 7.615242180436521e-08, 'epoch': 9.95}
{'loss': 0.7228, 'learning_rate': 6.8727730781315e-08, 'epoch': 9.95}
{'loss': 1.2231, 'learning_rate': 6.168375916970615e-08, 'epoch': 9.96}
{'loss': 1.2433, 'learning_rate': 5.502051233374772e-08, 'epoch': 9.96}
{'loss': 1.1796, 'learning_rate': 4.873799534788059e-08, 'epoch': 9.96}
{'loss': 1.2571, 'learning_rate': 4.283621299649987e-08, 'epoch': 9.96}
{'loss': 1.1055, 'learning_rate': 3.7315169774010394e-08, 'epoch': 9.96}
{'loss': 1.2636, 'learning_rate': 3.2174869884993294e-08, 'epoch': 9.97}
{'loss': 1.1233, 'learning_rate': 2.741531724392843e-08, 'epoch': 9.97}
{'loss': 1.2386, 'learning_rate': 2.303651547552743e-08, 'epoch': 9.97}
{'loss': 1.1742, 'learning_rate': 1.9038467914345158e-08, 'epoch': 9.97}
{'loss': 1.2717, 'learning_rate': 1.5421177605168258e-08, 'epoch': 9.98}
{'loss': 1.0477, 'learning_rate': 1.2184647302626584e-08, 'epoch': 9.98}
{'loss': 1.109, 'learning_rate': 9.328879471470764e-09, 'epoch': 9.98}
{'loss': 1.0802, 'learning_rate': 6.853876286627703e-09, 'epoch': 9.98}
{'loss': 1.4829, 'learning_rate': 4.759639632756496e-09, 'epoch': 9.99}
{'loss': 1.5598, 'learning_rate': 3.046171104803541e-09, 'epoch': 9.99}
{'loss': 1.2605, 'learning_rate': 1.7134720076139588e-09, 'epoch': 9.99}
{'loss': 1.2856, 'learning_rate': 7.615433561536378e-10, 'epoch': 9.99}
{'loss': 1.2393, 'learning_rate': 1.903858752871912e-10, 'epoch': 10.0}
{'loss': 1.4209, 'learning_rate': 0.0, 'epoch': 10.0}
{'train_runtime': 5647.3848, 'train_samples_per_second': 3.541, 'train_steps_per_second': 0.708, 'train_loss': 1.8756680162996053, 'epoch': 10.0}
Namespace(model_folder='meta-llama/Llama-2-7b-hf', lora_folder='../../ckpt/Llama-2-7b-hf_vaccine_10', lora_folder2='', instruction_path='BeaverTails', output_path='../../data/poison/Llama-2-7b-hf_vaccine_10', cache_dir='../../cache')
Recover LoRA weights..
final score:34.00
input path: ../../data/poison/Llama-2-7b-hf_vaccine_10
========================================
Job completed successfully
Wed Jan 28 00:28:29 EST 2026
========================================
---------------------------------------
Begin Slurm Epilog: Jan-28-2026 00:28:29
Job ID:        4037688
User ID:       rswaminathan38
Account:       coc
Job name:      vaccine_rho10_basic
Resources:     cpu=1,gres/gpu:a100=1,mem=64G,node=1
Rsrc Used:     cput=02:27:13,vmem=0,walltime=02:27:13,mem=16904492K,energy_used=0
Partition:     coc-gpu
QOS:           coc-ice
Nodes:         atl1-1-01-005-15-0
---------------------------------------
