---------------------------------------
Begin Slurm Prolog: Jan-28-2026 13:09:41
Job ID:    4039391
User ID:   rswaminathan38
Account:   coc
Job name:  sst2_KL
Partition: ice-gpu
QOS:       coc-ice
---------------------------------------
========================================
SST-2 KL-Regularized Fine-Tuning
Poison ratio : 0.1
Sample num   : 500
Lambda (λ)   : 0.1
Model path   : meta-llama/Llama-2-7b-hf
Model short  : Llama-2-7b-hf
Job ID       : 4039391
Node         : atl1-1-03-012-23-0.pace.gatech.edu
Wed Jan 28 13:09:41 EST 2026
========================================
Python executable: /home/hice1/rswaminathan38/scratch/conda_envs/vaccine/bin/python
Conda prefix     : /home/hice1/rswaminathan38/scratch/conda_envs/vaccine
CUDA_VISIBLE_DEVICES=0
Wed Jan 28 13:09:44 2026       
+-----------------------------------------------------------------------------------------+
| NVIDIA-SMI 580.105.08             Driver Version: 580.105.08     CUDA Version: 13.0     |
+-----------------------------------------+------------------------+----------------------+
| GPU  Name                 Persistence-M | Bus-Id          Disp.A | Volatile Uncorr. ECC |
| Fan  Temp   Perf          Pwr:Usage/Cap |           Memory-Usage | GPU-Util  Compute M. |
|                                         |                        |               MIG M. |
|=========================================+========================+======================|
|   0  NVIDIA H100 80GB HBM3          On  |   00000000:49:00.0 Off |                    0 |
| N/A   46C    P0            101W /  700W |       0MiB /  81559MiB |      0%      Default |
|                                         |                        |             Disabled |
+-----------------------------------------+------------------------+----------------------+

+-----------------------------------------------------------------------------------------+
| Processes:                                                                              |
|  GPU   GI   CI              PID   Type   Process name                        GPU Memory |
|        ID   ID                                                               Usage      |
|=========================================================================================|
|  No running processes found                                                             |
+-----------------------------------------------------------------------------------------+
Python exec: /home/hice1/rswaminathan38/scratch/conda_envs/vaccine/bin/python
Torch version: 2.1.0
CUDA available: True
GPU: NVIDIA H100 80GB HBM3
32001
Recover LoRA weights..
PeftModelForCausalLM(
  (base_model): LoraModel(
    (model): LlamaForCausalLM(
      (model): LlamaModel(
        (embed_tokens): Embedding(32001, 4096)
        (layers): ModuleList(
          (0-31): 32 x LlamaDecoderLayer(
            (self_attn): LlamaAttention(
              (q_proj): Linear(
                in_features=4096, out_features=4096, bias=False
                (lora_dropout): ModuleDict(
                  (default): Dropout(p=0.1, inplace=False)
                )
                (lora_A): ModuleDict(
                  (default): Linear(in_features=4096, out_features=8, bias=False)
                )
                (lora_B): ModuleDict(
                  (default): Linear(in_features=8, out_features=4096, bias=False)
                )
                (lora_embedding_A): ParameterDict()
                (lora_embedding_B): ParameterDict()
              )
              (k_proj): Linear(
                in_features=4096, out_features=4096, bias=False
                (lora_dropout): ModuleDict(
                  (default): Dropout(p=0.1, inplace=False)
                )
                (lora_A): ModuleDict(
                  (default): Linear(in_features=4096, out_features=8, bias=False)
                )
                (lora_B): ModuleDict(
                  (default): Linear(in_features=8, out_features=4096, bias=False)
                )
                (lora_embedding_A): ParameterDict()
                (lora_embedding_B): ParameterDict()
              )
              (v_proj): Linear(
                in_features=4096, out_features=4096, bias=False
                (lora_dropout): ModuleDict(
                  (default): Dropout(p=0.1, inplace=False)
                )
                (lora_A): ModuleDict(
                  (default): Linear(in_features=4096, out_features=8, bias=False)
                )
                (lora_B): ModuleDict(
                  (default): Linear(in_features=8, out_features=4096, bias=False)
                )
                (lora_embedding_A): ParameterDict()
                (lora_embedding_B): ParameterDict()
              )
              (o_proj): Linear(
                in_features=4096, out_features=4096, bias=False
                (lora_dropout): ModuleDict(
                  (default): Dropout(p=0.1, inplace=False)
                )
                (lora_A): ModuleDict(
                  (default): Linear(in_features=4096, out_features=8, bias=False)
                )
                (lora_B): ModuleDict(
                  (default): Linear(in_features=8, out_features=4096, bias=False)
                )
                (lora_embedding_A): ParameterDict()
                (lora_embedding_B): ParameterDict()
              )
              (rotary_emb): LlamaRotaryEmbedding()
            )
            (mlp): LlamaMLP(
              (gate_proj): Linear(
                in_features=4096, out_features=11008, bias=False
                (lora_dropout): ModuleDict(
                  (default): Dropout(p=0.1, inplace=False)
                )
                (lora_A): ModuleDict(
                  (default): Linear(in_features=4096, out_features=8, bias=False)
                )
                (lora_B): ModuleDict(
                  (default): Linear(in_features=8, out_features=11008, bias=False)
                )
                (lora_embedding_A): ParameterDict()
                (lora_embedding_B): ParameterDict()
              )
              (up_proj): Linear(
                in_features=4096, out_features=11008, bias=False
                (lora_dropout): ModuleDict(
                  (default): Dropout(p=0.1, inplace=False)
                )
                (lora_A): ModuleDict(
                  (default): Linear(in_features=4096, out_features=8, bias=False)
                )
                (lora_B): ModuleDict(
                  (default): Linear(in_features=8, out_features=11008, bias=False)
                )
                (lora_embedding_A): ParameterDict()
                (lora_embedding_B): ParameterDict()
              )
              (down_proj): Linear(
                in_features=11008, out_features=4096, bias=False
                (lora_dropout): ModuleDict(
                  (default): Dropout(p=0.1, inplace=False)
                )
                (lora_A): ModuleDict(
                  (default): Linear(in_features=11008, out_features=8, bias=False)
                )
                (lora_B): ModuleDict(
                  (default): Linear(in_features=8, out_features=4096, bias=False)
                )
                (lora_embedding_A): ParameterDict()
                (lora_embedding_B): ParameterDict()
              )
              (act_fn): SiLUActivation()
            )
            (input_layernorm): LlamaRMSNorm()
            (post_attention_layernorm): LlamaRMSNorm()
          )
        )
        (norm): LlamaRMSNorm()
      )
      (lm_head): Linear(in_features=4096, out_features=32001, bias=False)
    )
  )
)
trainable params: 19,988,480 || all params: 6,758,412,288 || trainable%: 0.29575703801750663
None
PeftModelForCausalLM(
  (base_model): LoraModel(
    (model): LlamaForCausalLM(
      (model): LlamaModel(
        (embed_tokens): Embedding(32001, 4096)
        (layers): ModuleList(
          (0-31): 32 x LlamaDecoderLayer(
            (self_attn): LlamaAttention(
              (q_proj): Linear(
                in_features=4096, out_features=4096, bias=False
                (lora_dropout): ModuleDict(
                  (default): Dropout(p=0.1, inplace=False)
                )
                (lora_A): ModuleDict(
                  (default): Linear(in_features=4096, out_features=8, bias=False)
                )
                (lora_B): ModuleDict(
                  (default): Linear(in_features=8, out_features=4096, bias=False)
                )
                (lora_embedding_A): ParameterDict()
                (lora_embedding_B): ParameterDict()
              )
              (k_proj): Linear(
                in_features=4096, out_features=4096, bias=False
                (lora_dropout): ModuleDict(
                  (default): Dropout(p=0.1, inplace=False)
                )
                (lora_A): ModuleDict(
                  (default): Linear(in_features=4096, out_features=8, bias=False)
                )
                (lora_B): ModuleDict(
                  (default): Linear(in_features=8, out_features=4096, bias=False)
                )
                (lora_embedding_A): ParameterDict()
                (lora_embedding_B): ParameterDict()
              )
              (v_proj): Linear(
                in_features=4096, out_features=4096, bias=False
                (lora_dropout): ModuleDict(
                  (default): Dropout(p=0.1, inplace=False)
                )
                (lora_A): ModuleDict(
                  (default): Linear(in_features=4096, out_features=8, bias=False)
                )
                (lora_B): ModuleDict(
                  (default): Linear(in_features=8, out_features=4096, bias=False)
                )
                (lora_embedding_A): ParameterDict()
                (lora_embedding_B): ParameterDict()
              )
              (o_proj): Linear(
                in_features=4096, out_features=4096, bias=False
                (lora_dropout): ModuleDict(
                  (default): Dropout(p=0.1, inplace=False)
                )
                (lora_A): ModuleDict(
                  (default): Linear(in_features=4096, out_features=8, bias=False)
                )
                (lora_B): ModuleDict(
                  (default): Linear(in_features=8, out_features=4096, bias=False)
                )
                (lora_embedding_A): ParameterDict()
                (lora_embedding_B): ParameterDict()
              )
              (rotary_emb): LlamaRotaryEmbedding()
            )
            (mlp): LlamaMLP(
              (gate_proj): Linear(
                in_features=4096, out_features=11008, bias=False
                (lora_dropout): ModuleDict(
                  (default): Dropout(p=0.1, inplace=False)
                )
                (lora_A): ModuleDict(
                  (default): Linear(in_features=4096, out_features=8, bias=False)
                )
                (lora_B): ModuleDict(
                  (default): Linear(in_features=8, out_features=11008, bias=False)
                )
                (lora_embedding_A): ParameterDict()
                (lora_embedding_B): ParameterDict()
              )
              (up_proj): Linear(
                in_features=4096, out_features=11008, bias=False
                (lora_dropout): ModuleDict(
                  (default): Dropout(p=0.1, inplace=False)
                )
                (lora_A): ModuleDict(
                  (default): Linear(in_features=4096, out_features=8, bias=False)
                )
                (lora_B): ModuleDict(
                  (default): Linear(in_features=8, out_features=11008, bias=False)
                )
                (lora_embedding_A): ParameterDict()
                (lora_embedding_B): ParameterDict()
              )
              (down_proj): Linear(
                in_features=11008, out_features=4096, bias=False
                (lora_dropout): ModuleDict(
                  (default): Dropout(p=0.1, inplace=False)
                )
                (lora_A): ModuleDict(
                  (default): Linear(in_features=11008, out_features=8, bias=False)
                )
                (lora_B): ModuleDict(
                  (default): Linear(in_features=8, out_features=4096, bias=False)
                )
                (lora_embedding_A): ParameterDict()
                (lora_embedding_B): ParameterDict()
              )
              (act_fn): SiLUActivation()
            )
            (input_layernorm): LlamaRMSNorm()
            (post_attention_layernorm): LlamaRMSNorm()
          )
        )
        (norm): LlamaRMSNorm()
      )
      (lm_head): Linear(in_features=4096, out_features=32001, bias=False)
    )
  )
)
tensor(2.2739e-06, device='cuda:0', grad_fn=<MulBackward0>)
{'eval_loss': 0.009898780845105648, 'eval_runtime': 46.3101, 'eval_samples_per_second': 43.187, 'eval_steps_per_second': 8.637, 'epoch': 0.01}
Hidden layer drift is: 0
tensor(3.1041e-06, device='cuda:0', grad_fn=<MulBackward0>)
tensor(0.0359, device='cuda:0', grad_fn=<MulBackward0>)
tensor(0.3741, device='cuda:0', grad_fn=<MulBackward0>)
tensor(0.6286, device='cuda:0', grad_fn=<MulBackward0>)
tensor(0.9894, device='cuda:0', grad_fn=<MulBackward0>)
tensor(0.8389, device='cuda:0', grad_fn=<MulBackward0>)
tensor(0.9127, device='cuda:0', grad_fn=<MulBackward0>)
tensor(1.0387, device='cuda:0', grad_fn=<MulBackward0>)
tensor(0.9727, device='cuda:0', grad_fn=<MulBackward0>)
{'loss': 3.4375, 'learning_rate': 5.000000000000001e-07, 'epoch': 0.1}
tensor(0.8801, device='cuda:0', grad_fn=<MulBackward0>)
tensor(1.0070, device='cuda:0', grad_fn=<MulBackward0>)
tensor(1.0500, device='cuda:0', grad_fn=<MulBackward0>)
tensor(1.0754, device='cuda:0', grad_fn=<MulBackward0>)
tensor(1.0532, device='cuda:0', grad_fn=<MulBackward0>)
tensor(1.1704, device='cuda:0', grad_fn=<MulBackward0>)
tensor(1.1427, device='cuda:0', grad_fn=<MulBackward0>)
tensor(1.0837, device='cuda:0', grad_fn=<MulBackward0>)
tensor(1.0136, device='cuda:0', grad_fn=<MulBackward0>)
tensor(1.0702, device='cuda:0', grad_fn=<MulBackward0>)
{'loss': 4.5488, 'learning_rate': 1.0000000000000002e-06, 'epoch': 0.2}
tensor(1.1549, device='cuda:0', grad_fn=<MulBackward0>)
tensor(1.2271, device='cuda:0', grad_fn=<MulBackward0>)
tensor(1.1667, device='cuda:0', grad_fn=<MulBackward0>)
tensor(0.9527, device='cuda:0', grad_fn=<MulBackward0>)
tensor(1.0643, device='cuda:0', grad_fn=<MulBackward0>)
tensor(0.9785, device='cuda:0', grad_fn=<MulBackward0>)
tensor(1.3585, device='cuda:0', grad_fn=<MulBackward0>)
tensor(1.1617, device='cuda:0', grad_fn=<MulBackward0>)
tensor(1.0822, device='cuda:0', grad_fn=<MulBackward0>)
tensor(1.0358, device='cuda:0', grad_fn=<MulBackward0>)
{'loss': 4.6234, 'learning_rate': 1.5e-06, 'epoch': 0.3}
tensor(1.1981, device='cuda:0', grad_fn=<MulBackward0>)
tensor(1.1496, device='cuda:0', grad_fn=<MulBackward0>)
tensor(0.9648, device='cuda:0', grad_fn=<MulBackward0>)
tensor(1.1799, device='cuda:0', grad_fn=<MulBackward0>)
tensor(1.0177, device='cuda:0', grad_fn=<MulBackward0>)
tensor(1.0809, device='cuda:0', grad_fn=<MulBackward0>)
tensor(1.3211, device='cuda:0', grad_fn=<MulBackward0>)
tensor(1.1472, device='cuda:0', grad_fn=<MulBackward0>)
tensor(2.3369, device='cuda:0', grad_fn=<MulBackward0>)
tensor(1.0607, device='cuda:0', grad_fn=<MulBackward0>)
{'loss': 4.9039, 'learning_rate': 2.0000000000000003e-06, 'epoch': 0.4}
tensor(1.4043, device='cuda:0', grad_fn=<MulBackward0>)
tensor(1.1405, device='cuda:0', grad_fn=<MulBackward0>)
tensor(1.0564, device='cuda:0', grad_fn=<MulBackward0>)
tensor(1.2726, device='cuda:0', grad_fn=<MulBackward0>)
tensor(1.0667, device='cuda:0', grad_fn=<MulBackward0>)
tensor(1.0183, device='cuda:0', grad_fn=<MulBackward0>)
tensor(1.0615, device='cuda:0', grad_fn=<MulBackward0>)
tensor(1.2472, device='cuda:0', grad_fn=<MulBackward0>)
tensor(1.0130, device='cuda:0', grad_fn=<MulBackward0>)
tensor(1.0710, device='cuda:0', grad_fn=<MulBackward0>)
{'loss': 4.2596, 'learning_rate': 2.5e-06, 'epoch': 0.5}
tensor(0.9988, device='cuda:0', grad_fn=<MulBackward0>)
tensor(1.0103, device='cuda:0', grad_fn=<MulBackward0>)
tensor(1.1765, device='cuda:0', grad_fn=<MulBackward0>)
tensor(1.3455, device='cuda:0', grad_fn=<MulBackward0>)
tensor(1.0005, device='cuda:0', grad_fn=<MulBackward0>)
tensor(0.9066, device='cuda:0', grad_fn=<MulBackward0>)
tensor(1.0578, device='cuda:0', grad_fn=<MulBackward0>)
tensor(0.9767, device='cuda:0', grad_fn=<MulBackward0>)
tensor(1.1412, device='cuda:0', grad_fn=<MulBackward0>)
tensor(0.9949, device='cuda:0', grad_fn=<MulBackward0>)
{'loss': 4.5874, 'learning_rate': 3e-06, 'epoch': 0.6}
tensor(0.9763, device='cuda:0', grad_fn=<MulBackward0>)
tensor(1.2986, device='cuda:0', grad_fn=<MulBackward0>)
tensor(2.3038, device='cuda:0', grad_fn=<MulBackward0>)
tensor(0.9925, device='cuda:0', grad_fn=<MulBackward0>)
tensor(1.2408, device='cuda:0', grad_fn=<MulBackward0>)
tensor(0.9242, device='cuda:0', grad_fn=<MulBackward0>)
tensor(3.9145, device='cuda:0', grad_fn=<MulBackward0>)
tensor(1.2725, device='cuda:0', grad_fn=<MulBackward0>)
tensor(1.0492, device='cuda:0', grad_fn=<MulBackward0>)
tensor(1.4303, device='cuda:0', grad_fn=<MulBackward0>)
{'loss': 4.7074, 'learning_rate': 3.5e-06, 'epoch': 0.7}
tensor(1.0997, device='cuda:0', grad_fn=<MulBackward0>)
tensor(0.9512, device='cuda:0', grad_fn=<MulBackward0>)
tensor(0.9676, device='cuda:0', grad_fn=<MulBackward0>)
tensor(0.9498, device='cuda:0', grad_fn=<MulBackward0>)
tensor(0.9588, device='cuda:0', grad_fn=<MulBackward0>)
tensor(1.0156, device='cuda:0', grad_fn=<MulBackward0>)
tensor(1.0945, device='cuda:0', grad_fn=<MulBackward0>)
tensor(1.0804, device='cuda:0', grad_fn=<MulBackward0>)
tensor(0.9354, device='cuda:0', grad_fn=<MulBackward0>)
tensor(1.0495, device='cuda:0', grad_fn=<MulBackward0>)
{'loss': 4.0481, 'learning_rate': 4.000000000000001e-06, 'epoch': 0.8}
tensor(0.9611, device='cuda:0', grad_fn=<MulBackward0>)
tensor(1.4982, device='cuda:0', grad_fn=<MulBackward0>)
tensor(1.5466, device='cuda:0', grad_fn=<MulBackward0>)
tensor(1.4279, device='cuda:0', grad_fn=<MulBackward0>)
tensor(1.1297, device='cuda:0', grad_fn=<MulBackward0>)
tensor(1.1034, device='cuda:0', grad_fn=<MulBackward0>)
tensor(1.2739, device='cuda:0', grad_fn=<MulBackward0>)
tensor(1.1034, device='cuda:0', grad_fn=<MulBackward0>)
tensor(1.0468, device='cuda:0', grad_fn=<MulBackward0>)
tensor(1.0459, device='cuda:0', grad_fn=<MulBackward0>)
{'loss': 4.1519, 'learning_rate': 4.5e-06, 'epoch': 0.9}
tensor(1.0601, device='cuda:0', grad_fn=<MulBackward0>)
tensor(1.1246, device='cuda:0', grad_fn=<MulBackward0>)
tensor(1.2502, device='cuda:0', grad_fn=<MulBackward0>)
tensor(1.1983, device='cuda:0', grad_fn=<MulBackward0>)
tensor(1.0113, device='cuda:0', grad_fn=<MulBackward0>)
tensor(1.0728, device='cuda:0', grad_fn=<MulBackward0>)
tensor(0.9897, device='cuda:0', grad_fn=<MulBackward0>)
tensor(1.1111, device='cuda:0', grad_fn=<MulBackward0>)
tensor(1.4652, device='cuda:0', grad_fn=<MulBackward0>)
tensor(1.1900, device='cuda:0', grad_fn=<MulBackward0>)
{'loss': 4.5905, 'learning_rate': 5e-06, 'epoch': 1.0}
tensor(1.0059, device='cuda:0', grad_fn=<MulBackward0>)
tensor(0.9569, device='cuda:0', grad_fn=<MulBackward0>)
tensor(2.6583, device='cuda:0', grad_fn=<MulBackward0>)
tensor(0.8860, device='cuda:0', grad_fn=<MulBackward0>)
tensor(0.9319, device='cuda:0', grad_fn=<MulBackward0>)
tensor(1.2652, device='cuda:0', grad_fn=<MulBackward0>)
tensor(0.9423, device='cuda:0', grad_fn=<MulBackward0>)
tensor(1.0285, device='cuda:0', grad_fn=<MulBackward0>)
tensor(0.9313, device='cuda:0', grad_fn=<MulBackward0>)
tensor(1.1459, device='cuda:0', grad_fn=<MulBackward0>)
{'loss': 4.3235, 'learning_rate': 5.500000000000001e-06, 'epoch': 1.1}
tensor(1.0590, device='cuda:0', grad_fn=<MulBackward0>)
tensor(1.0038, device='cuda:0', grad_fn=<MulBackward0>)
tensor(1.1120, device='cuda:0', grad_fn=<MulBackward0>)
tensor(1.1034, device='cuda:0', grad_fn=<MulBackward0>)
tensor(1.1393, device='cuda:0', grad_fn=<MulBackward0>)
tensor(1.0321, device='cuda:0', grad_fn=<MulBackward0>)
tensor(0.8831, device='cuda:0', grad_fn=<MulBackward0>)
tensor(1.0248, device='cuda:0', grad_fn=<MulBackward0>)
tensor(1.1614, device='cuda:0', grad_fn=<MulBackward0>)
tensor(1.0805, device='cuda:0', grad_fn=<MulBackward0>)
{'loss': 4.4116, 'learning_rate': 6e-06, 'epoch': 1.2}
tensor(0.9848, device='cuda:0', grad_fn=<MulBackward0>)
tensor(1.0734, device='cuda:0', grad_fn=<MulBackward0>)
tensor(1.7541, device='cuda:0', grad_fn=<MulBackward0>)
tensor(1.3091, device='cuda:0', grad_fn=<MulBackward0>)
tensor(0.9185, device='cuda:0', grad_fn=<MulBackward0>)
tensor(0.9599, device='cuda:0', grad_fn=<MulBackward0>)
tensor(1.0690, device='cuda:0', grad_fn=<MulBackward0>)
tensor(1.2778, device='cuda:0', grad_fn=<MulBackward0>)
tensor(0.8335, device='cuda:0', grad_fn=<MulBackward0>)
tensor(0.9418, device='cuda:0', grad_fn=<MulBackward0>)
{'loss': 4.476, 'learning_rate': 6.5000000000000004e-06, 'epoch': 1.3}
tensor(1.2676, device='cuda:0', grad_fn=<MulBackward0>)
tensor(1.3079, device='cuda:0', grad_fn=<MulBackward0>)
tensor(1.0143, device='cuda:0', grad_fn=<MulBackward0>)
tensor(1.4755, device='cuda:0', grad_fn=<MulBackward0>)
tensor(1.0550, device='cuda:0', grad_fn=<MulBackward0>)
tensor(0.8393, device='cuda:0', grad_fn=<MulBackward0>)
tensor(0.9040, device='cuda:0', grad_fn=<MulBackward0>)
tensor(0.9911, device='cuda:0', grad_fn=<MulBackward0>)
tensor(0.8941, device='cuda:0', grad_fn=<MulBackward0>)
tensor(1.1621, device='cuda:0', grad_fn=<MulBackward0>)
{'loss': 4.5157, 'learning_rate': 7e-06, 'epoch': 1.4}
tensor(1.2424, device='cuda:0', grad_fn=<MulBackward0>)
tensor(0.9024, device='cuda:0', grad_fn=<MulBackward0>)
tensor(1.5317, device='cuda:0', grad_fn=<MulBackward0>)
tensor(1.3151, device='cuda:0', grad_fn=<MulBackward0>)
tensor(0.9740, device='cuda:0', grad_fn=<MulBackward0>)
tensor(1.0778, device='cuda:0', grad_fn=<MulBackward0>)
tensor(4.4424, device='cuda:0', grad_fn=<MulBackward0>)
tensor(1.3861, device='cuda:0', grad_fn=<MulBackward0>)
tensor(0.8956, device='cuda:0', grad_fn=<MulBackward0>)
tensor(1.1361, device='cuda:0', grad_fn=<MulBackward0>)
{'loss': 4.5241, 'learning_rate': 7.500000000000001e-06, 'epoch': 1.5}
tensor(0.8639, device='cuda:0', grad_fn=<MulBackward0>)
tensor(1.4114, device='cuda:0', grad_fn=<MulBackward0>)
tensor(1.0576, device='cuda:0', grad_fn=<MulBackward0>)
tensor(0.9092, device='cuda:0', grad_fn=<MulBackward0>)
tensor(0.8456, device='cuda:0', grad_fn=<MulBackward0>)
tensor(1.2815, device='cuda:0', grad_fn=<MulBackward0>)
tensor(0.8903, device='cuda:0', grad_fn=<MulBackward0>)
tensor(1.2058, device='cuda:0', grad_fn=<MulBackward0>)
tensor(1.0874, device='cuda:0', grad_fn=<MulBackward0>)
tensor(1.2739, device='cuda:0', grad_fn=<MulBackward0>)
{'loss': 4.3165, 'learning_rate': 8.000000000000001e-06, 'epoch': 1.6}
tensor(0.8533, device='cuda:0', grad_fn=<MulBackward0>)
tensor(0.9365, device='cuda:0', grad_fn=<MulBackward0>)
tensor(1.5950, device='cuda:0', grad_fn=<MulBackward0>)
tensor(1.4957, device='cuda:0', grad_fn=<MulBackward0>)
tensor(1.0073, device='cuda:0', grad_fn=<MulBackward0>)
tensor(1.0644, device='cuda:0', grad_fn=<MulBackward0>)
tensor(1.0558, device='cuda:0', grad_fn=<MulBackward0>)
tensor(0.9515, device='cuda:0', grad_fn=<MulBackward0>)
tensor(0.9315, device='cuda:0', grad_fn=<MulBackward0>)
tensor(0.9246, device='cuda:0', grad_fn=<MulBackward0>)
{'loss': 4.6139, 'learning_rate': 8.5e-06, 'epoch': 1.7}
tensor(0.8190, device='cuda:0', grad_fn=<MulBackward0>)
tensor(0.8945, device='cuda:0', grad_fn=<MulBackward0>)
tensor(1.7156, device='cuda:0', grad_fn=<MulBackward0>)
tensor(0.9512, device='cuda:0', grad_fn=<MulBackward0>)
tensor(1.2713, device='cuda:0', grad_fn=<MulBackward0>)
tensor(1.3506, device='cuda:0', grad_fn=<MulBackward0>)
tensor(1.2450, device='cuda:0', grad_fn=<MulBackward0>)
tensor(0.8963, device='cuda:0', grad_fn=<MulBackward0>)
tensor(1.2748, device='cuda:0', grad_fn=<MulBackward0>)
tensor(0.9602, device='cuda:0', grad_fn=<MulBackward0>)
{'loss': 4.243, 'learning_rate': 9e-06, 'epoch': 1.8}
tensor(1.1025, device='cuda:0', grad_fn=<MulBackward0>)
tensor(1.3058, device='cuda:0', grad_fn=<MulBackward0>)
tensor(1.0154, device='cuda:0', grad_fn=<MulBackward0>)
tensor(0.8955, device='cuda:0', grad_fn=<MulBackward0>)
tensor(1.0390, device='cuda:0', grad_fn=<MulBackward0>)
tensor(0.8947, device='cuda:0', grad_fn=<MulBackward0>)
tensor(0.9430, device='cuda:0', grad_fn=<MulBackward0>)
tensor(1.1722, device='cuda:0', grad_fn=<MulBackward0>)
tensor(0.9823, device='cuda:0', grad_fn=<MulBackward0>)
tensor(1.2574, device='cuda:0', grad_fn=<MulBackward0>)
{'loss': 4.0585, 'learning_rate': 9.5e-06, 'epoch': 1.9}
tensor(1.0389, device='cuda:0', grad_fn=<MulBackward0>)
tensor(1.4968, device='cuda:0', grad_fn=<MulBackward0>)
tensor(0.9347, device='cuda:0', grad_fn=<MulBackward0>)
tensor(1.0187, device='cuda:0', grad_fn=<MulBackward0>)
tensor(1.1263, device='cuda:0', grad_fn=<MulBackward0>)
tensor(1.3376, device='cuda:0', grad_fn=<MulBackward0>)
tensor(1.1929, device='cuda:0', grad_fn=<MulBackward0>)
tensor(0.8768, device='cuda:0', grad_fn=<MulBackward0>)
tensor(1.5364, device='cuda:0', grad_fn=<MulBackward0>)
tensor(1.0982, device='cuda:0', grad_fn=<MulBackward0>)
{'loss': 4.0591, 'learning_rate': 1e-05, 'epoch': 2.0}
tensor(1.3550, device='cuda:0', grad_fn=<MulBackward0>)
tensor(1.0012, device='cuda:0', grad_fn=<MulBackward0>)
tensor(1.1496, device='cuda:0', grad_fn=<MulBackward0>)
tensor(0.9313, device='cuda:0', grad_fn=<MulBackward0>)
tensor(1.0124, device='cuda:0', grad_fn=<MulBackward0>)
tensor(1.1421, device='cuda:0', grad_fn=<MulBackward0>)
tensor(1.3490, device='cuda:0', grad_fn=<MulBackward0>)
tensor(1.8737, device='cuda:0', grad_fn=<MulBackward0>)
tensor(0.9654, device='cuda:0', grad_fn=<MulBackward0>)
tensor(1.0265, device='cuda:0', grad_fn=<MulBackward0>)
{'loss': 4.3367, 'learning_rate': 9.999238475781957e-06, 'epoch': 2.1}
tensor(1.0160, device='cuda:0', grad_fn=<MulBackward0>)
tensor(0.9297, device='cuda:0', grad_fn=<MulBackward0>)
tensor(1.1418, device='cuda:0', grad_fn=<MulBackward0>)
tensor(0.8812, device='cuda:0', grad_fn=<MulBackward0>)
tensor(1.0258, device='cuda:0', grad_fn=<MulBackward0>)
tensor(1.1528, device='cuda:0', grad_fn=<MulBackward0>)
tensor(1.0259, device='cuda:0', grad_fn=<MulBackward0>)
tensor(1.2428, device='cuda:0', grad_fn=<MulBackward0>)
tensor(1.2296, device='cuda:0', grad_fn=<MulBackward0>)
tensor(1.0146, device='cuda:0', grad_fn=<MulBackward0>)
{'loss': 4.1932, 'learning_rate': 9.99695413509548e-06, 'epoch': 2.2}
tensor(1.2748, device='cuda:0', grad_fn=<MulBackward0>)
tensor(1.1213, device='cuda:0', grad_fn=<MulBackward0>)
tensor(1.1295, device='cuda:0', grad_fn=<MulBackward0>)
tensor(1.7836, device='cuda:0', grad_fn=<MulBackward0>)
tensor(1.1869, device='cuda:0', grad_fn=<MulBackward0>)
tensor(1.3797, device='cuda:0', grad_fn=<MulBackward0>)
tensor(1.4549, device='cuda:0', grad_fn=<MulBackward0>)
tensor(1.1200, device='cuda:0', grad_fn=<MulBackward0>)
tensor(1.3200, device='cuda:0', grad_fn=<MulBackward0>)
tensor(1.2619, device='cuda:0', grad_fn=<MulBackward0>)
{'loss': 4.2833, 'learning_rate': 9.993147673772869e-06, 'epoch': 2.3}
tensor(0.9416, device='cuda:0', grad_fn=<MulBackward0>)
tensor(1.2367, device='cuda:0', grad_fn=<MulBackward0>)
tensor(1.7819, device='cuda:0', grad_fn=<MulBackward0>)
tensor(1.4878, device='cuda:0', grad_fn=<MulBackward0>)
tensor(1.0950, device='cuda:0', grad_fn=<MulBackward0>)
tensor(1.2889, device='cuda:0', grad_fn=<MulBackward0>)
tensor(0.9955, device='cuda:0', grad_fn=<MulBackward0>)
tensor(1.7122, device='cuda:0', grad_fn=<MulBackward0>)
tensor(1.0667, device='cuda:0', grad_fn=<MulBackward0>)
tensor(1.0277, device='cuda:0', grad_fn=<MulBackward0>)
{'loss': 4.0964, 'learning_rate': 9.987820251299121e-06, 'epoch': 2.4}
tensor(0.9744, device='cuda:0', grad_fn=<MulBackward0>)
tensor(1.3407, device='cuda:0', grad_fn=<MulBackward0>)
tensor(1.0588, device='cuda:0', grad_fn=<MulBackward0>)
tensor(1.1265, device='cuda:0', grad_fn=<MulBackward0>)
tensor(1.5679, device='cuda:0', grad_fn=<MulBackward0>)
tensor(1.0592, device='cuda:0', grad_fn=<MulBackward0>)
tensor(1.1237, device='cuda:0', grad_fn=<MulBackward0>)
tensor(1.2411, device='cuda:0', grad_fn=<MulBackward0>)
tensor(0.9516, device='cuda:0', grad_fn=<MulBackward0>)
tensor(1.4838, device='cuda:0', grad_fn=<MulBackward0>)
{'loss': 4.0545, 'learning_rate': 9.980973490458728e-06, 'epoch': 2.5}
tensor(1.0073, device='cuda:0', grad_fn=<MulBackward0>)
tensor(1.2323, device='cuda:0', grad_fn=<MulBackward0>)
tensor(1.1513, device='cuda:0', grad_fn=<MulBackward0>)
tensor(1.2742, device='cuda:0', grad_fn=<MulBackward0>)
tensor(0.9944, device='cuda:0', grad_fn=<MulBackward0>)
tensor(1.2261, device='cuda:0', grad_fn=<MulBackward0>)
tensor(1.0046, device='cuda:0', grad_fn=<MulBackward0>)
tensor(1.1431, device='cuda:0', grad_fn=<MulBackward0>)
tensor(0.9394, device='cuda:0', grad_fn=<MulBackward0>)
tensor(0.9142, device='cuda:0', grad_fn=<MulBackward0>)
{'loss': 4.2195, 'learning_rate': 9.972609476841368e-06, 'epoch': 2.6}
tensor(1.0584, device='cuda:0', grad_fn=<MulBackward0>)
tensor(2.7276, device='cuda:0', grad_fn=<MulBackward0>)
tensor(1.1808, device='cuda:0', grad_fn=<MulBackward0>)
tensor(1.0149, device='cuda:0', grad_fn=<MulBackward0>)
tensor(1.0260, device='cuda:0', grad_fn=<MulBackward0>)
tensor(1.0315, device='cuda:0', grad_fn=<MulBackward0>)
tensor(1.5905, device='cuda:0', grad_fn=<MulBackward0>)
tensor(1.2975, device='cuda:0', grad_fn=<MulBackward0>)
tensor(1.0693, device='cuda:0', grad_fn=<MulBackward0>)
tensor(1.1224, device='cuda:0', grad_fn=<MulBackward0>)
{'loss': 4.8299, 'learning_rate': 9.962730758206612e-06, 'epoch': 2.7}
tensor(1.3231, device='cuda:0', grad_fn=<MulBackward0>)
tensor(1.2196, device='cuda:0', grad_fn=<MulBackward0>)
tensor(1.2910, device='cuda:0', grad_fn=<MulBackward0>)
tensor(1.0265, device='cuda:0', grad_fn=<MulBackward0>)
tensor(1.1948, device='cuda:0', grad_fn=<MulBackward0>)
tensor(0.9030, device='cuda:0', grad_fn=<MulBackward0>)
tensor(1.0313, device='cuda:0', grad_fn=<MulBackward0>)
tensor(1.0917, device='cuda:0', grad_fn=<MulBackward0>)
tensor(1.1983, device='cuda:0', grad_fn=<MulBackward0>)
tensor(1.2440, device='cuda:0', grad_fn=<MulBackward0>)
{'loss': 3.7062, 'learning_rate': 9.951340343707852e-06, 'epoch': 2.8}
tensor(1.2296, device='cuda:0', grad_fn=<MulBackward0>)
tensor(1.2755, device='cuda:0', grad_fn=<MulBackward0>)
tensor(1.0867, device='cuda:0', grad_fn=<MulBackward0>)
tensor(1.0728, device='cuda:0', grad_fn=<MulBackward0>)
tensor(1.3251, device='cuda:0', grad_fn=<MulBackward0>)
tensor(1.0697, device='cuda:0', grad_fn=<MulBackward0>)
tensor(1.0127, device='cuda:0', grad_fn=<MulBackward0>)
tensor(1.1790, device='cuda:0', grad_fn=<MulBackward0>)
tensor(0.9936, device='cuda:0', grad_fn=<MulBackward0>)
tensor(1.0225, device='cuda:0', grad_fn=<MulBackward0>)
{'loss': 3.8616, 'learning_rate': 9.938441702975689e-06, 'epoch': 2.9}
tensor(1.1205, device='cuda:0', grad_fn=<MulBackward0>)
tensor(1.4835, device='cuda:0', grad_fn=<MulBackward0>)
tensor(1.1021, device='cuda:0', grad_fn=<MulBackward0>)
tensor(1.0116, device='cuda:0', grad_fn=<MulBackward0>)
tensor(1.0942, device='cuda:0', grad_fn=<MulBackward0>)
tensor(1.1205, device='cuda:0', grad_fn=<MulBackward0>)
tensor(1.1322, device='cuda:0', grad_fn=<MulBackward0>)
tensor(1.2207, device='cuda:0', grad_fn=<MulBackward0>)
tensor(1.3797, device='cuda:0', grad_fn=<MulBackward0>)
tensor(1.2036, device='cuda:0', grad_fn=<MulBackward0>)
{'loss': 4.0792, 'learning_rate': 9.924038765061042e-06, 'epoch': 3.0}
tensor(1.0590, device='cuda:0', grad_fn=<MulBackward0>)
tensor(1.2227, device='cuda:0', grad_fn=<MulBackward0>)
tensor(1.0347, device='cuda:0', grad_fn=<MulBackward0>)
tensor(2.2780, device='cuda:0', grad_fn=<MulBackward0>)
tensor(1.0931, device='cuda:0', grad_fn=<MulBackward0>)
tensor(1.1754, device='cuda:0', grad_fn=<MulBackward0>)
tensor(3.1339, device='cuda:0', grad_fn=<MulBackward0>)
tensor(1.1459, device='cuda:0', grad_fn=<MulBackward0>)
tensor(1.2700, device='cuda:0', grad_fn=<MulBackward0>)
tensor(1.2365, device='cuda:0', grad_fn=<MulBackward0>)
{'loss': 3.8438, 'learning_rate': 9.908135917238321e-06, 'epoch': 3.1}
tensor(1.5462, device='cuda:0', grad_fn=<MulBackward0>)
tensor(1.2836, device='cuda:0', grad_fn=<MulBackward0>)
tensor(1.3641, device='cuda:0', grad_fn=<MulBackward0>)
tensor(1.2316, device='cuda:0', grad_fn=<MulBackward0>)
tensor(1.1662, device='cuda:0', grad_fn=<MulBackward0>)
tensor(1.2173, device='cuda:0', grad_fn=<MulBackward0>)
tensor(1.0914, device='cuda:0', grad_fn=<MulBackward0>)
tensor(1.1767, device='cuda:0', grad_fn=<MulBackward0>)
tensor(1.6470, device='cuda:0', grad_fn=<MulBackward0>)
tensor(1.2273, device='cuda:0', grad_fn=<MulBackward0>)
{'loss': 3.7472, 'learning_rate': 9.890738003669029e-06, 'epoch': 3.2}
tensor(1.3427, device='cuda:0', grad_fn=<MulBackward0>)
tensor(1.1765, device='cuda:0', grad_fn=<MulBackward0>)
tensor(1.1655, device='cuda:0', grad_fn=<MulBackward0>)
tensor(1.1176, device='cuda:0', grad_fn=<MulBackward0>)
tensor(1.4225, device='cuda:0', grad_fn=<MulBackward0>)
tensor(1.8044, device='cuda:0', grad_fn=<MulBackward0>)
tensor(1.5631, device='cuda:0', grad_fn=<MulBackward0>)
tensor(1.6609, device='cuda:0', grad_fn=<MulBackward0>)
tensor(1.6515, device='cuda:0', grad_fn=<MulBackward0>)
tensor(1.3553, device='cuda:0', grad_fn=<MulBackward0>)
{'loss': 3.7876, 'learning_rate': 9.871850323926178e-06, 'epoch': 3.3}
tensor(2.3689, device='cuda:0', grad_fn=<MulBackward0>)
tensor(1.2265, device='cuda:0', grad_fn=<MulBackward0>)
tensor(1.9583, device='cuda:0', grad_fn=<MulBackward0>)
tensor(2.2223, device='cuda:0', grad_fn=<MulBackward0>)
tensor(1.2492, device='cuda:0', grad_fn=<MulBackward0>)
tensor(1.3052, device='cuda:0', grad_fn=<MulBackward0>)
tensor(1.2989, device='cuda:0', grad_fn=<MulBackward0>)
tensor(1.4897, device='cuda:0', grad_fn=<MulBackward0>)
tensor(1.5104, device='cuda:0', grad_fn=<MulBackward0>)
tensor(1.1729, device='cuda:0', grad_fn=<MulBackward0>)
{'loss': 4.7438, 'learning_rate': 9.851478631379982e-06, 'epoch': 3.4}
tensor(1.2927, device='cuda:0', grad_fn=<MulBackward0>)
tensor(1.3287, device='cuda:0', grad_fn=<MulBackward0>)
tensor(1.1486, device='cuda:0', grad_fn=<MulBackward0>)
tensor(1.1626, device='cuda:0', grad_fn=<MulBackward0>)
tensor(1.4038, device='cuda:0', grad_fn=<MulBackward0>)
tensor(1.2760, device='cuda:0', grad_fn=<MulBackward0>)
tensor(1.1909, device='cuda:0', grad_fn=<MulBackward0>)
tensor(1.5673, device='cuda:0', grad_fn=<MulBackward0>)
tensor(1.2916, device='cuda:0', grad_fn=<MulBackward0>)
tensor(1.1490, device='cuda:0', grad_fn=<MulBackward0>)
{'loss': 4.1371, 'learning_rate': 9.829629131445342e-06, 'epoch': 3.5}
tensor(1.6650, device='cuda:0', grad_fn=<MulBackward0>)
tensor(2.0098, device='cuda:0', grad_fn=<MulBackward0>)
tensor(1.1153, device='cuda:0', grad_fn=<MulBackward0>)
tensor(1.8784, device='cuda:0', grad_fn=<MulBackward0>)
tensor(1.6657, device='cuda:0', grad_fn=<MulBackward0>)
tensor(1.3976, device='cuda:0', grad_fn=<MulBackward0>)
tensor(1.1806, device='cuda:0', grad_fn=<MulBackward0>)
tensor(1.3038, device='cuda:0', grad_fn=<MulBackward0>)
tensor(1.5651, device='cuda:0', grad_fn=<MulBackward0>)
tensor(1.1709, device='cuda:0', grad_fn=<MulBackward0>)
{'loss': 3.9484, 'learning_rate': 9.806308479691595e-06, 'epoch': 3.6}
tensor(1.6008, device='cuda:0', grad_fn=<MulBackward0>)
tensor(1.1628, device='cuda:0', grad_fn=<MulBackward0>)
tensor(1.2195, device='cuda:0', grad_fn=<MulBackward0>)
tensor(1.1707, device='cuda:0', grad_fn=<MulBackward0>)
tensor(1.5640, device='cuda:0', grad_fn=<MulBackward0>)
tensor(1.2247, device='cuda:0', grad_fn=<MulBackward0>)
tensor(1.1745, device='cuda:0', grad_fn=<MulBackward0>)
tensor(1.2089, device='cuda:0', grad_fn=<MulBackward0>)
tensor(1.0922, device='cuda:0', grad_fn=<MulBackward0>)
tensor(1.2436, device='cuda:0', grad_fn=<MulBackward0>)
{'loss': 4.2436, 'learning_rate': 9.781523779815178e-06, 'epoch': 3.7}
tensor(1.3277, device='cuda:0', grad_fn=<MulBackward0>)
tensor(1.2122, device='cuda:0', grad_fn=<MulBackward0>)
tensor(1.3076, device='cuda:0', grad_fn=<MulBackward0>)
tensor(1.3171, device='cuda:0', grad_fn=<MulBackward0>)
tensor(1.6152, device='cuda:0', grad_fn=<MulBackward0>)
tensor(1.2566, device='cuda:0', grad_fn=<MulBackward0>)
tensor(1.2868, device='cuda:0', grad_fn=<MulBackward0>)
tensor(1.5452, device='cuda:0', grad_fn=<MulBackward0>)
tensor(1.7125, device='cuda:0', grad_fn=<MulBackward0>)
tensor(1.3065, device='cuda:0', grad_fn=<MulBackward0>)
{'loss': 4.0696, 'learning_rate': 9.755282581475769e-06, 'epoch': 3.8}
tensor(1.3537, device='cuda:0', grad_fn=<MulBackward0>)
tensor(1.2508, device='cuda:0', grad_fn=<MulBackward0>)
tensor(1.0933, device='cuda:0', grad_fn=<MulBackward0>)
tensor(1.1673, device='cuda:0', grad_fn=<MulBackward0>)
tensor(1.3796, device='cuda:0', grad_fn=<MulBackward0>)
tensor(2.1533, device='cuda:0', grad_fn=<MulBackward0>)
tensor(1.0163, device='cuda:0', grad_fn=<MulBackward0>)
tensor(1.3683, device='cuda:0', grad_fn=<MulBackward0>)
tensor(1.4880, device='cuda:0', grad_fn=<MulBackward0>)
tensor(1.9779, device='cuda:0', grad_fn=<MulBackward0>)
{'loss': 4.1332, 'learning_rate': 9.727592877996585e-06, 'epoch': 3.9}
tensor(1.3680, device='cuda:0', grad_fn=<MulBackward0>)
tensor(1.3794, device='cuda:0', grad_fn=<MulBackward0>)
tensor(1.5500, device='cuda:0', grad_fn=<MulBackward0>)
tensor(1.5120, device='cuda:0', grad_fn=<MulBackward0>)
tensor(1.1723, device='cuda:0', grad_fn=<MulBackward0>)
tensor(1.3027, device='cuda:0', grad_fn=<MulBackward0>)
tensor(1.2393, device='cuda:0', grad_fn=<MulBackward0>)
tensor(1.4960, device='cuda:0', grad_fn=<MulBackward0>)
tensor(1.4539, device='cuda:0', grad_fn=<MulBackward0>)
tensor(1.7034, device='cuda:0', grad_fn=<MulBackward0>)
{'loss': 3.5104, 'learning_rate': 9.698463103929542e-06, 'epoch': 4.0}
tensor(1.8455, device='cuda:0', grad_fn=<MulBackward0>)
tensor(1.2430, device='cuda:0', grad_fn=<MulBackward0>)
tensor(1.3867, device='cuda:0', grad_fn=<MulBackward0>)
tensor(1.2934, device='cuda:0', grad_fn=<MulBackward0>)
tensor(1.1752, device='cuda:0', grad_fn=<MulBackward0>)
tensor(1.4731, device='cuda:0', grad_fn=<MulBackward0>)
tensor(1.1418, device='cuda:0', grad_fn=<MulBackward0>)
tensor(1.1864, device='cuda:0', grad_fn=<MulBackward0>)
tensor(1.7441, device='cuda:0', grad_fn=<MulBackward0>)
tensor(1.5110, device='cuda:0', grad_fn=<MulBackward0>)
{'loss': 3.7927, 'learning_rate': 9.667902132486009e-06, 'epoch': 4.1}
tensor(1.1998, device='cuda:0', grad_fn=<MulBackward0>)
tensor(1.4864, device='cuda:0', grad_fn=<MulBackward0>)
tensor(1.6642, device='cuda:0', grad_fn=<MulBackward0>)
tensor(1.2936, device='cuda:0', grad_fn=<MulBackward0>)
tensor(1.2334, device='cuda:0', grad_fn=<MulBackward0>)
tensor(1.4047, device='cuda:0', grad_fn=<MulBackward0>)
tensor(1.1315, device='cuda:0', grad_fn=<MulBackward0>)
tensor(1.3360, device='cuda:0', grad_fn=<MulBackward0>)
tensor(1.2504, device='cuda:0', grad_fn=<MulBackward0>)
tensor(1.4452, device='cuda:0', grad_fn=<MulBackward0>)
{'loss': 3.9722, 'learning_rate': 9.635919272833938e-06, 'epoch': 4.2}
tensor(1.3102, device='cuda:0', grad_fn=<MulBackward0>)
tensor(1.4334, device='cuda:0', grad_fn=<MulBackward0>)
tensor(1.4346, device='cuda:0', grad_fn=<MulBackward0>)
tensor(1.2080, device='cuda:0', grad_fn=<MulBackward0>)
tensor(1.3102, device='cuda:0', grad_fn=<MulBackward0>)
tensor(1.2050, device='cuda:0', grad_fn=<MulBackward0>)
tensor(1.6257, device='cuda:0', grad_fn=<MulBackward0>)
tensor(1.2160, device='cuda:0', grad_fn=<MulBackward0>)
tensor(1.4115, device='cuda:0', grad_fn=<MulBackward0>)
tensor(1.4723, device='cuda:0', grad_fn=<MulBackward0>)
{'loss': 3.9336, 'learning_rate': 9.602524267262202e-06, 'epoch': 4.3}
tensor(1.4013, device='cuda:0', grad_fn=<MulBackward0>)
tensor(2.3395, device='cuda:0', grad_fn=<MulBackward0>)
tensor(1.6508, device='cuda:0', grad_fn=<MulBackward0>)
tensor(1.6380, device='cuda:0', grad_fn=<MulBackward0>)
tensor(1.4993, device='cuda:0', grad_fn=<MulBackward0>)
tensor(1.7248, device='cuda:0', grad_fn=<MulBackward0>)
tensor(1.6219, device='cuda:0', grad_fn=<MulBackward0>)
tensor(1.1990, device='cuda:0', grad_fn=<MulBackward0>)
tensor(1.2754, device='cuda:0', grad_fn=<MulBackward0>)
tensor(1.2532, device='cuda:0', grad_fn=<MulBackward0>)
{'loss': 4.1432, 'learning_rate': 9.567727288213005e-06, 'epoch': 4.4}
tensor(1.1676, device='cuda:0', grad_fn=<MulBackward0>)
tensor(1.1935, device='cuda:0', grad_fn=<MulBackward0>)
tensor(1.4026, device='cuda:0', grad_fn=<MulBackward0>)
tensor(1.1168, device='cuda:0', grad_fn=<MulBackward0>)
tensor(1.2577, device='cuda:0', grad_fn=<MulBackward0>)
tensor(1.2457, device='cuda:0', grad_fn=<MulBackward0>)
tensor(1.3651, device='cuda:0', grad_fn=<MulBackward0>)
tensor(1.7381, device='cuda:0', grad_fn=<MulBackward0>)
tensor(1.3946, device='cuda:0', grad_fn=<MulBackward0>)
tensor(1.3840, device='cuda:0', grad_fn=<MulBackward0>)
{'loss': 3.1949, 'learning_rate': 9.531538935183252e-06, 'epoch': 4.5}
tensor(1.6977, device='cuda:0', grad_fn=<MulBackward0>)
tensor(1.2572, device='cuda:0', grad_fn=<MulBackward0>)
tensor(1.1911, device='cuda:0', grad_fn=<MulBackward0>)
tensor(1.4441, device='cuda:0', grad_fn=<MulBackward0>)
tensor(1.0739, device='cuda:0', grad_fn=<MulBackward0>)
tensor(1.2782, device='cuda:0', grad_fn=<MulBackward0>)
tensor(1.1223, device='cuda:0', grad_fn=<MulBackward0>)
tensor(1.1255, device='cuda:0', grad_fn=<MulBackward0>)
tensor(1.6140, device='cuda:0', grad_fn=<MulBackward0>)
tensor(1.3796, device='cuda:0', grad_fn=<MulBackward0>)
{'loss': 3.943, 'learning_rate': 9.493970231495836e-06, 'epoch': 4.6}
tensor(1.2463, device='cuda:0', grad_fn=<MulBackward0>)
tensor(1.0763, device='cuda:0', grad_fn=<MulBackward0>)
tensor(2.0698, device='cuda:0', grad_fn=<MulBackward0>)
tensor(1.1577, device='cuda:0', grad_fn=<MulBackward0>)
tensor(1.1672, device='cuda:0', grad_fn=<MulBackward0>)
tensor(1.5885, device='cuda:0', grad_fn=<MulBackward0>)
tensor(1.1088, device='cuda:0', grad_fn=<MulBackward0>)
tensor(1.1837, device='cuda:0', grad_fn=<MulBackward0>)
tensor(1.3097, device='cuda:0', grad_fn=<MulBackward0>)
tensor(1.4147, device='cuda:0', grad_fn=<MulBackward0>)
{'loss': 3.4901, 'learning_rate': 9.45503262094184e-06, 'epoch': 4.7}
tensor(1.3371, device='cuda:0', grad_fn=<MulBackward0>)
tensor(1.2390, device='cuda:0', grad_fn=<MulBackward0>)
tensor(1.0565, device='cuda:0', grad_fn=<MulBackward0>)
tensor(1.2979, device='cuda:0', grad_fn=<MulBackward0>)
tensor(1.5623, device='cuda:0', grad_fn=<MulBackward0>)
tensor(1.3918, device='cuda:0', grad_fn=<MulBackward0>)
tensor(1.5960, device='cuda:0', grad_fn=<MulBackward0>)
tensor(1.3376, device='cuda:0', grad_fn=<MulBackward0>)
tensor(1.5368, device='cuda:0', grad_fn=<MulBackward0>)
tensor(4.1533, device='cuda:0', grad_fn=<MulBackward0>)
{'loss': 3.7524, 'learning_rate': 9.414737964294636e-06, 'epoch': 4.8}
tensor(1.5316, device='cuda:0', grad_fn=<MulBackward0>)
tensor(1.2412, device='cuda:0', grad_fn=<MulBackward0>)
tensor(1.4530, device='cuda:0', grad_fn=<MulBackward0>)
tensor(1.2781, device='cuda:0', grad_fn=<MulBackward0>)
tensor(1.2515, device='cuda:0', grad_fn=<MulBackward0>)
tensor(1.1496, device='cuda:0', grad_fn=<MulBackward0>)
tensor(1.3100, device='cuda:0', grad_fn=<MulBackward0>)
tensor(1.3889, device='cuda:0', grad_fn=<MulBackward0>)
tensor(1.2999, device='cuda:0', grad_fn=<MulBackward0>)
tensor(1.5869, device='cuda:0', grad_fn=<MulBackward0>)
{'loss': 3.8188, 'learning_rate': 9.37309853569698e-06, 'epoch': 4.9}
tensor(1.2980, device='cuda:0', grad_fn=<MulBackward0>)
tensor(1.1479, device='cuda:0', grad_fn=<MulBackward0>)
tensor(1.6210, device='cuda:0', grad_fn=<MulBackward0>)
tensor(1.2980, device='cuda:0', grad_fn=<MulBackward0>)
tensor(1.2573, device='cuda:0', grad_fn=<MulBackward0>)
tensor(1.3569, device='cuda:0', grad_fn=<MulBackward0>)
tensor(1.4616, device='cuda:0', grad_fn=<MulBackward0>)
tensor(1.1994, device='cuda:0', grad_fn=<MulBackward0>)
tensor(1.2708, device='cuda:0', grad_fn=<MulBackward0>)
tensor(1.4110, device='cuda:0', grad_fn=<MulBackward0>)
{'loss': 4.1197, 'learning_rate': 9.330127018922195e-06, 'epoch': 5.0}
tensor(1.7592, device='cuda:0', grad_fn=<MulBackward0>)
tensor(1.2861, device='cuda:0', grad_fn=<MulBackward0>)
tensor(1.2473, device='cuda:0', grad_fn=<MulBackward0>)
tensor(2.0510, device='cuda:0', grad_fn=<MulBackward0>)
tensor(1.5729, device='cuda:0', grad_fn=<MulBackward0>)
tensor(1.2411, device='cuda:0', grad_fn=<MulBackward0>)
tensor(1.6251, device='cuda:0', grad_fn=<MulBackward0>)
tensor(1.5022, device='cuda:0', grad_fn=<MulBackward0>)
tensor(1.5717, device='cuda:0', grad_fn=<MulBackward0>)
tensor(1.6742, device='cuda:0', grad_fn=<MulBackward0>)
{'loss': 3.9414, 'learning_rate': 9.285836503510562e-06, 'epoch': 5.1}
tensor(1.7805, device='cuda:0', grad_fn=<MulBackward0>)
tensor(1.4928, device='cuda:0', grad_fn=<MulBackward0>)
tensor(1.1573, device='cuda:0', grad_fn=<MulBackward0>)
tensor(1.4345, device='cuda:0', grad_fn=<MulBackward0>)
tensor(4.3823, device='cuda:0', grad_fn=<MulBackward0>)
tensor(1.1888, device='cuda:0', grad_fn=<MulBackward0>)
tensor(1.2539, device='cuda:0', grad_fn=<MulBackward0>)
tensor(1.1528, device='cuda:0', grad_fn=<MulBackward0>)
tensor(1.3223, device='cuda:0', grad_fn=<MulBackward0>)
tensor(1.2075, device='cuda:0', grad_fn=<MulBackward0>)
{'loss': 3.5544, 'learning_rate': 9.24024048078213e-06, 'epoch': 5.2}
tensor(1.3646, device='cuda:0', grad_fn=<MulBackward0>)
tensor(1.1787, device='cuda:0', grad_fn=<MulBackward0>)
tensor(1.3567, device='cuda:0', grad_fn=<MulBackward0>)
tensor(1.3169, device='cuda:0', grad_fn=<MulBackward0>)
tensor(1.5371, device='cuda:0', grad_fn=<MulBackward0>)
tensor(1.4114, device='cuda:0', grad_fn=<MulBackward0>)
tensor(1.1656, device='cuda:0', grad_fn=<MulBackward0>)
tensor(1.4555, device='cuda:0', grad_fn=<MulBackward0>)
tensor(2.2155, device='cuda:0', grad_fn=<MulBackward0>)
tensor(1.1726, device='cuda:0', grad_fn=<MulBackward0>)
{'loss': 4.0618, 'learning_rate': 9.193352839727122e-06, 'epoch': 5.3}
tensor(1.4739, device='cuda:0', grad_fn=<MulBackward0>)
tensor(1.2757, device='cuda:0', grad_fn=<MulBackward0>)
tensor(1.5336, device='cuda:0', grad_fn=<MulBackward0>)
tensor(1.3989, device='cuda:0', grad_fn=<MulBackward0>)
tensor(1.2254, device='cuda:0', grad_fn=<MulBackward0>)
tensor(1.2440, device='cuda:0', grad_fn=<MulBackward0>)
tensor(1.5586, device='cuda:0', grad_fn=<MulBackward0>)
tensor(1.2771, device='cuda:0', grad_fn=<MulBackward0>)
tensor(1.6681, device='cuda:0', grad_fn=<MulBackward0>)
tensor(1.5298, device='cuda:0', grad_fn=<MulBackward0>)
{'loss': 4.0656, 'learning_rate': 9.145187862775208e-06, 'epoch': 5.4}
tensor(2.0296, device='cuda:0', grad_fn=<MulBackward0>)
tensor(1.6886, device='cuda:0', grad_fn=<MulBackward0>)
tensor(1.7445, device='cuda:0', grad_fn=<MulBackward0>)
tensor(1.6342, device='cuda:0', grad_fn=<MulBackward0>)
tensor(1.2393, device='cuda:0', grad_fn=<MulBackward0>)
tensor(1.4464, device='cuda:0', grad_fn=<MulBackward0>)
tensor(1.2901, device='cuda:0', grad_fn=<MulBackward0>)
tensor(2.3598, device='cuda:0', grad_fn=<MulBackward0>)
tensor(1.3992, device='cuda:0', grad_fn=<MulBackward0>)
tensor(1.2444, device='cuda:0', grad_fn=<MulBackward0>)
{'loss': 3.7777, 'learning_rate': 9.09576022144496e-06, 'epoch': 5.5}
tensor(1.2474, device='cuda:0', grad_fn=<MulBackward0>)
tensor(1.9058, device='cuda:0', grad_fn=<MulBackward0>)
tensor(1.4464, device='cuda:0', grad_fn=<MulBackward0>)
tensor(1.4809, device='cuda:0', grad_fn=<MulBackward0>)
tensor(1.1515, device='cuda:0', grad_fn=<MulBackward0>)
tensor(1.3920, device='cuda:0', grad_fn=<MulBackward0>)
tensor(1.5316, device='cuda:0', grad_fn=<MulBackward0>)
tensor(1.6974, device='cuda:0', grad_fn=<MulBackward0>)
tensor(1.3001, device='cuda:0', grad_fn=<MulBackward0>)
tensor(1.2745, device='cuda:0', grad_fn=<MulBackward0>)
{'loss': 3.6883, 'learning_rate': 9.045084971874738e-06, 'epoch': 5.6}
tensor(2.0839, device='cuda:0', grad_fn=<MulBackward0>)
tensor(1.7466, device='cuda:0', grad_fn=<MulBackward0>)
tensor(1.6234, device='cuda:0', grad_fn=<MulBackward0>)
tensor(1.5136, device='cuda:0', grad_fn=<MulBackward0>)
tensor(1.6817, device='cuda:0', grad_fn=<MulBackward0>)
tensor(2.0936, device='cuda:0', grad_fn=<MulBackward0>)
tensor(1.4522, device='cuda:0', grad_fn=<MulBackward0>)
tensor(1.2946, device='cuda:0', grad_fn=<MulBackward0>)
tensor(1.2057, device='cuda:0', grad_fn=<MulBackward0>)
tensor(3.1064, device='cuda:0', grad_fn=<MulBackward0>)
{'loss': 4.0069, 'learning_rate': 8.993177550236464e-06, 'epoch': 5.7}
tensor(1.2917, device='cuda:0', grad_fn=<MulBackward0>)
tensor(1.7466, device='cuda:0', grad_fn=<MulBackward0>)
tensor(1.3238, device='cuda:0', grad_fn=<MulBackward0>)
tensor(1.2702, device='cuda:0', grad_fn=<MulBackward0>)
tensor(1.5728, device='cuda:0', grad_fn=<MulBackward0>)
tensor(1.3583, device='cuda:0', grad_fn=<MulBackward0>)
tensor(1.5073, device='cuda:0', grad_fn=<MulBackward0>)
tensor(1.2926, device='cuda:0', grad_fn=<MulBackward0>)
tensor(1.2861, device='cuda:0', grad_fn=<MulBackward0>)
tensor(2.2129, device='cuda:0', grad_fn=<MulBackward0>)
{'loss': 3.8997, 'learning_rate': 8.94005376803361e-06, 'epoch': 5.8}
tensor(1.4844, device='cuda:0', grad_fn=<MulBackward0>)
tensor(1.2300, device='cuda:0', grad_fn=<MulBackward0>)
tensor(1.7146, device='cuda:0', grad_fn=<MulBackward0>)
tensor(1.5902, device='cuda:0', grad_fn=<MulBackward0>)
tensor(1.3434, device='cuda:0', grad_fn=<MulBackward0>)
tensor(1.5262, device='cuda:0', grad_fn=<MulBackward0>)
tensor(1.6742, device='cuda:0', grad_fn=<MulBackward0>)
tensor(1.9915, device='cuda:0', grad_fn=<MulBackward0>)
tensor(1.6087, device='cuda:0', grad_fn=<MulBackward0>)
tensor(1.3354, device='cuda:0', grad_fn=<MulBackward0>)
{'loss': 3.8704, 'learning_rate': 8.885729807284855e-06, 'epoch': 5.9}
tensor(1.2562, device='cuda:0', grad_fn=<MulBackward0>)
tensor(1.5690, device='cuda:0', grad_fn=<MulBackward0>)
tensor(1.7461, device='cuda:0', grad_fn=<MulBackward0>)
tensor(1.4440, device='cuda:0', grad_fn=<MulBackward0>)
tensor(1.3121, device='cuda:0', grad_fn=<MulBackward0>)
tensor(2.6464, device='cuda:0', grad_fn=<MulBackward0>)
tensor(1.9262, device='cuda:0', grad_fn=<MulBackward0>)
tensor(4.0277, device='cuda:0', grad_fn=<MulBackward0>)
tensor(1.5914, device='cuda:0', grad_fn=<MulBackward0>)
tensor(1.1550, device='cuda:0', grad_fn=<MulBackward0>)
{'loss': 3.5836, 'learning_rate': 8.83022221559489e-06, 'epoch': 6.0}
tensor(1.3518, device='cuda:0', grad_fn=<MulBackward0>)
tensor(1.4757, device='cuda:0', grad_fn=<MulBackward0>)
tensor(1.6900, device='cuda:0', grad_fn=<MulBackward0>)
tensor(1.4747, device='cuda:0', grad_fn=<MulBackward0>)
tensor(1.4971, device='cuda:0', grad_fn=<MulBackward0>)
tensor(1.7922, device='cuda:0', grad_fn=<MulBackward0>)
tensor(1.5261, device='cuda:0', grad_fn=<MulBackward0>)
tensor(1.6507, device='cuda:0', grad_fn=<MulBackward0>)
tensor(2.3100, device='cuda:0', grad_fn=<MulBackward0>)
tensor(1.8019, device='cuda:0', grad_fn=<MulBackward0>)
{'loss': 3.7189, 'learning_rate': 8.773547901113862e-06, 'epoch': 6.1}
tensor(1.4315, device='cuda:0', grad_fn=<MulBackward0>)
tensor(2.1456, device='cuda:0', grad_fn=<MulBackward0>)
tensor(1.2927, device='cuda:0', grad_fn=<MulBackward0>)
tensor(1.2466, device='cuda:0', grad_fn=<MulBackward0>)
tensor(1.3292, device='cuda:0', grad_fn=<MulBackward0>)
tensor(1.5834, device='cuda:0', grad_fn=<MulBackward0>)
tensor(1.4050, device='cuda:0', grad_fn=<MulBackward0>)
tensor(1.2827, device='cuda:0', grad_fn=<MulBackward0>)
tensor(1.7976, device='cuda:0', grad_fn=<MulBackward0>)
tensor(1.5881, device='cuda:0', grad_fn=<MulBackward0>)
{'loss': 3.3827, 'learning_rate': 8.715724127386971e-06, 'epoch': 6.2}
tensor(1.4266, device='cuda:0', grad_fn=<MulBackward0>)
tensor(1.4676, device='cuda:0', grad_fn=<MulBackward0>)
tensor(1.5350, device='cuda:0', grad_fn=<MulBackward0>)
tensor(1.1804, device='cuda:0', grad_fn=<MulBackward0>)
tensor(1.8710, device='cuda:0', grad_fn=<MulBackward0>)
tensor(1.1895, device='cuda:0', grad_fn=<MulBackward0>)
tensor(1.6838, device='cuda:0', grad_fn=<MulBackward0>)
tensor(1.4323, device='cuda:0', grad_fn=<MulBackward0>)
tensor(1.2269, device='cuda:0', grad_fn=<MulBackward0>)
tensor(1.6576, device='cuda:0', grad_fn=<MulBackward0>)
{'loss': 3.5335, 'learning_rate': 8.656768508095853e-06, 'epoch': 6.3}
tensor(1.3709, device='cuda:0', grad_fn=<MulBackward0>)
tensor(1.6174, device='cuda:0', grad_fn=<MulBackward0>)
tensor(1.5111, device='cuda:0', grad_fn=<MulBackward0>)
tensor(1.4792, device='cuda:0', grad_fn=<MulBackward0>)
tensor(2.4867, device='cuda:0', grad_fn=<MulBackward0>)
tensor(1.9249, device='cuda:0', grad_fn=<MulBackward0>)
tensor(1.2399, device='cuda:0', grad_fn=<MulBackward0>)
tensor(1.2871, device='cuda:0', grad_fn=<MulBackward0>)
tensor(1.4032, device='cuda:0', grad_fn=<MulBackward0>)
tensor(1.9978, device='cuda:0', grad_fn=<MulBackward0>)
{'loss': 4.2443, 'learning_rate': 8.596699001693257e-06, 'epoch': 6.4}
tensor(1.1387, device='cuda:0', grad_fn=<MulBackward0>)
tensor(1.3978, device='cuda:0', grad_fn=<MulBackward0>)
tensor(1.1622, device='cuda:0', grad_fn=<MulBackward0>)
tensor(1.2774, device='cuda:0', grad_fn=<MulBackward0>)
tensor(1.3403, device='cuda:0', grad_fn=<MulBackward0>)
tensor(1.3385, device='cuda:0', grad_fn=<MulBackward0>)
tensor(1.1530, device='cuda:0', grad_fn=<MulBackward0>)
tensor(1.4786, device='cuda:0', grad_fn=<MulBackward0>)
tensor(1.2713, device='cuda:0', grad_fn=<MulBackward0>)
tensor(2.0216, device='cuda:0', grad_fn=<MulBackward0>)
{'loss': 3.3788, 'learning_rate': 8.535533905932739e-06, 'epoch': 6.5}
tensor(1.5056, device='cuda:0', grad_fn=<MulBackward0>)
tensor(1.1669, device='cuda:0', grad_fn=<MulBackward0>)
tensor(1.1701, device='cuda:0', grad_fn=<MulBackward0>)
tensor(1.7010, device='cuda:0', grad_fn=<MulBackward0>)
tensor(1.2586, device='cuda:0', grad_fn=<MulBackward0>)
tensor(1.5036, device='cuda:0', grad_fn=<MulBackward0>)
tensor(1.9069, device='cuda:0', grad_fn=<MulBackward0>)
tensor(1.3887, device='cuda:0', grad_fn=<MulBackward0>)
tensor(1.2650, device='cuda:0', grad_fn=<MulBackward0>)
tensor(1.5727, device='cuda:0', grad_fn=<MulBackward0>)
{'loss': 3.4937, 'learning_rate': 8.473291852294986e-06, 'epoch': 6.6}
tensor(1.3432, device='cuda:0', grad_fn=<MulBackward0>)
tensor(1.2214, device='cuda:0', grad_fn=<MulBackward0>)
tensor(2.1291, device='cuda:0', grad_fn=<MulBackward0>)
tensor(1.4831, device='cuda:0', grad_fn=<MulBackward0>)
tensor(1.5311, device='cuda:0', grad_fn=<MulBackward0>)
tensor(1.3315, device='cuda:0', grad_fn=<MulBackward0>)
tensor(1.3240, device='cuda:0', grad_fn=<MulBackward0>)
tensor(1.2495, device='cuda:0', grad_fn=<MulBackward0>)
tensor(1.8013, device='cuda:0', grad_fn=<MulBackward0>)
tensor(1.6181, device='cuda:0', grad_fn=<MulBackward0>)
{'loss': 3.7038, 'learning_rate': 8.409991800312493e-06, 'epoch': 6.7}
tensor(1.4919, device='cuda:0', grad_fn=<MulBackward0>)
tensor(2.0937, device='cuda:0', grad_fn=<MulBackward0>)
tensor(1.7179, device='cuda:0', grad_fn=<MulBackward0>)
tensor(1.2374, device='cuda:0', grad_fn=<MulBackward0>)
tensor(1.3267, device='cuda:0', grad_fn=<MulBackward0>)
tensor(1.4100, device='cuda:0', grad_fn=<MulBackward0>)
tensor(2.0602, device='cuda:0', grad_fn=<MulBackward0>)
tensor(1.1607, device='cuda:0', grad_fn=<MulBackward0>)
tensor(1.3929, device='cuda:0', grad_fn=<MulBackward0>)
tensor(1.3547, device='cuda:0', grad_fn=<MulBackward0>)
{'loss': 3.2034, 'learning_rate': 8.345653031794292e-06, 'epoch': 6.8}
tensor(1.5028, device='cuda:0', grad_fn=<MulBackward0>)
tensor(1.6174, device='cuda:0', grad_fn=<MulBackward0>)
tensor(1.3797, device='cuda:0', grad_fn=<MulBackward0>)
tensor(1.4192, device='cuda:0', grad_fn=<MulBackward0>)
tensor(1.3406, device='cuda:0', grad_fn=<MulBackward0>)
tensor(1.2792, device='cuda:0', grad_fn=<MulBackward0>)
tensor(1.9574, device='cuda:0', grad_fn=<MulBackward0>)
tensor(1.5596, device='cuda:0', grad_fn=<MulBackward0>)
tensor(1.5684, device='cuda:0', grad_fn=<MulBackward0>)
tensor(2.3099, device='cuda:0', grad_fn=<MulBackward0>)
{'loss': 3.5976, 'learning_rate': 8.280295144952537e-06, 'epoch': 6.9}
tensor(2.0094, device='cuda:0', grad_fn=<MulBackward0>)
tensor(1.4973, device='cuda:0', grad_fn=<MulBackward0>)
tensor(1.7061, device='cuda:0', grad_fn=<MulBackward0>)
tensor(1.4468, device='cuda:0', grad_fn=<MulBackward0>)
tensor(1.2407, device='cuda:0', grad_fn=<MulBackward0>)
tensor(1.6589, device='cuda:0', grad_fn=<MulBackward0>)
tensor(1.5699, device='cuda:0', grad_fn=<MulBackward0>)
tensor(2.2325, device='cuda:0', grad_fn=<MulBackward0>)
tensor(1.2350, device='cuda:0', grad_fn=<MulBackward0>)
tensor(2.1896, device='cuda:0', grad_fn=<MulBackward0>)
{'loss': 4.115, 'learning_rate': 8.213938048432697e-06, 'epoch': 7.0}
tensor(1.5950, device='cuda:0', grad_fn=<MulBackward0>)
tensor(1.2293, device='cuda:0', grad_fn=<MulBackward0>)
tensor(2.4097, device='cuda:0', grad_fn=<MulBackward0>)
tensor(1.6050, device='cuda:0', grad_fn=<MulBackward0>)
tensor(1.4547, device='cuda:0', grad_fn=<MulBackward0>)
tensor(1.6133, device='cuda:0', grad_fn=<MulBackward0>)
tensor(1.3699, device='cuda:0', grad_fn=<MulBackward0>)
tensor(1.3173, device='cuda:0', grad_fn=<MulBackward0>)
tensor(1.5251, device='cuda:0', grad_fn=<MulBackward0>)
tensor(1.2924, device='cuda:0', grad_fn=<MulBackward0>)
{'loss': 3.5721, 'learning_rate': 8.146601955249187e-06, 'epoch': 7.1}
tensor(1.6246, device='cuda:0', grad_fn=<MulBackward0>)
tensor(1.5941, device='cuda:0', grad_fn=<MulBackward0>)
tensor(1.5662, device='cuda:0', grad_fn=<MulBackward0>)
tensor(2.2980, device='cuda:0', grad_fn=<MulBackward0>)
tensor(2.2539, device='cuda:0', grad_fn=<MulBackward0>)
tensor(2.1636, device='cuda:0', grad_fn=<MulBackward0>)
tensor(4.6789, device='cuda:0', grad_fn=<MulBackward0>)
tensor(1.3380, device='cuda:0', grad_fn=<MulBackward0>)
tensor(1.6533, device='cuda:0', grad_fn=<MulBackward0>)
tensor(1.2248, device='cuda:0', grad_fn=<MulBackward0>)
{'loss': 3.877, 'learning_rate': 8.078307376628292e-06, 'epoch': 7.2}
tensor(1.3571, device='cuda:0', grad_fn=<MulBackward0>)
tensor(1.3779, device='cuda:0', grad_fn=<MulBackward0>)
tensor(1.3529, device='cuda:0', grad_fn=<MulBackward0>)
tensor(1.5565, device='cuda:0', grad_fn=<MulBackward0>)
tensor(1.6216, device='cuda:0', grad_fn=<MulBackward0>)
tensor(2.0504, device='cuda:0', grad_fn=<MulBackward0>)
tensor(1.3030, device='cuda:0', grad_fn=<MulBackward0>)
tensor(1.5225, device='cuda:0', grad_fn=<MulBackward0>)
tensor(1.6789, device='cuda:0', grad_fn=<MulBackward0>)
tensor(2.1782, device='cuda:0', grad_fn=<MulBackward0>)
{'loss': 4.0954, 'learning_rate': 8.009075115760243e-06, 'epoch': 7.3}
tensor(1.9587, device='cuda:0', grad_fn=<MulBackward0>)
tensor(1.8767, device='cuda:0', grad_fn=<MulBackward0>)
tensor(1.2888, device='cuda:0', grad_fn=<MulBackward0>)
tensor(1.2058, device='cuda:0', grad_fn=<MulBackward0>)
tensor(1.2814, device='cuda:0', grad_fn=<MulBackward0>)
tensor(1.5937, device='cuda:0', grad_fn=<MulBackward0>)
tensor(1.6518, device='cuda:0', grad_fn=<MulBackward0>)
tensor(1.4027, device='cuda:0', grad_fn=<MulBackward0>)
tensor(1.4600, device='cuda:0', grad_fn=<MulBackward0>)
tensor(2.2231, device='cuda:0', grad_fn=<MulBackward0>)
{'loss': 3.1506, 'learning_rate': 7.938926261462366e-06, 'epoch': 7.4}
tensor(1.5854, device='cuda:0', grad_fn=<MulBackward0>)
tensor(1.6026, device='cuda:0', grad_fn=<MulBackward0>)
tensor(1.5265, device='cuda:0', grad_fn=<MulBackward0>)
tensor(1.8280, device='cuda:0', grad_fn=<MulBackward0>)
tensor(1.4949, device='cuda:0', grad_fn=<MulBackward0>)
tensor(1.3774, device='cuda:0', grad_fn=<MulBackward0>)
tensor(1.2985, device='cuda:0', grad_fn=<MulBackward0>)
tensor(1.5806, device='cuda:0', grad_fn=<MulBackward0>)
tensor(1.2749, device='cuda:0', grad_fn=<MulBackward0>)
tensor(1.5014, device='cuda:0', grad_fn=<MulBackward0>)
{'loss': 3.9231, 'learning_rate': 7.86788218175523e-06, 'epoch': 7.5}
tensor(1.2264, device='cuda:0', grad_fn=<MulBackward0>)
tensor(1.3247, device='cuda:0', grad_fn=<MulBackward0>)
tensor(1.3468, device='cuda:0', grad_fn=<MulBackward0>)
tensor(1.0810, device='cuda:0', grad_fn=<MulBackward0>)
tensor(1.3104, device='cuda:0', grad_fn=<MulBackward0>)
tensor(1.4572, device='cuda:0', grad_fn=<MulBackward0>)
tensor(1.4743, device='cuda:0', grad_fn=<MulBackward0>)
tensor(1.7836, device='cuda:0', grad_fn=<MulBackward0>)
tensor(2.6763, device='cuda:0', grad_fn=<MulBackward0>)
tensor(1.3786, device='cuda:0', grad_fn=<MulBackward0>)
{'loss': 3.6393, 'learning_rate': 7.795964517353734e-06, 'epoch': 7.6}
tensor(1.1562, device='cuda:0', grad_fn=<MulBackward0>)
tensor(1.4784, device='cuda:0', grad_fn=<MulBackward0>)
tensor(1.5828, device='cuda:0', grad_fn=<MulBackward0>)
tensor(1.6748, device='cuda:0', grad_fn=<MulBackward0>)
tensor(1.4371, device='cuda:0', grad_fn=<MulBackward0>)
tensor(1.8111, device='cuda:0', grad_fn=<MulBackward0>)
tensor(1.2610, device='cuda:0', grad_fn=<MulBackward0>)
tensor(1.3021, device='cuda:0', grad_fn=<MulBackward0>)
tensor(1.4519, device='cuda:0', grad_fn=<MulBackward0>)
tensor(1.3738, device='cuda:0', grad_fn=<MulBackward0>)
{'loss': 3.4658, 'learning_rate': 7.723195175075136e-06, 'epoch': 7.7}
tensor(1.7762, device='cuda:0', grad_fn=<MulBackward0>)
tensor(2.0242, device='cuda:0', grad_fn=<MulBackward0>)
tensor(1.3424, device='cuda:0', grad_fn=<MulBackward0>)
tensor(1.4381, device='cuda:0', grad_fn=<MulBackward0>)
tensor(2.1120, device='cuda:0', grad_fn=<MulBackward0>)
tensor(1.2115, device='cuda:0', grad_fn=<MulBackward0>)
tensor(1.4543, device='cuda:0', grad_fn=<MulBackward0>)
tensor(1.2392, device='cuda:0', grad_fn=<MulBackward0>)
tensor(1.4914, device='cuda:0', grad_fn=<MulBackward0>)
tensor(1.4012, device='cuda:0', grad_fn=<MulBackward0>)
{'loss': 3.7532, 'learning_rate': 7.649596321166024e-06, 'epoch': 7.8}
tensor(5.4671, device='cuda:0', grad_fn=<MulBackward0>)
tensor(1.2444, device='cuda:0', grad_fn=<MulBackward0>)
tensor(2.6935, device='cuda:0', grad_fn=<MulBackward0>)
tensor(1.4744, device='cuda:0', grad_fn=<MulBackward0>)
tensor(1.3941, device='cuda:0', grad_fn=<MulBackward0>)
tensor(1.2161, device='cuda:0', grad_fn=<MulBackward0>)
tensor(2.2549, device='cuda:0', grad_fn=<MulBackward0>)
tensor(1.3609, device='cuda:0', grad_fn=<MulBackward0>)
tensor(1.4067, device='cuda:0', grad_fn=<MulBackward0>)
tensor(1.2349, device='cuda:0', grad_fn=<MulBackward0>)
{'loss': 3.6575, 'learning_rate': 7.575190374550272e-06, 'epoch': 7.9}
tensor(1.5083, device='cuda:0', grad_fn=<MulBackward0>)
tensor(1.2278, device='cuda:0', grad_fn=<MulBackward0>)
tensor(1.2263, device='cuda:0', grad_fn=<MulBackward0>)
tensor(1.5011, device='cuda:0', grad_fn=<MulBackward0>)
tensor(1.2346, device='cuda:0', grad_fn=<MulBackward0>)
tensor(1.2576, device='cuda:0', grad_fn=<MulBackward0>)
tensor(1.4194, device='cuda:0', grad_fn=<MulBackward0>)
tensor(1.7451, device='cuda:0', grad_fn=<MulBackward0>)
tensor(1.8490, device='cuda:0', grad_fn=<MulBackward0>)
tensor(1.2225, device='cuda:0', grad_fn=<MulBackward0>)
{'loss': 3.5272, 'learning_rate': 7.500000000000001e-06, 'epoch': 8.0}
tensor(1.1500, device='cuda:0', grad_fn=<MulBackward0>)
tensor(1.2112, device='cuda:0', grad_fn=<MulBackward0>)
tensor(1.2894, device='cuda:0', grad_fn=<MulBackward0>)
tensor(1.2632, device='cuda:0', grad_fn=<MulBackward0>)
tensor(1.5549, device='cuda:0', grad_fn=<MulBackward0>)
tensor(1.2053, device='cuda:0', grad_fn=<MulBackward0>)
tensor(1.9624, device='cuda:0', grad_fn=<MulBackward0>)
tensor(1.1330, device='cuda:0', grad_fn=<MulBackward0>)
tensor(1.3944, device='cuda:0', grad_fn=<MulBackward0>)
tensor(1.7878, device='cuda:0', grad_fn=<MulBackward0>)
{'loss': 3.028, 'learning_rate': 7.424048101231687e-06, 'epoch': 8.1}
tensor(1.9707, device='cuda:0', grad_fn=<MulBackward0>)
tensor(1.4745, device='cuda:0', grad_fn=<MulBackward0>)
tensor(2.4955, device='cuda:0', grad_fn=<MulBackward0>)
tensor(1.1472, device='cuda:0', grad_fn=<MulBackward0>)
tensor(1.7309, device='cuda:0', grad_fn=<MulBackward0>)
tensor(1.6279, device='cuda:0', grad_fn=<MulBackward0>)
tensor(1.1638, device='cuda:0', grad_fn=<MulBackward0>)
tensor(1.6195, device='cuda:0', grad_fn=<MulBackward0>)
tensor(1.2626, device='cuda:0', grad_fn=<MulBackward0>)
tensor(1.8468, device='cuda:0', grad_fn=<MulBackward0>)
{'loss': 3.8494, 'learning_rate': 7.347357813929455e-06, 'epoch': 8.2}
tensor(1.1642, device='cuda:0', grad_fn=<MulBackward0>)
tensor(1.8590, device='cuda:0', grad_fn=<MulBackward0>)
tensor(1.1422, device='cuda:0', grad_fn=<MulBackward0>)
tensor(1.9016, device='cuda:0', grad_fn=<MulBackward0>)
tensor(1.7264, device='cuda:0', grad_fn=<MulBackward0>)
tensor(1.9295, device='cuda:0', grad_fn=<MulBackward0>)
tensor(1.9932, device='cuda:0', grad_fn=<MulBackward0>)
tensor(1.2635, device='cuda:0', grad_fn=<MulBackward0>)
tensor(1.6214, device='cuda:0', grad_fn=<MulBackward0>)
tensor(1.5292, device='cuda:0', grad_fn=<MulBackward0>)
{'loss': 3.3841, 'learning_rate': 7.269952498697734e-06, 'epoch': 8.3}
tensor(1.8485, device='cuda:0', grad_fn=<MulBackward0>)
tensor(1.4519, device='cuda:0', grad_fn=<MulBackward0>)
tensor(1.1947, device='cuda:0', grad_fn=<MulBackward0>)
tensor(1.3117, device='cuda:0', grad_fn=<MulBackward0>)
tensor(1.5804, device='cuda:0', grad_fn=<MulBackward0>)
tensor(1.5684, device='cuda:0', grad_fn=<MulBackward0>)
tensor(1.8498, device='cuda:0', grad_fn=<MulBackward0>)
tensor(1.1247, device='cuda:0', grad_fn=<MulBackward0>)
tensor(1.2335, device='cuda:0', grad_fn=<MulBackward0>)
tensor(1.4012, device='cuda:0', grad_fn=<MulBackward0>)
{'loss': 3.7869, 'learning_rate': 7.191855733945388e-06, 'epoch': 8.4}
tensor(1.1907, device='cuda:0', grad_fn=<MulBackward0>)
tensor(1.4479, device='cuda:0', grad_fn=<MulBackward0>)
tensor(1.1803, device='cuda:0', grad_fn=<MulBackward0>)
tensor(1.3064, device='cuda:0', grad_fn=<MulBackward0>)
tensor(1.2473, device='cuda:0', grad_fn=<MulBackward0>)
tensor(1.4356, device='cuda:0', grad_fn=<MulBackward0>)
tensor(1.3959, device='cuda:0', grad_fn=<MulBackward0>)
tensor(1.8539, device='cuda:0', grad_fn=<MulBackward0>)
tensor(1.1799, device='cuda:0', grad_fn=<MulBackward0>)
tensor(1.6336, device='cuda:0', grad_fn=<MulBackward0>)
{'loss': 3.4702, 'learning_rate': 7.113091308703498e-06, 'epoch': 8.5}
tensor(1.7223, device='cuda:0', grad_fn=<MulBackward0>)
tensor(1.6493, device='cuda:0', grad_fn=<MulBackward0>)
tensor(1.6669, device='cuda:0', grad_fn=<MulBackward0>)
tensor(1.5363, device='cuda:0', grad_fn=<MulBackward0>)
tensor(2.0216, device='cuda:0', grad_fn=<MulBackward0>)
tensor(1.3915, device='cuda:0', grad_fn=<MulBackward0>)
tensor(1.2271, device='cuda:0', grad_fn=<MulBackward0>)
tensor(1.2634, device='cuda:0', grad_fn=<MulBackward0>)
tensor(1.3968, device='cuda:0', grad_fn=<MulBackward0>)
tensor(1.8405, device='cuda:0', grad_fn=<MulBackward0>)
{'loss': 3.6392, 'learning_rate': 7.033683215379002e-06, 'epoch': 8.6}
tensor(1.3129, device='cuda:0', grad_fn=<MulBackward0>)
tensor(1.4817, device='cuda:0', grad_fn=<MulBackward0>)
tensor(1.5900, device='cuda:0', grad_fn=<MulBackward0>)
tensor(1.3119, device='cuda:0', grad_fn=<MulBackward0>)
tensor(1.5495, device='cuda:0', grad_fn=<MulBackward0>)
tensor(1.3718, device='cuda:0', grad_fn=<MulBackward0>)
tensor(1.2419, device='cuda:0', grad_fn=<MulBackward0>)
tensor(2.0479, device='cuda:0', grad_fn=<MulBackward0>)
tensor(1.4921, device='cuda:0', grad_fn=<MulBackward0>)
tensor(1.5825, device='cuda:0', grad_fn=<MulBackward0>)
{'loss': 3.399, 'learning_rate': 6.953655642446368e-06, 'epoch': 8.7}
tensor(1.4414, device='cuda:0', grad_fn=<MulBackward0>)
tensor(1.2136, device='cuda:0', grad_fn=<MulBackward0>)
tensor(1.6168, device='cuda:0', grad_fn=<MulBackward0>)
tensor(1.4750, device='cuda:0', grad_fn=<MulBackward0>)
tensor(1.5196, device='cuda:0', grad_fn=<MulBackward0>)
tensor(1.3127, device='cuda:0', grad_fn=<MulBackward0>)
tensor(1.4355, device='cuda:0', grad_fn=<MulBackward0>)
tensor(1.7034, device='cuda:0', grad_fn=<MulBackward0>)
tensor(1.2537, device='cuda:0', grad_fn=<MulBackward0>)
tensor(1.4210, device='cuda:0', grad_fn=<MulBackward0>)
{'loss': 3.7207, 'learning_rate': 6.873032967079562e-06, 'epoch': 8.8}
tensor(1.2539, device='cuda:0', grad_fn=<MulBackward0>)
tensor(1.5143, device='cuda:0', grad_fn=<MulBackward0>)
tensor(1.7448, device='cuda:0', grad_fn=<MulBackward0>)
tensor(1.9506, device='cuda:0', grad_fn=<MulBackward0>)
tensor(1.2331, device='cuda:0', grad_fn=<MulBackward0>)
tensor(1.1533, device='cuda:0', grad_fn=<MulBackward0>)
tensor(1.9262, device='cuda:0', grad_fn=<MulBackward0>)
tensor(1.3673, device='cuda:0', grad_fn=<MulBackward0>)
tensor(1.3024, device='cuda:0', grad_fn=<MulBackward0>)
tensor(1.2306, device='cuda:0', grad_fn=<MulBackward0>)
{'loss': 3.0006, 'learning_rate': 6.7918397477265e-06, 'epoch': 8.9}
tensor(1.3230, device='cuda:0', grad_fn=<MulBackward0>)
tensor(1.7478, device='cuda:0', grad_fn=<MulBackward0>)
tensor(2.0621, device='cuda:0', grad_fn=<MulBackward0>)
tensor(1.5526, device='cuda:0', grad_fn=<MulBackward0>)
tensor(1.7703, device='cuda:0', grad_fn=<MulBackward0>)
tensor(1.3240, device='cuda:0', grad_fn=<MulBackward0>)
tensor(1.7372, device='cuda:0', grad_fn=<MulBackward0>)
tensor(1.1860, device='cuda:0', grad_fn=<MulBackward0>)
tensor(1.5334, device='cuda:0', grad_fn=<MulBackward0>)
tensor(1.3136, device='cuda:0', grad_fn=<MulBackward0>)
{'loss': 3.8909, 'learning_rate': 6.710100716628345e-06, 'epoch': 9.0}
tensor(1.2966, device='cuda:0', grad_fn=<MulBackward0>)
tensor(1.4844, device='cuda:0', grad_fn=<MulBackward0>)
tensor(2.0343, device='cuda:0', grad_fn=<MulBackward0>)
tensor(1.8115, device='cuda:0', grad_fn=<MulBackward0>)
tensor(1.2639, device='cuda:0', grad_fn=<MulBackward0>)
tensor(1.4595, device='cuda:0', grad_fn=<MulBackward0>)
tensor(1.7911, device='cuda:0', grad_fn=<MulBackward0>)
tensor(1.3168, device='cuda:0', grad_fn=<MulBackward0>)
tensor(1.3264, device='cuda:0', grad_fn=<MulBackward0>)
tensor(1.3113, device='cuda:0', grad_fn=<MulBackward0>)
{'loss': 3.5214, 'learning_rate': 6.627840772285784e-06, 'epoch': 9.1}
tensor(1.6785, device='cuda:0', grad_fn=<MulBackward0>)
tensor(1.5263, device='cuda:0', grad_fn=<MulBackward0>)
tensor(1.2514, device='cuda:0', grad_fn=<MulBackward0>)
tensor(1.3675, device='cuda:0', grad_fn=<MulBackward0>)
tensor(1.4792, device='cuda:0', grad_fn=<MulBackward0>)
tensor(1.8790, device='cuda:0', grad_fn=<MulBackward0>)
tensor(1.4759, device='cuda:0', grad_fn=<MulBackward0>)
tensor(1.7905, device='cuda:0', grad_fn=<MulBackward0>)
tensor(1.3228, device='cuda:0', grad_fn=<MulBackward0>)
tensor(1.3304, device='cuda:0', grad_fn=<MulBackward0>)
{'loss': 3.9357, 'learning_rate': 6.545084971874738e-06, 'epoch': 9.2}
tensor(1.4513, device='cuda:0', grad_fn=<MulBackward0>)
tensor(1.4157, device='cuda:0', grad_fn=<MulBackward0>)
tensor(1.5887, device='cuda:0', grad_fn=<MulBackward0>)
tensor(1.3453, device='cuda:0', grad_fn=<MulBackward0>)
tensor(1.3749, device='cuda:0', grad_fn=<MulBackward0>)
tensor(1.1675, device='cuda:0', grad_fn=<MulBackward0>)
tensor(1.2855, device='cuda:0', grad_fn=<MulBackward0>)
tensor(1.5863, device='cuda:0', grad_fn=<MulBackward0>)
tensor(1.2085, device='cuda:0', grad_fn=<MulBackward0>)
tensor(1.4447, device='cuda:0', grad_fn=<MulBackward0>)
{'loss': 3.7265, 'learning_rate': 6.461858523613684e-06, 'epoch': 9.3}
tensor(1.2489, device='cuda:0', grad_fn=<MulBackward0>)
tensor(1.3446, device='cuda:0', grad_fn=<MulBackward0>)
tensor(1.5947, device='cuda:0', grad_fn=<MulBackward0>)
tensor(2.1873, device='cuda:0', grad_fn=<MulBackward0>)
tensor(1.5934, device='cuda:0', grad_fn=<MulBackward0>)
tensor(1.4727, device='cuda:0', grad_fn=<MulBackward0>)
tensor(2.2398, device='cuda:0', grad_fn=<MulBackward0>)
tensor(1.6743, device='cuda:0', grad_fn=<MulBackward0>)
tensor(1.2535, device='cuda:0', grad_fn=<MulBackward0>)
tensor(1.2419, device='cuda:0', grad_fn=<MulBackward0>)
{'loss': 2.8734, 'learning_rate': 6.378186779084996e-06, 'epoch': 9.4}
tensor(3.1828, device='cuda:0', grad_fn=<MulBackward0>)
tensor(2.8106, device='cuda:0', grad_fn=<MulBackward0>)
tensor(2.2651, device='cuda:0', grad_fn=<MulBackward0>)
tensor(1.8801, device='cuda:0', grad_fn=<MulBackward0>)
tensor(1.7395, device='cuda:0', grad_fn=<MulBackward0>)
tensor(1.5810, device='cuda:0', grad_fn=<MulBackward0>)
tensor(1.7473, device='cuda:0', grad_fn=<MulBackward0>)
tensor(2.7267, device='cuda:0', grad_fn=<MulBackward0>)
tensor(1.6634, device='cuda:0', grad_fn=<MulBackward0>)
tensor(1.2814, device='cuda:0', grad_fn=<MulBackward0>)
{'loss': 4.7352, 'learning_rate': 6.294095225512604e-06, 'epoch': 9.5}
tensor(1.7654, device='cuda:0', grad_fn=<MulBackward0>)
tensor(2.0258, device='cuda:0', grad_fn=<MulBackward0>)
tensor(1.3534, device='cuda:0', grad_fn=<MulBackward0>)
tensor(1.2561, device='cuda:0', grad_fn=<MulBackward0>)
tensor(1.2914, device='cuda:0', grad_fn=<MulBackward0>)
tensor(1.9407, device='cuda:0', grad_fn=<MulBackward0>)
tensor(1.3922, device='cuda:0', grad_fn=<MulBackward0>)
tensor(1.2261, device='cuda:0', grad_fn=<MulBackward0>)
tensor(1.9680, device='cuda:0', grad_fn=<MulBackward0>)
tensor(1.4004, device='cuda:0', grad_fn=<MulBackward0>)
{'loss': 3.2252, 'learning_rate': 6.209609477998339e-06, 'epoch': 9.6}
tensor(1.4481, device='cuda:0', grad_fn=<MulBackward0>)
tensor(1.3058, device='cuda:0', grad_fn=<MulBackward0>)
tensor(2.3280, device='cuda:0', grad_fn=<MulBackward0>)
tensor(1.4314, device='cuda:0', grad_fn=<MulBackward0>)
tensor(1.2422, device='cuda:0', grad_fn=<MulBackward0>)
tensor(1.4788, device='cuda:0', grad_fn=<MulBackward0>)
tensor(1.5786, device='cuda:0', grad_fn=<MulBackward0>)
tensor(1.6638, device='cuda:0', grad_fn=<MulBackward0>)
tensor(1.2807, device='cuda:0', grad_fn=<MulBackward0>)
tensor(2.0665, device='cuda:0', grad_fn=<MulBackward0>)
{'loss': 4.0645, 'learning_rate': 6.124755271719326e-06, 'epoch': 9.7}
tensor(2.0122, device='cuda:0', grad_fn=<MulBackward0>)
tensor(1.5336, device='cuda:0', grad_fn=<MulBackward0>)
tensor(1.6950, device='cuda:0', grad_fn=<MulBackward0>)
tensor(1.7597, device='cuda:0', grad_fn=<MulBackward0>)
tensor(1.6868, device='cuda:0', grad_fn=<MulBackward0>)
tensor(1.6290, device='cuda:0', grad_fn=<MulBackward0>)
tensor(1.3459, device='cuda:0', grad_fn=<MulBackward0>)
tensor(1.3710, device='cuda:0', grad_fn=<MulBackward0>)
tensor(1.2395, device='cuda:0', grad_fn=<MulBackward0>)
tensor(1.6619, device='cuda:0', grad_fn=<MulBackward0>)
{'loss': 3.6762, 'learning_rate': 6.039558454088796e-06, 'epoch': 9.8}
tensor(1.3769, device='cuda:0', grad_fn=<MulBackward0>)
tensor(1.3247, device='cuda:0', grad_fn=<MulBackward0>)
tensor(1.8399, device='cuda:0', grad_fn=<MulBackward0>)
tensor(1.4215, device='cuda:0', grad_fn=<MulBackward0>)
tensor(1.1974, device='cuda:0', grad_fn=<MulBackward0>)
tensor(1.5380, device='cuda:0', grad_fn=<MulBackward0>)
tensor(1.4298, device='cuda:0', grad_fn=<MulBackward0>)
tensor(1.3012, device='cuda:0', grad_fn=<MulBackward0>)
tensor(1.3242, device='cuda:0', grad_fn=<MulBackward0>)
tensor(1.7084, device='cuda:0', grad_fn=<MulBackward0>)
{'loss': 3.0992, 'learning_rate': 5.954044976882725e-06, 'epoch': 9.9}
tensor(1.9157, device='cuda:0', grad_fn=<MulBackward0>)
tensor(1.4474, device='cuda:0', grad_fn=<MulBackward0>)
tensor(1.5782, device='cuda:0', grad_fn=<MulBackward0>)
tensor(1.3302, device='cuda:0', grad_fn=<MulBackward0>)
tensor(1.7971, device='cuda:0', grad_fn=<MulBackward0>)
tensor(1.5166, device='cuda:0', grad_fn=<MulBackward0>)
tensor(1.6533, device='cuda:0', grad_fn=<MulBackward0>)
tensor(1.5590, device='cuda:0', grad_fn=<MulBackward0>)
tensor(1.2284, device='cuda:0', grad_fn=<MulBackward0>)
tensor(2.5920, device='cuda:0', grad_fn=<MulBackward0>)
{'loss': 3.4417, 'learning_rate': 5.8682408883346535e-06, 'epoch': 10.0}
{'eval_loss': 0.009948552586138248, 'eval_runtime': 46.3559, 'eval_samples_per_second': 43.144, 'eval_steps_per_second': 8.629, 'epoch': 10.0}
Hidden layer drift is: 4864.0
tensor(1.7384, device='cuda:0', grad_fn=<MulBackward0>)
tensor(1.4194, device='cuda:0', grad_fn=<MulBackward0>)
tensor(1.5024, device='cuda:0', grad_fn=<MulBackward0>)
tensor(1.5050, device='cuda:0', grad_fn=<MulBackward0>)
tensor(2.0215, device='cuda:0', grad_fn=<MulBackward0>)
tensor(1.1960, device='cuda:0', grad_fn=<MulBackward0>)
tensor(1.7810, device='cuda:0', grad_fn=<MulBackward0>)
tensor(2.2454, device='cuda:0', grad_fn=<MulBackward0>)
tensor(1.1232, device='cuda:0', grad_fn=<MulBackward0>)
tensor(1.3398, device='cuda:0', grad_fn=<MulBackward0>)
{'loss': 4.0607, 'learning_rate': 5.782172325201155e-06, 'epoch': 10.1}
tensor(1.6821, device='cuda:0', grad_fn=<MulBackward0>)
tensor(1.2784, device='cuda:0', grad_fn=<MulBackward0>)
tensor(1.2610, device='cuda:0', grad_fn=<MulBackward0>)
tensor(1.4715, device='cuda:0', grad_fn=<MulBackward0>)
tensor(1.4512, device='cuda:0', grad_fn=<MulBackward0>)
tensor(1.2580, device='cuda:0', grad_fn=<MulBackward0>)
tensor(1.3171, device='cuda:0', grad_fn=<MulBackward0>)
tensor(1.3142, device='cuda:0', grad_fn=<MulBackward0>)
tensor(2.8434, device='cuda:0', grad_fn=<MulBackward0>)
tensor(1.5313, device='cuda:0', grad_fn=<MulBackward0>)
{'loss': 3.4491, 'learning_rate': 5.695865504800328e-06, 'epoch': 10.2}
tensor(1.2196, device='cuda:0', grad_fn=<MulBackward0>)
tensor(1.6886, device='cuda:0', grad_fn=<MulBackward0>)
tensor(1.9376, device='cuda:0', grad_fn=<MulBackward0>)
tensor(1.3902, device='cuda:0', grad_fn=<MulBackward0>)
tensor(1.6871, device='cuda:0', grad_fn=<MulBackward0>)
tensor(1.3361, device='cuda:0', grad_fn=<MulBackward0>)
tensor(1.3120, device='cuda:0', grad_fn=<MulBackward0>)
tensor(1.2739, device='cuda:0', grad_fn=<MulBackward0>)
tensor(1.2316, device='cuda:0', grad_fn=<MulBackward0>)
tensor(2.0124, device='cuda:0', grad_fn=<MulBackward0>)
{'loss': 3.4731, 'learning_rate': 5.609346717025738e-06, 'epoch': 10.3}
tensor(1.8255, device='cuda:0', grad_fn=<MulBackward0>)
tensor(1.7474, device='cuda:0', grad_fn=<MulBackward0>)
tensor(1.2492, device='cuda:0', grad_fn=<MulBackward0>)
tensor(1.4495, device='cuda:0', grad_fn=<MulBackward0>)
tensor(1.5437, device='cuda:0', grad_fn=<MulBackward0>)
tensor(2.1758, device='cuda:0', grad_fn=<MulBackward0>)
tensor(1.4979, device='cuda:0', grad_fn=<MulBackward0>)
tensor(2.8483, device='cuda:0', grad_fn=<MulBackward0>)
tensor(1.6858, device='cuda:0', grad_fn=<MulBackward0>)
tensor(1.6732, device='cuda:0', grad_fn=<MulBackward0>)
{'loss': 4.263, 'learning_rate': 5.522642316338268e-06, 'epoch': 10.4}
tensor(1.4882, device='cuda:0', grad_fn=<MulBackward0>)
tensor(1.1473, device='cuda:0', grad_fn=<MulBackward0>)
tensor(1.5645, device='cuda:0', grad_fn=<MulBackward0>)
tensor(1.4760, device='cuda:0', grad_fn=<MulBackward0>)
tensor(1.3537, device='cuda:0', grad_fn=<MulBackward0>)
tensor(1.7160, device='cuda:0', grad_fn=<MulBackward0>)
tensor(1.3575, device='cuda:0', grad_fn=<MulBackward0>)
tensor(1.1671, device='cuda:0', grad_fn=<MulBackward0>)
tensor(1.5927, device='cuda:0', grad_fn=<MulBackward0>)
tensor(1.2700, device='cuda:0', grad_fn=<MulBackward0>)
{'loss': 3.1706, 'learning_rate': 5.435778713738292e-06, 'epoch': 10.5}
tensor(1.5206, device='cuda:0', grad_fn=<MulBackward0>)
tensor(1.5685, device='cuda:0', grad_fn=<MulBackward0>)
tensor(1.1892, device='cuda:0', grad_fn=<MulBackward0>)
tensor(1.8591, device='cuda:0', grad_fn=<MulBackward0>)
tensor(1.4405, device='cuda:0', grad_fn=<MulBackward0>)
tensor(1.4656, device='cuda:0', grad_fn=<MulBackward0>)
tensor(1.4536, device='cuda:0', grad_fn=<MulBackward0>)
tensor(1.7954, device='cuda:0', grad_fn=<MulBackward0>)
tensor(1.4749, device='cuda:0', grad_fn=<MulBackward0>)
tensor(1.5149, device='cuda:0', grad_fn=<MulBackward0>)
{'loss': 4.0318, 'learning_rate': 5.348782368720627e-06, 'epoch': 10.6}
tensor(1.2525, device='cuda:0', grad_fn=<MulBackward0>)
tensor(1.4897, device='cuda:0', grad_fn=<MulBackward0>)
tensor(1.4942, device='cuda:0', grad_fn=<MulBackward0>)
tensor(1.1335, device='cuda:0', grad_fn=<MulBackward0>)
tensor(1.3771, device='cuda:0', grad_fn=<MulBackward0>)
tensor(1.3260, device='cuda:0', grad_fn=<MulBackward0>)
tensor(1.6222, device='cuda:0', grad_fn=<MulBackward0>)
tensor(1.6253, device='cuda:0', grad_fn=<MulBackward0>)
tensor(1.4540, device='cuda:0', grad_fn=<MulBackward0>)
tensor(1.4008, device='cuda:0', grad_fn=<MulBackward0>)
{'loss': 2.7437, 'learning_rate': 5.2616797812147205e-06, 'epoch': 10.7}
tensor(1.3233, device='cuda:0', grad_fn=<MulBackward0>)
tensor(3.5145, device='cuda:0', grad_fn=<MulBackward0>)
tensor(1.6551, device='cuda:0', grad_fn=<MulBackward0>)
tensor(1.5867, device='cuda:0', grad_fn=<MulBackward0>)
tensor(3.1475, device='cuda:0', grad_fn=<MulBackward0>)
tensor(1.2168, device='cuda:0', grad_fn=<MulBackward0>)
tensor(1.9850, device='cuda:0', grad_fn=<MulBackward0>)
tensor(1.6652, device='cuda:0', grad_fn=<MulBackward0>)
tensor(1.3476, device='cuda:0', grad_fn=<MulBackward0>)
tensor(1.3479, device='cuda:0', grad_fn=<MulBackward0>)
{'loss': 3.4953, 'learning_rate': 5.174497483512506e-06, 'epoch': 10.8}
tensor(1.3299, device='cuda:0', grad_fn=<MulBackward0>)
tensor(1.8779, device='cuda:0', grad_fn=<MulBackward0>)
tensor(1.9579, device='cuda:0', grad_fn=<MulBackward0>)
tensor(1.5213, device='cuda:0', grad_fn=<MulBackward0>)
tensor(1.4503, device='cuda:0', grad_fn=<MulBackward0>)
tensor(1.4544, device='cuda:0', grad_fn=<MulBackward0>)
tensor(1.2316, device='cuda:0', grad_fn=<MulBackward0>)
tensor(1.4787, device='cuda:0', grad_fn=<MulBackward0>)
tensor(1.5175, device='cuda:0', grad_fn=<MulBackward0>)
tensor(2.0797, device='cuda:0', grad_fn=<MulBackward0>)
{'loss': 3.7489, 'learning_rate': 5.087262032186418e-06, 'epoch': 10.9}
tensor(1.3749, device='cuda:0', grad_fn=<MulBackward0>)
tensor(1.3061, device='cuda:0', grad_fn=<MulBackward0>)
tensor(1.3485, device='cuda:0', grad_fn=<MulBackward0>)
tensor(1.5555, device='cuda:0', grad_fn=<MulBackward0>)
tensor(1.3687, device='cuda:0', grad_fn=<MulBackward0>)
tensor(1.8252, device='cuda:0', grad_fn=<MulBackward0>)
tensor(1.9750, device='cuda:0', grad_fn=<MulBackward0>)
tensor(1.4701, device='cuda:0', grad_fn=<MulBackward0>)
tensor(2.3234, device='cuda:0', grad_fn=<MulBackward0>)
tensor(1.1667, device='cuda:0', grad_fn=<MulBackward0>)
{'loss': 3.1923, 'learning_rate': 5e-06, 'epoch': 11.0}
tensor(1.8323, device='cuda:0', grad_fn=<MulBackward0>)
tensor(1.2629, device='cuda:0', grad_fn=<MulBackward0>)
tensor(1.6047, device='cuda:0', grad_fn=<MulBackward0>)
tensor(1.5162, device='cuda:0', grad_fn=<MulBackward0>)
tensor(2.3292, device='cuda:0', grad_fn=<MulBackward0>)
tensor(1.3931, device='cuda:0', grad_fn=<MulBackward0>)
tensor(2.3563, device='cuda:0', grad_fn=<MulBackward0>)
tensor(1.1430, device='cuda:0', grad_fn=<MulBackward0>)
tensor(1.4843, device='cuda:0', grad_fn=<MulBackward0>)
tensor(1.6749, device='cuda:0', grad_fn=<MulBackward0>)
{'loss': 3.8219, 'learning_rate': 4.9127379678135825e-06, 'epoch': 11.1}
tensor(1.7302, device='cuda:0', grad_fn=<MulBackward0>)
tensor(1.4005, device='cuda:0', grad_fn=<MulBackward0>)
tensor(2.8796, device='cuda:0', grad_fn=<MulBackward0>)
tensor(1.3862, device='cuda:0', grad_fn=<MulBackward0>)
tensor(1.2111, device='cuda:0', grad_fn=<MulBackward0>)
tensor(1.5597, device='cuda:0', grad_fn=<MulBackward0>)
tensor(1.6851, device='cuda:0', grad_fn=<MulBackward0>)
tensor(1.5800, device='cuda:0', grad_fn=<MulBackward0>)
tensor(1.2735, device='cuda:0', grad_fn=<MulBackward0>)
tensor(1.8348, device='cuda:0', grad_fn=<MulBackward0>)
{'loss': 3.86, 'learning_rate': 4.825502516487497e-06, 'epoch': 11.2}
tensor(1.3240, device='cuda:0', grad_fn=<MulBackward0>)
tensor(1.1898, device='cuda:0', grad_fn=<MulBackward0>)
tensor(1.3793, device='cuda:0', grad_fn=<MulBackward0>)
tensor(1.4836, device='cuda:0', grad_fn=<MulBackward0>)
tensor(1.9055, device='cuda:0', grad_fn=<MulBackward0>)
tensor(1.1848, device='cuda:0', grad_fn=<MulBackward0>)
tensor(1.2858, device='cuda:0', grad_fn=<MulBackward0>)
tensor(1.3814, device='cuda:0', grad_fn=<MulBackward0>)
tensor(1.4227, device='cuda:0', grad_fn=<MulBackward0>)
tensor(1.1990, device='cuda:0', grad_fn=<MulBackward0>)
{'loss': 3.3551, 'learning_rate': 4.738320218785281e-06, 'epoch': 11.3}
tensor(1.2770, device='cuda:0', grad_fn=<MulBackward0>)
tensor(1.4842, device='cuda:0', grad_fn=<MulBackward0>)
tensor(1.3268, device='cuda:0', grad_fn=<MulBackward0>)
tensor(1.8333, device='cuda:0', grad_fn=<MulBackward0>)
tensor(1.6394, device='cuda:0', grad_fn=<MulBackward0>)
tensor(2.6787, device='cuda:0', grad_fn=<MulBackward0>)
tensor(1.6747, device='cuda:0', grad_fn=<MulBackward0>)
tensor(1.2562, device='cuda:0', grad_fn=<MulBackward0>)
tensor(1.4621, device='cuda:0', grad_fn=<MulBackward0>)
tensor(1.1910, device='cuda:0', grad_fn=<MulBackward0>)
{'loss': 3.6806, 'learning_rate': 4.651217631279374e-06, 'epoch': 11.4}
tensor(1.9672, device='cuda:0', grad_fn=<MulBackward0>)
tensor(1.5243, device='cuda:0', grad_fn=<MulBackward0>)
tensor(1.4701, device='cuda:0', grad_fn=<MulBackward0>)
tensor(1.5233, device='cuda:0', grad_fn=<MulBackward0>)
tensor(1.6440, device='cuda:0', grad_fn=<MulBackward0>)
tensor(1.3561, device='cuda:0', grad_fn=<MulBackward0>)
tensor(1.4996, device='cuda:0', grad_fn=<MulBackward0>)
tensor(1.7205, device='cuda:0', grad_fn=<MulBackward0>)
tensor(1.5360, device='cuda:0', grad_fn=<MulBackward0>)
tensor(1.6340, device='cuda:0', grad_fn=<MulBackward0>)
{'loss': 3.9818, 'learning_rate': 4.564221286261709e-06, 'epoch': 11.5}
tensor(1.5081, device='cuda:0', grad_fn=<MulBackward0>)
tensor(1.3925, device='cuda:0', grad_fn=<MulBackward0>)
tensor(1.6000, device='cuda:0', grad_fn=<MulBackward0>)
tensor(1.4699, device='cuda:0', grad_fn=<MulBackward0>)
tensor(1.6038, device='cuda:0', grad_fn=<MulBackward0>)
tensor(1.3636, device='cuda:0', grad_fn=<MulBackward0>)
tensor(1.2511, device='cuda:0', grad_fn=<MulBackward0>)
tensor(1.5232, device='cuda:0', grad_fn=<MulBackward0>)
tensor(1.5058, device='cuda:0', grad_fn=<MulBackward0>)
tensor(1.4251, device='cuda:0', grad_fn=<MulBackward0>)
{'loss': 3.5601, 'learning_rate': 4.477357683661734e-06, 'epoch': 11.6}
tensor(1.2482, device='cuda:0', grad_fn=<MulBackward0>)
tensor(1.5643, device='cuda:0', grad_fn=<MulBackward0>)
tensor(1.4328, device='cuda:0', grad_fn=<MulBackward0>)
tensor(1.1198, device='cuda:0', grad_fn=<MulBackward0>)
tensor(1.4484, device='cuda:0', grad_fn=<MulBackward0>)
tensor(1.4562, device='cuda:0', grad_fn=<MulBackward0>)
tensor(1.3804, device='cuda:0', grad_fn=<MulBackward0>)
tensor(1.4458, device='cuda:0', grad_fn=<MulBackward0>)
tensor(1.5297, device='cuda:0', grad_fn=<MulBackward0>)
tensor(1.6956, device='cuda:0', grad_fn=<MulBackward0>)
{'loss': 3.4642, 'learning_rate': 4.390653282974264e-06, 'epoch': 11.7}
tensor(1.2578, device='cuda:0', grad_fn=<MulBackward0>)
tensor(1.3865, device='cuda:0', grad_fn=<MulBackward0>)
tensor(1.4093, device='cuda:0', grad_fn=<MulBackward0>)
tensor(1.2704, device='cuda:0', grad_fn=<MulBackward0>)
tensor(2.0399, device='cuda:0', grad_fn=<MulBackward0>)
tensor(1.4759, device='cuda:0', grad_fn=<MulBackward0>)
tensor(1.2575, device='cuda:0', grad_fn=<MulBackward0>)
tensor(1.4271, device='cuda:0', grad_fn=<MulBackward0>)
tensor(1.6115, device='cuda:0', grad_fn=<MulBackward0>)
tensor(1.2586, device='cuda:0', grad_fn=<MulBackward0>)
{'loss': 2.8248, 'learning_rate': 4.304134495199675e-06, 'epoch': 11.8}
tensor(1.3293, device='cuda:0', grad_fn=<MulBackward0>)
tensor(1.3965, device='cuda:0', grad_fn=<MulBackward0>)
tensor(1.4175, device='cuda:0', grad_fn=<MulBackward0>)
tensor(1.3371, device='cuda:0', grad_fn=<MulBackward0>)
tensor(1.4539, device='cuda:0', grad_fn=<MulBackward0>)
tensor(1.6429, device='cuda:0', grad_fn=<MulBackward0>)
tensor(1.8191, device='cuda:0', grad_fn=<MulBackward0>)
tensor(2.1167, device='cuda:0', grad_fn=<MulBackward0>)
tensor(1.3234, device='cuda:0', grad_fn=<MulBackward0>)
tensor(1.3474, device='cuda:0', grad_fn=<MulBackward0>)
{'loss': 3.3225, 'learning_rate': 4.217827674798845e-06, 'epoch': 11.9}
tensor(2.0827, device='cuda:0', grad_fn=<MulBackward0>)
tensor(1.4812, device='cuda:0', grad_fn=<MulBackward0>)
tensor(1.9291, device='cuda:0', grad_fn=<MulBackward0>)
tensor(2.5752, device='cuda:0', grad_fn=<MulBackward0>)
tensor(1.3905, device='cuda:0', grad_fn=<MulBackward0>)
tensor(1.8159, device='cuda:0', grad_fn=<MulBackward0>)
tensor(1.3838, device='cuda:0', grad_fn=<MulBackward0>)
tensor(1.7964, device='cuda:0', grad_fn=<MulBackward0>)
tensor(2.4895, device='cuda:0', grad_fn=<MulBackward0>)
tensor(1.4201, device='cuda:0', grad_fn=<MulBackward0>)
{'loss': 3.5671, 'learning_rate': 4.131759111665349e-06, 'epoch': 12.0}
tensor(1.5104, device='cuda:0', grad_fn=<MulBackward0>)
tensor(1.7358, device='cuda:0', grad_fn=<MulBackward0>)
tensor(1.3962, device='cuda:0', grad_fn=<MulBackward0>)
tensor(1.9963, device='cuda:0', grad_fn=<MulBackward0>)
tensor(1.8288, device='cuda:0', grad_fn=<MulBackward0>)
tensor(1.1913, device='cuda:0', grad_fn=<MulBackward0>)
tensor(2.0089, device='cuda:0', grad_fn=<MulBackward0>)
tensor(1.8632, device='cuda:0', grad_fn=<MulBackward0>)
tensor(1.6416, device='cuda:0', grad_fn=<MulBackward0>)
tensor(1.4977, device='cuda:0', grad_fn=<MulBackward0>)
{'loss': 3.9104, 'learning_rate': 4.045955023117276e-06, 'epoch': 12.1}
tensor(1.5812, device='cuda:0', grad_fn=<MulBackward0>)
tensor(2.1587, device='cuda:0', grad_fn=<MulBackward0>)
tensor(1.3418, device='cuda:0', grad_fn=<MulBackward0>)
tensor(1.4511, device='cuda:0', grad_fn=<MulBackward0>)
tensor(1.2695, device='cuda:0', grad_fn=<MulBackward0>)
tensor(1.7134, device='cuda:0', grad_fn=<MulBackward0>)
tensor(5.0418, device='cuda:0', grad_fn=<MulBackward0>)
tensor(1.4842, device='cuda:0', grad_fn=<MulBackward0>)
tensor(1.3424, device='cuda:0', grad_fn=<MulBackward0>)
tensor(1.7504, device='cuda:0', grad_fn=<MulBackward0>)
{'loss': 3.9537, 'learning_rate': 3.960441545911205e-06, 'epoch': 12.2}
tensor(1.5448, device='cuda:0', grad_fn=<MulBackward0>)
tensor(1.1847, device='cuda:0', grad_fn=<MulBackward0>)
tensor(1.3844, device='cuda:0', grad_fn=<MulBackward0>)
tensor(1.5449, device='cuda:0', grad_fn=<MulBackward0>)
tensor(1.1715, device='cuda:0', grad_fn=<MulBackward0>)
tensor(1.3886, device='cuda:0', grad_fn=<MulBackward0>)
tensor(1.2202, device='cuda:0', grad_fn=<MulBackward0>)
tensor(1.4587, device='cuda:0', grad_fn=<MulBackward0>)
tensor(1.5045, device='cuda:0', grad_fn=<MulBackward0>)
tensor(1.3953, device='cuda:0', grad_fn=<MulBackward0>)
{'loss': 3.3231, 'learning_rate': 3.875244728280676e-06, 'epoch': 12.3}
tensor(1.1492, device='cuda:0', grad_fn=<MulBackward0>)
tensor(1.3513, device='cuda:0', grad_fn=<MulBackward0>)
tensor(1.7069, device='cuda:0', grad_fn=<MulBackward0>)
tensor(1.5724, device='cuda:0', grad_fn=<MulBackward0>)
tensor(1.4176, device='cuda:0', grad_fn=<MulBackward0>)
tensor(2.4371, device='cuda:0', grad_fn=<MulBackward0>)
tensor(1.3228, device='cuda:0', grad_fn=<MulBackward0>)
tensor(1.2086, device='cuda:0', grad_fn=<MulBackward0>)
tensor(1.3503, device='cuda:0', grad_fn=<MulBackward0>)
tensor(1.7066, device='cuda:0', grad_fn=<MulBackward0>)
{'loss': 3.3297, 'learning_rate': 3.790390522001662e-06, 'epoch': 12.4}
tensor(1.4923, device='cuda:0', grad_fn=<MulBackward0>)
tensor(1.6792, device='cuda:0', grad_fn=<MulBackward0>)
tensor(1.5497, device='cuda:0', grad_fn=<MulBackward0>)
tensor(1.3561, device='cuda:0', grad_fn=<MulBackward0>)
tensor(1.5248, device='cuda:0', grad_fn=<MulBackward0>)
tensor(2.4959, device='cuda:0', grad_fn=<MulBackward0>)
tensor(1.5204, device='cuda:0', grad_fn=<MulBackward0>)
tensor(1.5332, device='cuda:0', grad_fn=<MulBackward0>)
tensor(1.3892, device='cuda:0', grad_fn=<MulBackward0>)
tensor(1.5956, device='cuda:0', grad_fn=<MulBackward0>)
{'loss': 3.2852, 'learning_rate': 3.705904774487396e-06, 'epoch': 12.5}
tensor(1.4520, device='cuda:0', grad_fn=<MulBackward0>)
tensor(1.2698, device='cuda:0', grad_fn=<MulBackward0>)
tensor(1.4109, device='cuda:0', grad_fn=<MulBackward0>)
tensor(1.7932, device='cuda:0', grad_fn=<MulBackward0>)
tensor(1.4259, device='cuda:0', grad_fn=<MulBackward0>)
tensor(1.2699, device='cuda:0', grad_fn=<MulBackward0>)
tensor(1.3930, device='cuda:0', grad_fn=<MulBackward0>)
tensor(1.3622, device='cuda:0', grad_fn=<MulBackward0>)
tensor(1.2782, device='cuda:0', grad_fn=<MulBackward0>)
tensor(1.1545, device='cuda:0', grad_fn=<MulBackward0>)
{'loss': 3.2934, 'learning_rate': 3.6218132209150047e-06, 'epoch': 12.6}
tensor(1.2792, device='cuda:0', grad_fn=<MulBackward0>)
tensor(1.4655, device='cuda:0', grad_fn=<MulBackward0>)
tensor(1.5437, device='cuda:0', grad_fn=<MulBackward0>)
tensor(1.8449, device='cuda:0', grad_fn=<MulBackward0>)
tensor(1.9433, device='cuda:0', grad_fn=<MulBackward0>)
tensor(1.4785, device='cuda:0', grad_fn=<MulBackward0>)
tensor(1.1508, device='cuda:0', grad_fn=<MulBackward0>)
tensor(1.6312, device='cuda:0', grad_fn=<MulBackward0>)
tensor(1.2942, device='cuda:0', grad_fn=<MulBackward0>)
tensor(1.3037, device='cuda:0', grad_fn=<MulBackward0>)
{'loss': 3.5944, 'learning_rate': 3.538141476386317e-06, 'epoch': 12.7}
tensor(1.4494, device='cuda:0', grad_fn=<MulBackward0>)
tensor(1.5381, device='cuda:0', grad_fn=<MulBackward0>)
tensor(1.8682, device='cuda:0', grad_fn=<MulBackward0>)
tensor(1.3612, device='cuda:0', grad_fn=<MulBackward0>)
tensor(1.8124, device='cuda:0', grad_fn=<MulBackward0>)
tensor(1.2955, device='cuda:0', grad_fn=<MulBackward0>)
tensor(1.3001, device='cuda:0', grad_fn=<MulBackward0>)
tensor(1.3343, device='cuda:0', grad_fn=<MulBackward0>)
tensor(2.2506, device='cuda:0', grad_fn=<MulBackward0>)
tensor(1.3963, device='cuda:0', grad_fn=<MulBackward0>)
{'loss': 4.0194, 'learning_rate': 3.4549150281252635e-06, 'epoch': 12.8}
tensor(1.3676, device='cuda:0', grad_fn=<MulBackward0>)
tensor(1.8258, device='cuda:0', grad_fn=<MulBackward0>)
tensor(3.1454, device='cuda:0', grad_fn=<MulBackward0>)
tensor(1.2471, device='cuda:0', grad_fn=<MulBackward0>)
tensor(1.3675, device='cuda:0', grad_fn=<MulBackward0>)
tensor(2.2134, device='cuda:0', grad_fn=<MulBackward0>)
tensor(2.1877, device='cuda:0', grad_fn=<MulBackward0>)
tensor(1.6084, device='cuda:0', grad_fn=<MulBackward0>)
tensor(1.3970, device='cuda:0', grad_fn=<MulBackward0>)
tensor(1.7702, device='cuda:0', grad_fn=<MulBackward0>)
{'loss': 3.6543, 'learning_rate': 3.372159227714218e-06, 'epoch': 12.9}
tensor(1.6244, device='cuda:0', grad_fn=<MulBackward0>)
tensor(1.5975, device='cuda:0', grad_fn=<MulBackward0>)
tensor(1.2802, device='cuda:0', grad_fn=<MulBackward0>)
tensor(1.2380, device='cuda:0', grad_fn=<MulBackward0>)
tensor(2.1103, device='cuda:0', grad_fn=<MulBackward0>)
tensor(1.4119, device='cuda:0', grad_fn=<MulBackward0>)
tensor(1.2064, device='cuda:0', grad_fn=<MulBackward0>)
tensor(1.4417, device='cuda:0', grad_fn=<MulBackward0>)
tensor(1.3428, device='cuda:0', grad_fn=<MulBackward0>)
tensor(1.2038, device='cuda:0', grad_fn=<MulBackward0>)
{'loss': 3.2004, 'learning_rate': 3.289899283371657e-06, 'epoch': 13.0}
tensor(2.0957, device='cuda:0', grad_fn=<MulBackward0>)
tensor(1.8600, device='cuda:0', grad_fn=<MulBackward0>)
tensor(1.7642, device='cuda:0', grad_fn=<MulBackward0>)
tensor(1.4125, device='cuda:0', grad_fn=<MulBackward0>)
tensor(1.3741, device='cuda:0', grad_fn=<MulBackward0>)
tensor(2.3269, device='cuda:0', grad_fn=<MulBackward0>)
tensor(1.5321, device='cuda:0', grad_fn=<MulBackward0>)
tensor(1.2580, device='cuda:0', grad_fn=<MulBackward0>)
tensor(2.1620, device='cuda:0', grad_fn=<MulBackward0>)
tensor(1.1735, device='cuda:0', grad_fn=<MulBackward0>)
{'loss': 3.3181, 'learning_rate': 3.2081602522734987e-06, 'epoch': 13.1}
tensor(1.3236, device='cuda:0', grad_fn=<MulBackward0>)
tensor(1.3071, device='cuda:0', grad_fn=<MulBackward0>)
tensor(1.4693, device='cuda:0', grad_fn=<MulBackward0>)
tensor(1.3489, device='cuda:0', grad_fn=<MulBackward0>)
tensor(1.4480, device='cuda:0', grad_fn=<MulBackward0>)
tensor(1.2976, device='cuda:0', grad_fn=<MulBackward0>)
tensor(1.4164, device='cuda:0', grad_fn=<MulBackward0>)
tensor(1.2716, device='cuda:0', grad_fn=<MulBackward0>)
tensor(1.2305, device='cuda:0', grad_fn=<MulBackward0>)
tensor(1.4620, device='cuda:0', grad_fn=<MulBackward0>)
{'loss': 2.8122, 'learning_rate': 3.12696703292044e-06, 'epoch': 13.2}
tensor(1.8216, device='cuda:0', grad_fn=<MulBackward0>)
tensor(1.1897, device='cuda:0', grad_fn=<MulBackward0>)
tensor(1.7965, device='cuda:0', grad_fn=<MulBackward0>)
tensor(1.3744, device='cuda:0', grad_fn=<MulBackward0>)
tensor(1.4673, device='cuda:0', grad_fn=<MulBackward0>)
tensor(1.4644, device='cuda:0', grad_fn=<MulBackward0>)
tensor(1.4397, device='cuda:0', grad_fn=<MulBackward0>)
tensor(1.5873, device='cuda:0', grad_fn=<MulBackward0>)
tensor(1.5461, device='cuda:0', grad_fn=<MulBackward0>)
tensor(1.7047, device='cuda:0', grad_fn=<MulBackward0>)
{'loss': 3.7838, 'learning_rate': 3.0463443575536324e-06, 'epoch': 13.3}
tensor(2.0312, device='cuda:0', grad_fn=<MulBackward0>)
tensor(1.2387, device='cuda:0', grad_fn=<MulBackward0>)
tensor(1.6700, device='cuda:0', grad_fn=<MulBackward0>)
tensor(1.8520, device='cuda:0', grad_fn=<MulBackward0>)
tensor(1.7340, device='cuda:0', grad_fn=<MulBackward0>)
tensor(1.5103, device='cuda:0', grad_fn=<MulBackward0>)
tensor(1.2787, device='cuda:0', grad_fn=<MulBackward0>)
tensor(1.8431, device='cuda:0', grad_fn=<MulBackward0>)
tensor(1.6435, device='cuda:0', grad_fn=<MulBackward0>)
tensor(1.3790, device='cuda:0', grad_fn=<MulBackward0>)
{'loss': 3.1926, 'learning_rate': 2.966316784621e-06, 'epoch': 13.4}
tensor(1.5262, device='cuda:0', grad_fn=<MulBackward0>)
tensor(1.7430, device='cuda:0', grad_fn=<MulBackward0>)
tensor(1.4735, device='cuda:0', grad_fn=<MulBackward0>)
tensor(1.6306, device='cuda:0', grad_fn=<MulBackward0>)
tensor(1.7532, device='cuda:0', grad_fn=<MulBackward0>)
tensor(1.9875, device='cuda:0', grad_fn=<MulBackward0>)
tensor(1.2330, device='cuda:0', grad_fn=<MulBackward0>)
tensor(1.8740, device='cuda:0', grad_fn=<MulBackward0>)
tensor(2.6618, device='cuda:0', grad_fn=<MulBackward0>)
tensor(3.7714, device='cuda:0', grad_fn=<MulBackward0>)
{'loss': 3.5868, 'learning_rate': 2.886908691296504e-06, 'epoch': 13.5}
tensor(2.0107, device='cuda:0', grad_fn=<MulBackward0>)
tensor(1.7907, device='cuda:0', grad_fn=<MulBackward0>)
tensor(1.3502, device='cuda:0', grad_fn=<MulBackward0>)
tensor(1.8618, device='cuda:0', grad_fn=<MulBackward0>)
tensor(1.5479, device='cuda:0', grad_fn=<MulBackward0>)
tensor(1.4258, device='cuda:0', grad_fn=<MulBackward0>)
tensor(1.4371, device='cuda:0', grad_fn=<MulBackward0>)
tensor(1.0795, device='cuda:0', grad_fn=<MulBackward0>)
tensor(1.5333, device='cuda:0', grad_fn=<MulBackward0>)
tensor(1.1905, device='cuda:0', grad_fn=<MulBackward0>)
{'loss': 3.5214, 'learning_rate': 2.8081442660546126e-06, 'epoch': 13.6}
tensor(1.5036, device='cuda:0', grad_fn=<MulBackward0>)
tensor(2.0045, device='cuda:0', grad_fn=<MulBackward0>)
tensor(1.6092, device='cuda:0', grad_fn=<MulBackward0>)
tensor(1.5259, device='cuda:0', grad_fn=<MulBackward0>)
tensor(1.2908, device='cuda:0', grad_fn=<MulBackward0>)
tensor(1.3449, device='cuda:0', grad_fn=<MulBackward0>)
tensor(1.2554, device='cuda:0', grad_fn=<MulBackward0>)
tensor(2.2717, device='cuda:0', grad_fn=<MulBackward0>)
tensor(1.2906, device='cuda:0', grad_fn=<MulBackward0>)
tensor(1.6212, device='cuda:0', grad_fn=<MulBackward0>)
{'loss': 3.4941, 'learning_rate': 2.7300475013022666e-06, 'epoch': 13.7}
tensor(1.3562, device='cuda:0', grad_fn=<MulBackward0>)
tensor(1.5187, device='cuda:0', grad_fn=<MulBackward0>)
tensor(1.9153, device='cuda:0', grad_fn=<MulBackward0>)
tensor(1.6222, device='cuda:0', grad_fn=<MulBackward0>)
tensor(1.3770, device='cuda:0', grad_fn=<MulBackward0>)
tensor(1.8368, device='cuda:0', grad_fn=<MulBackward0>)
tensor(1.8282, device='cuda:0', grad_fn=<MulBackward0>)
tensor(2.4806, device='cuda:0', grad_fn=<MulBackward0>)
tensor(1.6940, device='cuda:0', grad_fn=<MulBackward0>)
tensor(1.4153, device='cuda:0', grad_fn=<MulBackward0>)
{'loss': 3.8122, 'learning_rate': 2.6526421860705474e-06, 'epoch': 13.8}
tensor(1.3268, device='cuda:0', grad_fn=<MulBackward0>)
tensor(2.4289, device='cuda:0', grad_fn=<MulBackward0>)
tensor(1.3666, device='cuda:0', grad_fn=<MulBackward0>)
tensor(1.8715, device='cuda:0', grad_fn=<MulBackward0>)
tensor(1.3234, device='cuda:0', grad_fn=<MulBackward0>)
tensor(1.5937, device='cuda:0', grad_fn=<MulBackward0>)
tensor(1.2650, device='cuda:0', grad_fn=<MulBackward0>)
tensor(1.2175, device='cuda:0', grad_fn=<MulBackward0>)
tensor(1.3325, device='cuda:0', grad_fn=<MulBackward0>)
tensor(1.2087, device='cuda:0', grad_fn=<MulBackward0>)
{'loss': 3.8631, 'learning_rate': 2.5759518987683154e-06, 'epoch': 13.9}
tensor(1.4222, device='cuda:0', grad_fn=<MulBackward0>)
tensor(1.7775, device='cuda:0', grad_fn=<MulBackward0>)
tensor(1.4717, device='cuda:0', grad_fn=<MulBackward0>)
tensor(1.2644, device='cuda:0', grad_fn=<MulBackward0>)
tensor(1.3872, device='cuda:0', grad_fn=<MulBackward0>)
tensor(1.5619, device='cuda:0', grad_fn=<MulBackward0>)
tensor(2.0880, device='cuda:0', grad_fn=<MulBackward0>)
tensor(1.3869, device='cuda:0', grad_fn=<MulBackward0>)
tensor(1.7619, device='cuda:0', grad_fn=<MulBackward0>)
tensor(1.7125, device='cuda:0', grad_fn=<MulBackward0>)
{'loss': 3.0971, 'learning_rate': 2.5000000000000015e-06, 'epoch': 14.0}
tensor(1.7219, device='cuda:0', grad_fn=<MulBackward0>)
tensor(1.1979, device='cuda:0', grad_fn=<MulBackward0>)
tensor(1.3153, device='cuda:0', grad_fn=<MulBackward0>)
tensor(2.1911, device='cuda:0', grad_fn=<MulBackward0>)
tensor(1.5236, device='cuda:0', grad_fn=<MulBackward0>)
tensor(1.2038, device='cuda:0', grad_fn=<MulBackward0>)
tensor(1.5044, device='cuda:0', grad_fn=<MulBackward0>)
tensor(1.3560, device='cuda:0', grad_fn=<MulBackward0>)
tensor(1.5655, device='cuda:0', grad_fn=<MulBackward0>)
tensor(1.4797, device='cuda:0', grad_fn=<MulBackward0>)
{'loss': 3.7791, 'learning_rate': 2.424809625449729e-06, 'epoch': 14.1}
tensor(1.3548, device='cuda:0', grad_fn=<MulBackward0>)
tensor(1.2971, device='cuda:0', grad_fn=<MulBackward0>)
tensor(1.6298, device='cuda:0', grad_fn=<MulBackward0>)
tensor(1.5214, device='cuda:0', grad_fn=<MulBackward0>)
tensor(1.2957, device='cuda:0', grad_fn=<MulBackward0>)
tensor(1.9257, device='cuda:0', grad_fn=<MulBackward0>)
tensor(1.6976, device='cuda:0', grad_fn=<MulBackward0>)
tensor(1.2689, device='cuda:0', grad_fn=<MulBackward0>)
tensor(1.8838, device='cuda:0', grad_fn=<MulBackward0>)
tensor(1.1878, device='cuda:0', grad_fn=<MulBackward0>)
{'loss': 2.7043, 'learning_rate': 2.3504036788339763e-06, 'epoch': 14.2}
tensor(1.7217, device='cuda:0', grad_fn=<MulBackward0>)
tensor(1.3633, device='cuda:0', grad_fn=<MulBackward0>)
tensor(1.3732, device='cuda:0', grad_fn=<MulBackward0>)
tensor(1.4840, device='cuda:0', grad_fn=<MulBackward0>)
tensor(1.9288, device='cuda:0', grad_fn=<MulBackward0>)
tensor(1.7142, device='cuda:0', grad_fn=<MulBackward0>)
tensor(1.3905, device='cuda:0', grad_fn=<MulBackward0>)
tensor(1.1445, device='cuda:0', grad_fn=<MulBackward0>)
tensor(1.2078, device='cuda:0', grad_fn=<MulBackward0>)
tensor(1.4085, device='cuda:0', grad_fn=<MulBackward0>)
{'loss': 2.9113, 'learning_rate': 2.2768048249248648e-06, 'epoch': 14.3}
tensor(1.2730, device='cuda:0', grad_fn=<MulBackward0>)
tensor(1.4540, device='cuda:0', grad_fn=<MulBackward0>)
tensor(1.3267, device='cuda:0', grad_fn=<MulBackward0>)
tensor(3.6769, device='cuda:0', grad_fn=<MulBackward0>)
tensor(1.4066, device='cuda:0', grad_fn=<MulBackward0>)
tensor(1.9952, device='cuda:0', grad_fn=<MulBackward0>)
tensor(2.1466, device='cuda:0', grad_fn=<MulBackward0>)
tensor(1.6598, device='cuda:0', grad_fn=<MulBackward0>)
tensor(1.6560, device='cuda:0', grad_fn=<MulBackward0>)
tensor(1.6530, device='cuda:0', grad_fn=<MulBackward0>)
{'loss': 3.5638, 'learning_rate': 2.204035482646267e-06, 'epoch': 14.4}
tensor(1.2477, device='cuda:0', grad_fn=<MulBackward0>)
tensor(1.6444, device='cuda:0', grad_fn=<MulBackward0>)
tensor(1.2493, device='cuda:0', grad_fn=<MulBackward0>)
tensor(2.0195, device='cuda:0', grad_fn=<MulBackward0>)
tensor(1.8208, device='cuda:0', grad_fn=<MulBackward0>)
tensor(1.5378, device='cuda:0', grad_fn=<MulBackward0>)
tensor(1.3454, device='cuda:0', grad_fn=<MulBackward0>)
tensor(1.5768, device='cuda:0', grad_fn=<MulBackward0>)
tensor(1.4174, device='cuda:0', grad_fn=<MulBackward0>)
tensor(1.2871, device='cuda:0', grad_fn=<MulBackward0>)
{'loss': 3.7029, 'learning_rate': 2.132117818244771e-06, 'epoch': 14.5}
tensor(1.5335, device='cuda:0', grad_fn=<MulBackward0>)
tensor(1.4051, device='cuda:0', grad_fn=<MulBackward0>)
tensor(1.3385, device='cuda:0', grad_fn=<MulBackward0>)
tensor(1.3875, device='cuda:0', grad_fn=<MulBackward0>)
tensor(1.2635, device='cuda:0', grad_fn=<MulBackward0>)
tensor(1.5664, device='cuda:0', grad_fn=<MulBackward0>)
tensor(1.4598, device='cuda:0', grad_fn=<MulBackward0>)
tensor(1.2296, device='cuda:0', grad_fn=<MulBackward0>)
tensor(1.8589, device='cuda:0', grad_fn=<MulBackward0>)
tensor(1.9385, device='cuda:0', grad_fn=<MulBackward0>)
{'loss': 3.6501, 'learning_rate': 2.061073738537635e-06, 'epoch': 14.6}
tensor(1.6766, device='cuda:0', grad_fn=<MulBackward0>)
tensor(1.4158, device='cuda:0', grad_fn=<MulBackward0>)
tensor(1.3439, device='cuda:0', grad_fn=<MulBackward0>)
tensor(1.3689, device='cuda:0', grad_fn=<MulBackward0>)
tensor(1.7583, device='cuda:0', grad_fn=<MulBackward0>)
tensor(1.4054, device='cuda:0', grad_fn=<MulBackward0>)
tensor(1.3870, device='cuda:0', grad_fn=<MulBackward0>)
tensor(1.7914, device='cuda:0', grad_fn=<MulBackward0>)
tensor(1.7825, device='cuda:0', grad_fn=<MulBackward0>)
tensor(1.4443, device='cuda:0', grad_fn=<MulBackward0>)
{'loss': 3.8364, 'learning_rate': 1.990924884239758e-06, 'epoch': 14.7}
tensor(1.5653, device='cuda:0', grad_fn=<MulBackward0>)
tensor(1.4568, device='cuda:0', grad_fn=<MulBackward0>)
tensor(1.6938, device='cuda:0', grad_fn=<MulBackward0>)
tensor(1.2259, device='cuda:0', grad_fn=<MulBackward0>)
tensor(1.8342, device='cuda:0', grad_fn=<MulBackward0>)
tensor(3.1488, device='cuda:0', grad_fn=<MulBackward0>)
tensor(1.3307, device='cuda:0', grad_fn=<MulBackward0>)
tensor(1.2408, device='cuda:0', grad_fn=<MulBackward0>)
tensor(1.3014, device='cuda:0', grad_fn=<MulBackward0>)
tensor(1.8936, device='cuda:0', grad_fn=<MulBackward0>)
{'loss': 3.9858, 'learning_rate': 1.9216926233717087e-06, 'epoch': 14.8}
tensor(1.2607, device='cuda:0', grad_fn=<MulBackward0>)
tensor(1.3897, device='cuda:0', grad_fn=<MulBackward0>)
tensor(1.5415, device='cuda:0', grad_fn=<MulBackward0>)
tensor(1.1083, device='cuda:0', grad_fn=<MulBackward0>)
tensor(1.4577, device='cuda:0', grad_fn=<MulBackward0>)
tensor(1.2325, device='cuda:0', grad_fn=<MulBackward0>)
tensor(1.2963, device='cuda:0', grad_fn=<MulBackward0>)
tensor(1.4293, device='cuda:0', grad_fn=<MulBackward0>)
tensor(4.7974, device='cuda:0', grad_fn=<MulBackward0>)
tensor(1.8015, device='cuda:0', grad_fn=<MulBackward0>)
{'loss': 2.8224, 'learning_rate': 1.8533980447508138e-06, 'epoch': 14.9}
tensor(2.5850, device='cuda:0', grad_fn=<MulBackward0>)
tensor(1.4445, device='cuda:0', grad_fn=<MulBackward0>)
tensor(1.6330, device='cuda:0', grad_fn=<MulBackward0>)
tensor(1.5883, device='cuda:0', grad_fn=<MulBackward0>)
tensor(1.2703, device='cuda:0', grad_fn=<MulBackward0>)
tensor(1.6704, device='cuda:0', grad_fn=<MulBackward0>)
tensor(1.1925, device='cuda:0', grad_fn=<MulBackward0>)
tensor(1.9910, device='cuda:0', grad_fn=<MulBackward0>)
tensor(2.2976, device='cuda:0', grad_fn=<MulBackward0>)
tensor(1.2339, device='cuda:0', grad_fn=<MulBackward0>)
{'loss': 3.3411, 'learning_rate': 1.7860619515673034e-06, 'epoch': 15.0}
tensor(1.1681, device='cuda:0', grad_fn=<MulBackward0>)
tensor(1.2314, device='cuda:0', grad_fn=<MulBackward0>)
tensor(1.4441, device='cuda:0', grad_fn=<MulBackward0>)
tensor(1.3301, device='cuda:0', grad_fn=<MulBackward0>)
tensor(1.3077, device='cuda:0', grad_fn=<MulBackward0>)
tensor(1.2912, device='cuda:0', grad_fn=<MulBackward0>)
tensor(1.7772, device='cuda:0', grad_fn=<MulBackward0>)
tensor(1.2912, device='cuda:0', grad_fn=<MulBackward0>)
tensor(1.3267, device='cuda:0', grad_fn=<MulBackward0>)
tensor(1.8433, device='cuda:0', grad_fn=<MulBackward0>)
{'loss': 2.4692, 'learning_rate': 1.7197048550474643e-06, 'epoch': 15.1}
tensor(1.6937, device='cuda:0', grad_fn=<MulBackward0>)
tensor(1.5040, device='cuda:0', grad_fn=<MulBackward0>)
tensor(1.2169, device='cuda:0', grad_fn=<MulBackward0>)
tensor(2.2188, device='cuda:0', grad_fn=<MulBackward0>)
tensor(1.3775, device='cuda:0', grad_fn=<MulBackward0>)
tensor(1.3475, device='cuda:0', grad_fn=<MulBackward0>)
tensor(1.5060, device='cuda:0', grad_fn=<MulBackward0>)
tensor(2.0353, device='cuda:0', grad_fn=<MulBackward0>)
tensor(1.3602, device='cuda:0', grad_fn=<MulBackward0>)
tensor(1.6637, device='cuda:0', grad_fn=<MulBackward0>)
{'loss': 3.627, 'learning_rate': 1.6543469682057105e-06, 'epoch': 15.2}
tensor(1.2284, device='cuda:0', grad_fn=<MulBackward0>)
tensor(1.5591, device='cuda:0', grad_fn=<MulBackward0>)
tensor(1.6773, device='cuda:0', grad_fn=<MulBackward0>)
tensor(1.9105, device='cuda:0', grad_fn=<MulBackward0>)
tensor(2.0511, device='cuda:0', grad_fn=<MulBackward0>)
tensor(1.2910, device='cuda:0', grad_fn=<MulBackward0>)
tensor(1.2185, device='cuda:0', grad_fn=<MulBackward0>)
tensor(1.5073, device='cuda:0', grad_fn=<MulBackward0>)
tensor(1.3020, device='cuda:0', grad_fn=<MulBackward0>)
tensor(1.2167, device='cuda:0', grad_fn=<MulBackward0>)
{'loss': 3.3782, 'learning_rate': 1.5900081996875083e-06, 'epoch': 15.3}
tensor(3.0579, device='cuda:0', grad_fn=<MulBackward0>)
tensor(1.7963, device='cuda:0', grad_fn=<MulBackward0>)
tensor(1.7633, device='cuda:0', grad_fn=<MulBackward0>)
tensor(1.5291, device='cuda:0', grad_fn=<MulBackward0>)
tensor(1.2482, device='cuda:0', grad_fn=<MulBackward0>)
tensor(1.8041, device='cuda:0', grad_fn=<MulBackward0>)
tensor(1.4127, device='cuda:0', grad_fn=<MulBackward0>)
tensor(1.5362, device='cuda:0', grad_fn=<MulBackward0>)
tensor(1.2749, device='cuda:0', grad_fn=<MulBackward0>)
tensor(1.1690, device='cuda:0', grad_fn=<MulBackward0>)
{'loss': 3.534, 'learning_rate': 1.5267081477050132e-06, 'epoch': 15.4}
tensor(3.7510, device='cuda:0', grad_fn=<MulBackward0>)
tensor(1.7352, device='cuda:0', grad_fn=<MulBackward0>)
tensor(1.6474, device='cuda:0', grad_fn=<MulBackward0>)
tensor(4.0029, device='cuda:0', grad_fn=<MulBackward0>)
tensor(5.5906, device='cuda:0', grad_fn=<MulBackward0>)
tensor(2.0777, device='cuda:0', grad_fn=<MulBackward0>)
tensor(1.2467, device='cuda:0', grad_fn=<MulBackward0>)
tensor(1.8155, device='cuda:0', grad_fn=<MulBackward0>)
tensor(1.3396, device='cuda:0', grad_fn=<MulBackward0>)
tensor(1.5255, device='cuda:0', grad_fn=<MulBackward0>)
{'loss': 4.3723, 'learning_rate': 1.4644660940672628e-06, 'epoch': 15.5}
tensor(1.4765, device='cuda:0', grad_fn=<MulBackward0>)
tensor(1.2119, device='cuda:0', grad_fn=<MulBackward0>)
tensor(1.3210, device='cuda:0', grad_fn=<MulBackward0>)
tensor(1.4029, device='cuda:0', grad_fn=<MulBackward0>)
tensor(1.8572, device='cuda:0', grad_fn=<MulBackward0>)
tensor(1.2505, device='cuda:0', grad_fn=<MulBackward0>)
tensor(1.4076, device='cuda:0', grad_fn=<MulBackward0>)
tensor(2.5772, device='cuda:0', grad_fn=<MulBackward0>)
tensor(1.2594, device='cuda:0', grad_fn=<MulBackward0>)
tensor(1.3080, device='cuda:0', grad_fn=<MulBackward0>)
{'loss': 2.5669, 'learning_rate': 1.4033009983067454e-06, 'epoch': 15.6}
tensor(1.5205, device='cuda:0', grad_fn=<MulBackward0>)
tensor(1.3460, device='cuda:0', grad_fn=<MulBackward0>)
tensor(1.3292, device='cuda:0', grad_fn=<MulBackward0>)
tensor(2.5861, device='cuda:0', grad_fn=<MulBackward0>)
tensor(1.6217, device='cuda:0', grad_fn=<MulBackward0>)
tensor(1.3211, device='cuda:0', grad_fn=<MulBackward0>)
tensor(1.2713, device='cuda:0', grad_fn=<MulBackward0>)
tensor(1.6264, device='cuda:0', grad_fn=<MulBackward0>)
tensor(1.5247, device='cuda:0', grad_fn=<MulBackward0>)
tensor(1.4577, device='cuda:0', grad_fn=<MulBackward0>)
{'loss': 3.2269, 'learning_rate': 1.3432314919041478e-06, 'epoch': 15.7}
tensor(1.9243, device='cuda:0', grad_fn=<MulBackward0>)
tensor(1.3262, device='cuda:0', grad_fn=<MulBackward0>)
tensor(1.3095, device='cuda:0', grad_fn=<MulBackward0>)
tensor(1.6483, device='cuda:0', grad_fn=<MulBackward0>)
tensor(1.7593, device='cuda:0', grad_fn=<MulBackward0>)
tensor(1.5599, device='cuda:0', grad_fn=<MulBackward0>)
tensor(1.3912, device='cuda:0', grad_fn=<MulBackward0>)
tensor(1.5149, device='cuda:0', grad_fn=<MulBackward0>)
tensor(1.3606, device='cuda:0', grad_fn=<MulBackward0>)
tensor(1.5024, device='cuda:0', grad_fn=<MulBackward0>)
{'loss': 4.0185, 'learning_rate': 1.2842758726130283e-06, 'epoch': 15.8}
tensor(3.2942, device='cuda:0', grad_fn=<MulBackward0>)
tensor(1.3143, device='cuda:0', grad_fn=<MulBackward0>)
tensor(1.7985, device='cuda:0', grad_fn=<MulBackward0>)
tensor(1.3262, device='cuda:0', grad_fn=<MulBackward0>)
tensor(2.4265, device='cuda:0', grad_fn=<MulBackward0>)
tensor(1.1647, device='cuda:0', grad_fn=<MulBackward0>)
tensor(2.4556, device='cuda:0', grad_fn=<MulBackward0>)
tensor(1.3952, device='cuda:0', grad_fn=<MulBackward0>)
tensor(1.2031, device='cuda:0', grad_fn=<MulBackward0>)
tensor(1.7710, device='cuda:0', grad_fn=<MulBackward0>)
{'loss': 3.7234, 'learning_rate': 1.22645209888614e-06, 'epoch': 15.9}
tensor(1.7666, device='cuda:0', grad_fn=<MulBackward0>)
tensor(1.8001, device='cuda:0', grad_fn=<MulBackward0>)
tensor(1.3196, device='cuda:0', grad_fn=<MulBackward0>)
tensor(1.5154, device='cuda:0', grad_fn=<MulBackward0>)
tensor(1.4601, device='cuda:0', grad_fn=<MulBackward0>)
tensor(1.3750, device='cuda:0', grad_fn=<MulBackward0>)
tensor(1.6198, device='cuda:0', grad_fn=<MulBackward0>)
tensor(1.2668, device='cuda:0', grad_fn=<MulBackward0>)
tensor(1.7078, device='cuda:0', grad_fn=<MulBackward0>)
tensor(1.5699, device='cuda:0', grad_fn=<MulBackward0>)
{'loss': 3.4159, 'learning_rate': 1.1697777844051105e-06, 'epoch': 16.0}
tensor(1.7707, device='cuda:0', grad_fn=<MulBackward0>)
tensor(1.4762, device='cuda:0', grad_fn=<MulBackward0>)
tensor(1.2784, device='cuda:0', grad_fn=<MulBackward0>)
tensor(1.2513, device='cuda:0', grad_fn=<MulBackward0>)
tensor(1.2920, device='cuda:0', grad_fn=<MulBackward0>)
tensor(1.3227, device='cuda:0', grad_fn=<MulBackward0>)
tensor(1.5223, device='cuda:0', grad_fn=<MulBackward0>)
tensor(1.4306, device='cuda:0', grad_fn=<MulBackward0>)
tensor(1.2359, device='cuda:0', grad_fn=<MulBackward0>)
tensor(1.3982, device='cuda:0', grad_fn=<MulBackward0>)
{'loss': 2.9349, 'learning_rate': 1.1142701927151456e-06, 'epoch': 16.1}
tensor(1.5062, device='cuda:0', grad_fn=<MulBackward0>)
tensor(1.4430, device='cuda:0', grad_fn=<MulBackward0>)
tensor(1.5311, device='cuda:0', grad_fn=<MulBackward0>)
tensor(1.5326, device='cuda:0', grad_fn=<MulBackward0>)
tensor(3.5572, device='cuda:0', grad_fn=<MulBackward0>)
tensor(1.9575, device='cuda:0', grad_fn=<MulBackward0>)
tensor(1.5682, device='cuda:0', grad_fn=<MulBackward0>)
tensor(1.5913, device='cuda:0', grad_fn=<MulBackward0>)
tensor(1.3581, device='cuda:0', grad_fn=<MulBackward0>)
tensor(1.5160, device='cuda:0', grad_fn=<MulBackward0>)
{'loss': 4.1134, 'learning_rate': 1.0599462319663906e-06, 'epoch': 16.2}
tensor(1.4912, device='cuda:0', grad_fn=<MulBackward0>)
tensor(1.2616, device='cuda:0', grad_fn=<MulBackward0>)
tensor(2.0055, device='cuda:0', grad_fn=<MulBackward0>)
tensor(2.0802, device='cuda:0', grad_fn=<MulBackward0>)
tensor(1.4662, device='cuda:0', grad_fn=<MulBackward0>)
tensor(1.2880, device='cuda:0', grad_fn=<MulBackward0>)
tensor(2.6129, device='cuda:0', grad_fn=<MulBackward0>)
tensor(3.9989, device='cuda:0', grad_fn=<MulBackward0>)
tensor(1.4045, device='cuda:0', grad_fn=<MulBackward0>)
tensor(1.4352, device='cuda:0', grad_fn=<MulBackward0>)
{'loss': 3.4302, 'learning_rate': 1.006822449763537e-06, 'epoch': 16.3}
tensor(1.5678, device='cuda:0', grad_fn=<MulBackward0>)
tensor(2.7659, device='cuda:0', grad_fn=<MulBackward0>)
tensor(1.6263, device='cuda:0', grad_fn=<MulBackward0>)
tensor(1.5197, device='cuda:0', grad_fn=<MulBackward0>)
tensor(1.6202, device='cuda:0', grad_fn=<MulBackward0>)
tensor(1.5074, device='cuda:0', grad_fn=<MulBackward0>)
tensor(1.5934, device='cuda:0', grad_fn=<MulBackward0>)
tensor(1.5219, device='cuda:0', grad_fn=<MulBackward0>)
tensor(2.2847, device='cuda:0', grad_fn=<MulBackward0>)
tensor(1.6195, device='cuda:0', grad_fn=<MulBackward0>)
{'loss': 3.7704, 'learning_rate': 9.549150281252633e-07, 'epoch': 16.4}
tensor(1.3582, device='cuda:0', grad_fn=<MulBackward0>)
tensor(1.3716, device='cuda:0', grad_fn=<MulBackward0>)
tensor(1.7647, device='cuda:0', grad_fn=<MulBackward0>)
tensor(1.3038, device='cuda:0', grad_fn=<MulBackward0>)
tensor(1.4881, device='cuda:0', grad_fn=<MulBackward0>)
tensor(1.2844, device='cuda:0', grad_fn=<MulBackward0>)
tensor(1.2038, device='cuda:0', grad_fn=<MulBackward0>)
tensor(1.5054, device='cuda:0', grad_fn=<MulBackward0>)
tensor(3.1232, device='cuda:0', grad_fn=<MulBackward0>)
tensor(1.8177, device='cuda:0', grad_fn=<MulBackward0>)
{'loss': 3.3186, 'learning_rate': 9.042397785550405e-07, 'epoch': 16.5}
tensor(1.6881, device='cuda:0', grad_fn=<MulBackward0>)
tensor(1.3606, device='cuda:0', grad_fn=<MulBackward0>)
tensor(1.3439, device='cuda:0', grad_fn=<MulBackward0>)
tensor(1.8068, device='cuda:0', grad_fn=<MulBackward0>)
tensor(1.2506, device='cuda:0', grad_fn=<MulBackward0>)
tensor(1.1454, device='cuda:0', grad_fn=<MulBackward0>)
tensor(3.7559, device='cuda:0', grad_fn=<MulBackward0>)
tensor(1.3329, device='cuda:0', grad_fn=<MulBackward0>)
tensor(1.6359, device='cuda:0', grad_fn=<MulBackward0>)
tensor(1.4464, device='cuda:0', grad_fn=<MulBackward0>)
{'loss': 3.466, 'learning_rate': 8.54812137224792e-07, 'epoch': 16.6}
tensor(1.5165, device='cuda:0', grad_fn=<MulBackward0>)
tensor(1.5614, device='cuda:0', grad_fn=<MulBackward0>)
tensor(1.5419, device='cuda:0', grad_fn=<MulBackward0>)
tensor(1.5769, device='cuda:0', grad_fn=<MulBackward0>)
tensor(1.2056, device='cuda:0', grad_fn=<MulBackward0>)
tensor(1.5673, device='cuda:0', grad_fn=<MulBackward0>)
tensor(1.4900, device='cuda:0', grad_fn=<MulBackward0>)
tensor(1.4629, device='cuda:0', grad_fn=<MulBackward0>)
tensor(1.2743, device='cuda:0', grad_fn=<MulBackward0>)
tensor(1.2004, device='cuda:0', grad_fn=<MulBackward0>)
{'loss': 2.8325, 'learning_rate': 8.066471602728804e-07, 'epoch': 16.7}
tensor(1.4932, device='cuda:0', grad_fn=<MulBackward0>)
tensor(2.1942, device='cuda:0', grad_fn=<MulBackward0>)
tensor(2.0013, device='cuda:0', grad_fn=<MulBackward0>)
tensor(1.0781, device='cuda:0', grad_fn=<MulBackward0>)
tensor(1.1599, device='cuda:0', grad_fn=<MulBackward0>)
tensor(3.2518, device='cuda:0', grad_fn=<MulBackward0>)
tensor(1.5603, device='cuda:0', grad_fn=<MulBackward0>)
tensor(1.3125, device='cuda:0', grad_fn=<MulBackward0>)
tensor(1.4604, device='cuda:0', grad_fn=<MulBackward0>)
tensor(1.3168, device='cuda:0', grad_fn=<MulBackward0>)
{'loss': 3.5912, 'learning_rate': 7.597595192178702e-07, 'epoch': 16.8}
tensor(1.1997, device='cuda:0', grad_fn=<MulBackward0>)
tensor(1.4966, device='cuda:0', grad_fn=<MulBackward0>)
tensor(1.2777, device='cuda:0', grad_fn=<MulBackward0>)
tensor(1.2342, device='cuda:0', grad_fn=<MulBackward0>)
tensor(1.7322, device='cuda:0', grad_fn=<MulBackward0>)
tensor(1.5721, device='cuda:0', grad_fn=<MulBackward0>)
tensor(1.3092, device='cuda:0', grad_fn=<MulBackward0>)
tensor(1.3390, device='cuda:0', grad_fn=<MulBackward0>)
tensor(1.2629, device='cuda:0', grad_fn=<MulBackward0>)
tensor(1.6360, device='cuda:0', grad_fn=<MulBackward0>)
{'loss': 3.131, 'learning_rate': 7.141634964894389e-07, 'epoch': 16.9}
tensor(1.9534, device='cuda:0', grad_fn=<MulBackward0>)
tensor(1.6991, device='cuda:0', grad_fn=<MulBackward0>)
tensor(1.4070, device='cuda:0', grad_fn=<MulBackward0>)
tensor(1.7543, device='cuda:0', grad_fn=<MulBackward0>)
tensor(1.1785, device='cuda:0', grad_fn=<MulBackward0>)
tensor(1.4982, device='cuda:0', grad_fn=<MulBackward0>)
tensor(1.3502, device='cuda:0', grad_fn=<MulBackward0>)
tensor(1.3724, device='cuda:0', grad_fn=<MulBackward0>)
tensor(1.1438, device='cuda:0', grad_fn=<MulBackward0>)
tensor(1.2913, device='cuda:0', grad_fn=<MulBackward0>)
{'loss': 3.2541, 'learning_rate': 6.698729810778065e-07, 'epoch': 17.0}
tensor(1.2242, device='cuda:0', grad_fn=<MulBackward0>)
tensor(1.5787, device='cuda:0', grad_fn=<MulBackward0>)
tensor(1.5686, device='cuda:0', grad_fn=<MulBackward0>)
tensor(1.6066, device='cuda:0', grad_fn=<MulBackward0>)
tensor(1.7568, device='cuda:0', grad_fn=<MulBackward0>)
tensor(1.4922, device='cuda:0', grad_fn=<MulBackward0>)
tensor(1.6037, device='cuda:0', grad_fn=<MulBackward0>)
tensor(1.5408, device='cuda:0', grad_fn=<MulBackward0>)
tensor(2.0902, device='cuda:0', grad_fn=<MulBackward0>)
tensor(1.4365, device='cuda:0', grad_fn=<MulBackward0>)
{'loss': 4.3897, 'learning_rate': 6.269014643030214e-07, 'epoch': 17.1}
tensor(1.3086, device='cuda:0', grad_fn=<MulBackward0>)
tensor(1.5267, device='cuda:0', grad_fn=<MulBackward0>)
tensor(1.5138, device='cuda:0', grad_fn=<MulBackward0>)
tensor(2.2089, device='cuda:0', grad_fn=<MulBackward0>)
tensor(1.5283, device='cuda:0', grad_fn=<MulBackward0>)
tensor(1.2171, device='cuda:0', grad_fn=<MulBackward0>)
tensor(1.8038, device='cuda:0', grad_fn=<MulBackward0>)
tensor(1.2688, device='cuda:0', grad_fn=<MulBackward0>)
tensor(1.3023, device='cuda:0', grad_fn=<MulBackward0>)
tensor(1.3182, device='cuda:0', grad_fn=<MulBackward0>)
{'loss': 3.5292, 'learning_rate': 5.852620357053651e-07, 'epoch': 17.2}
tensor(1.2690, device='cuda:0', grad_fn=<MulBackward0>)
tensor(1.3409, device='cuda:0', grad_fn=<MulBackward0>)
tensor(1.3316, device='cuda:0', grad_fn=<MulBackward0>)
tensor(1.6052, device='cuda:0', grad_fn=<MulBackward0>)
tensor(1.7112, device='cuda:0', grad_fn=<MulBackward0>)
tensor(1.5510, device='cuda:0', grad_fn=<MulBackward0>)
tensor(1.9906, device='cuda:0', grad_fn=<MulBackward0>)
tensor(1.3588, device='cuda:0', grad_fn=<MulBackward0>)
tensor(1.4106, device='cuda:0', grad_fn=<MulBackward0>)
tensor(2.0377, device='cuda:0', grad_fn=<MulBackward0>)
{'loss': 3.2761, 'learning_rate': 5.449673790581611e-07, 'epoch': 17.3}
tensor(1.8978, device='cuda:0', grad_fn=<MulBackward0>)
tensor(1.4857, device='cuda:0', grad_fn=<MulBackward0>)
tensor(1.1544, device='cuda:0', grad_fn=<MulBackward0>)
tensor(1.7988, device='cuda:0', grad_fn=<MulBackward0>)
tensor(1.4992, device='cuda:0', grad_fn=<MulBackward0>)
tensor(1.5864, device='cuda:0', grad_fn=<MulBackward0>)
tensor(1.2361, device='cuda:0', grad_fn=<MulBackward0>)
tensor(1.4713, device='cuda:0', grad_fn=<MulBackward0>)
tensor(1.4164, device='cuda:0', grad_fn=<MulBackward0>)
tensor(1.3340, device='cuda:0', grad_fn=<MulBackward0>)
{'loss': 2.7508, 'learning_rate': 5.06029768504166e-07, 'epoch': 17.4}
tensor(1.4021, device='cuda:0', grad_fn=<MulBackward0>)
tensor(1.4449, device='cuda:0', grad_fn=<MulBackward0>)
tensor(1.5493, device='cuda:0', grad_fn=<MulBackward0>)
tensor(1.1960, device='cuda:0', grad_fn=<MulBackward0>)
tensor(2.4756, device='cuda:0', grad_fn=<MulBackward0>)
tensor(1.5041, device='cuda:0', grad_fn=<MulBackward0>)
tensor(1.4367, device='cuda:0', grad_fn=<MulBackward0>)
tensor(1.3834, device='cuda:0', grad_fn=<MulBackward0>)
tensor(1.2708, device='cuda:0', grad_fn=<MulBackward0>)
tensor(1.3134, device='cuda:0', grad_fn=<MulBackward0>)
{'loss': 2.855, 'learning_rate': 4.6846106481675035e-07, 'epoch': 17.5}
tensor(1.2681, device='cuda:0', grad_fn=<MulBackward0>)
tensor(2.2355, device='cuda:0', grad_fn=<MulBackward0>)
tensor(1.9027, device='cuda:0', grad_fn=<MulBackward0>)
tensor(1.3817, device='cuda:0', grad_fn=<MulBackward0>)
tensor(1.2518, device='cuda:0', grad_fn=<MulBackward0>)
tensor(1.5099, device='cuda:0', grad_fn=<MulBackward0>)
tensor(2.7494, device='cuda:0', grad_fn=<MulBackward0>)
tensor(1.2794, device='cuda:0', grad_fn=<MulBackward0>)
tensor(1.2994, device='cuda:0', grad_fn=<MulBackward0>)
tensor(1.4007, device='cuda:0', grad_fn=<MulBackward0>)
{'loss': 3.199, 'learning_rate': 4.322727117869951e-07, 'epoch': 17.6}
tensor(1.3834, device='cuda:0', grad_fn=<MulBackward0>)
tensor(1.4087, device='cuda:0', grad_fn=<MulBackward0>)
tensor(1.5554, device='cuda:0', grad_fn=<MulBackward0>)
tensor(1.3611, device='cuda:0', grad_fn=<MulBackward0>)
tensor(1.2702, device='cuda:0', grad_fn=<MulBackward0>)
tensor(2.0492, device='cuda:0', grad_fn=<MulBackward0>)
tensor(1.2521, device='cuda:0', grad_fn=<MulBackward0>)
tensor(1.5540, device='cuda:0', grad_fn=<MulBackward0>)
tensor(2.1584, device='cuda:0', grad_fn=<MulBackward0>)
tensor(1.5256, device='cuda:0', grad_fn=<MulBackward0>)
{'loss': 3.5787, 'learning_rate': 3.9747573273779816e-07, 'epoch': 17.7}
tensor(1.1965, device='cuda:0', grad_fn=<MulBackward0>)
tensor(1.8457, device='cuda:0', grad_fn=<MulBackward0>)
tensor(1.4324, device='cuda:0', grad_fn=<MulBackward0>)
tensor(2.2730, device='cuda:0', grad_fn=<MulBackward0>)
tensor(1.5707, device='cuda:0', grad_fn=<MulBackward0>)
tensor(1.3339, device='cuda:0', grad_fn=<MulBackward0>)
tensor(1.5031, device='cuda:0', grad_fn=<MulBackward0>)
tensor(1.3620, device='cuda:0', grad_fn=<MulBackward0>)
tensor(2.0372, device='cuda:0', grad_fn=<MulBackward0>)
tensor(1.4139, device='cuda:0', grad_fn=<MulBackward0>)
{'loss': 3.242, 'learning_rate': 3.6408072716606346e-07, 'epoch': 17.8}
tensor(1.2906, device='cuda:0', grad_fn=<MulBackward0>)
tensor(1.9844, device='cuda:0', grad_fn=<MulBackward0>)
tensor(1.4651, device='cuda:0', grad_fn=<MulBackward0>)
tensor(1.8236, device='cuda:0', grad_fn=<MulBackward0>)
tensor(1.3940, device='cuda:0', grad_fn=<MulBackward0>)
tensor(1.1821, device='cuda:0', grad_fn=<MulBackward0>)
tensor(1.3194, device='cuda:0', grad_fn=<MulBackward0>)
tensor(1.2950, device='cuda:0', grad_fn=<MulBackward0>)
tensor(1.3728, device='cuda:0', grad_fn=<MulBackward0>)
tensor(1.2571, device='cuda:0', grad_fn=<MulBackward0>)
{'loss': 3.2077, 'learning_rate': 3.320978675139919e-07, 'epoch': 17.9}
tensor(1.5086, device='cuda:0', grad_fn=<MulBackward0>)
tensor(1.5963, device='cuda:0', grad_fn=<MulBackward0>)
tensor(1.2579, device='cuda:0', grad_fn=<MulBackward0>)
tensor(1.4366, device='cuda:0', grad_fn=<MulBackward0>)
tensor(2.1199, device='cuda:0', grad_fn=<MulBackward0>)
tensor(1.4377, device='cuda:0', grad_fn=<MulBackward0>)
tensor(1.2244, device='cuda:0', grad_fn=<MulBackward0>)
tensor(1.4810, device='cuda:0', grad_fn=<MulBackward0>)
tensor(1.9202, device='cuda:0', grad_fn=<MulBackward0>)
tensor(1.1490, device='cuda:0', grad_fn=<MulBackward0>)
{'loss': 2.8418, 'learning_rate': 3.015368960704584e-07, 'epoch': 18.0}
tensor(1.8489, device='cuda:0', grad_fn=<MulBackward0>)
tensor(1.6495, device='cuda:0', grad_fn=<MulBackward0>)
tensor(1.5374, device='cuda:0', grad_fn=<MulBackward0>)
tensor(5.6707, device='cuda:0', grad_fn=<MulBackward0>)
tensor(1.5287, device='cuda:0', grad_fn=<MulBackward0>)
tensor(1.3836, device='cuda:0', grad_fn=<MulBackward0>)
tensor(2.2407, device='cuda:0', grad_fn=<MulBackward0>)
tensor(1.4500, device='cuda:0', grad_fn=<MulBackward0>)
tensor(1.2430, device='cuda:0', grad_fn=<MulBackward0>)
tensor(1.9429, device='cuda:0', grad_fn=<MulBackward0>)
{'loss': 3.8322, 'learning_rate': 2.724071220034158e-07, 'epoch': 18.1}
tensor(1.2602, device='cuda:0', grad_fn=<MulBackward0>)
tensor(1.4335, device='cuda:0', grad_fn=<MulBackward0>)
tensor(1.4010, device='cuda:0', grad_fn=<MulBackward0>)
tensor(1.3365, device='cuda:0', grad_fn=<MulBackward0>)
tensor(1.4818, device='cuda:0', grad_fn=<MulBackward0>)
tensor(1.5081, device='cuda:0', grad_fn=<MulBackward0>)
tensor(1.2956, device='cuda:0', grad_fn=<MulBackward0>)
tensor(1.9163, device='cuda:0', grad_fn=<MulBackward0>)
tensor(1.3714, device='cuda:0', grad_fn=<MulBackward0>)
tensor(1.5436, device='cuda:0', grad_fn=<MulBackward0>)
{'loss': 3.7026, 'learning_rate': 2.447174185242324e-07, 'epoch': 18.2}
tensor(1.2488, device='cuda:0', grad_fn=<MulBackward0>)
tensor(2.2119, device='cuda:0', grad_fn=<MulBackward0>)
tensor(1.1820, device='cuda:0', grad_fn=<MulBackward0>)
tensor(1.4297, device='cuda:0', grad_fn=<MulBackward0>)
tensor(1.8718, device='cuda:0', grad_fn=<MulBackward0>)
tensor(1.5284, device='cuda:0', grad_fn=<MulBackward0>)
tensor(1.6068, device='cuda:0', grad_fn=<MulBackward0>)
tensor(1.3229, device='cuda:0', grad_fn=<MulBackward0>)
tensor(1.6452, device='cuda:0', grad_fn=<MulBackward0>)
tensor(1.6439, device='cuda:0', grad_fn=<MulBackward0>)
{'loss': 3.5601, 'learning_rate': 2.1847622018482283e-07, 'epoch': 18.3}
tensor(1.4159, device='cuda:0', grad_fn=<MulBackward0>)
tensor(1.5284, device='cuda:0', grad_fn=<MulBackward0>)
tensor(1.2407, device='cuda:0', grad_fn=<MulBackward0>)
tensor(1.3892, device='cuda:0', grad_fn=<MulBackward0>)
tensor(1.8136, device='cuda:0', grad_fn=<MulBackward0>)
tensor(2.3106, device='cuda:0', grad_fn=<MulBackward0>)
tensor(1.5013, device='cuda:0', grad_fn=<MulBackward0>)
tensor(1.8200, device='cuda:0', grad_fn=<MulBackward0>)
tensor(1.4122, device='cuda:0', grad_fn=<MulBackward0>)
tensor(1.7612, device='cuda:0', grad_fn=<MulBackward0>)
{'loss': 3.1051, 'learning_rate': 1.9369152030840553e-07, 'epoch': 18.4}
tensor(1.7592, device='cuda:0', grad_fn=<MulBackward0>)
tensor(1.3745, device='cuda:0', grad_fn=<MulBackward0>)
tensor(1.4697, device='cuda:0', grad_fn=<MulBackward0>)
tensor(2.2918, device='cuda:0', grad_fn=<MulBackward0>)
tensor(1.2897, device='cuda:0', grad_fn=<MulBackward0>)
tensor(1.2910, device='cuda:0', grad_fn=<MulBackward0>)
tensor(1.5976, device='cuda:0', grad_fn=<MulBackward0>)
tensor(1.9552, device='cuda:0', grad_fn=<MulBackward0>)
tensor(2.2767, device='cuda:0', grad_fn=<MulBackward0>)
tensor(1.3640, device='cuda:0', grad_fn=<MulBackward0>)
{'loss': 3.8576, 'learning_rate': 1.7037086855465902e-07, 'epoch': 18.5}
tensor(1.2820, device='cuda:0', grad_fn=<MulBackward0>)
tensor(1.3467, device='cuda:0', grad_fn=<MulBackward0>)
tensor(1.1853, device='cuda:0', grad_fn=<MulBackward0>)
tensor(1.3347, device='cuda:0', grad_fn=<MulBackward0>)
tensor(1.2853, device='cuda:0', grad_fn=<MulBackward0>)
tensor(1.5995, device='cuda:0', grad_fn=<MulBackward0>)
tensor(2.0594, device='cuda:0', grad_fn=<MulBackward0>)
tensor(1.4522, device='cuda:0', grad_fn=<MulBackward0>)
tensor(1.7035, device='cuda:0', grad_fn=<MulBackward0>)
tensor(1.3427, device='cuda:0', grad_fn=<MulBackward0>)
{'loss': 3.2121, 'learning_rate': 1.4852136862001766e-07, 'epoch': 18.6}
tensor(6.1466, device='cuda:0', grad_fn=<MulBackward0>)
tensor(1.7576, device='cuda:0', grad_fn=<MulBackward0>)
tensor(1.4043, device='cuda:0', grad_fn=<MulBackward0>)
tensor(1.6459, device='cuda:0', grad_fn=<MulBackward0>)
tensor(1.6224, device='cuda:0', grad_fn=<MulBackward0>)
tensor(1.3559, device='cuda:0', grad_fn=<MulBackward0>)
tensor(1.3715, device='cuda:0', grad_fn=<MulBackward0>)
tensor(1.2496, device='cuda:0', grad_fn=<MulBackward0>)
tensor(1.3159, device='cuda:0', grad_fn=<MulBackward0>)
tensor(1.3456, device='cuda:0', grad_fn=<MulBackward0>)
{'loss': 3.7427, 'learning_rate': 1.2814967607382433e-07, 'epoch': 18.7}
tensor(1.3679, device='cuda:0', grad_fn=<MulBackward0>)
tensor(1.9238, device='cuda:0', grad_fn=<MulBackward0>)
tensor(1.2057, device='cuda:0', grad_fn=<MulBackward0>)
tensor(1.6572, device='cuda:0', grad_fn=<MulBackward0>)
tensor(1.2076, device='cuda:0', grad_fn=<MulBackward0>)
tensor(1.5075, device='cuda:0', grad_fn=<MulBackward0>)
tensor(1.9100, device='cuda:0', grad_fn=<MulBackward0>)
tensor(1.2667, device='cuda:0', grad_fn=<MulBackward0>)
tensor(1.1944, device='cuda:0', grad_fn=<MulBackward0>)
tensor(1.9392, device='cuda:0', grad_fn=<MulBackward0>)
{'loss': 3.0544, 'learning_rate': 1.0926199633097156e-07, 'epoch': 18.8}
tensor(1.3664, device='cuda:0', grad_fn=<MulBackward0>)
tensor(1.7844, device='cuda:0', grad_fn=<MulBackward0>)
tensor(1.7877, device='cuda:0', grad_fn=<MulBackward0>)
tensor(1.2835, device='cuda:0', grad_fn=<MulBackward0>)
tensor(1.4959, device='cuda:0', grad_fn=<MulBackward0>)
tensor(2.3052, device='cuda:0', grad_fn=<MulBackward0>)
tensor(1.5487, device='cuda:0', grad_fn=<MulBackward0>)
tensor(1.4755, device='cuda:0', grad_fn=<MulBackward0>)
tensor(1.6092, device='cuda:0', grad_fn=<MulBackward0>)
tensor(2.8400, device='cuda:0', grad_fn=<MulBackward0>)
{'loss': 2.9754, 'learning_rate': 9.186408276168012e-08, 'epoch': 18.9}
tensor(1.6318, device='cuda:0', grad_fn=<MulBackward0>)
tensor(1.4650, device='cuda:0', grad_fn=<MulBackward0>)
tensor(1.1570, device='cuda:0', grad_fn=<MulBackward0>)
tensor(1.5327, device='cuda:0', grad_fn=<MulBackward0>)
tensor(1.2728, device='cuda:0', grad_fn=<MulBackward0>)
tensor(1.3470, device='cuda:0', grad_fn=<MulBackward0>)
tensor(1.0795, device='cuda:0', grad_fn=<MulBackward0>)
tensor(2.1624, device='cuda:0', grad_fn=<MulBackward0>)
tensor(1.4695, device='cuda:0', grad_fn=<MulBackward0>)
tensor(1.6076, device='cuda:0', grad_fn=<MulBackward0>)
{'loss': 3.3498, 'learning_rate': 7.59612349389599e-08, 'epoch': 19.0}
tensor(1.3823, device='cuda:0', grad_fn=<MulBackward0>)
tensor(1.9770, device='cuda:0', grad_fn=<MulBackward0>)
tensor(1.3861, device='cuda:0', grad_fn=<MulBackward0>)
tensor(1.3191, device='cuda:0', grad_fn=<MulBackward0>)
tensor(1.2792, device='cuda:0', grad_fn=<MulBackward0>)
tensor(1.7873, device='cuda:0', grad_fn=<MulBackward0>)
tensor(1.4769, device='cuda:0', grad_fn=<MulBackward0>)
tensor(1.5909, device='cuda:0', grad_fn=<MulBackward0>)
tensor(1.6517, device='cuda:0', grad_fn=<MulBackward0>)
tensor(1.5523, device='cuda:0', grad_fn=<MulBackward0>)
{'loss': 3.6016, 'learning_rate': 6.15582970243117e-08, 'epoch': 19.1}
tensor(1.2843, device='cuda:0', grad_fn=<MulBackward0>)
tensor(1.7413, device='cuda:0', grad_fn=<MulBackward0>)
tensor(1.4625, device='cuda:0', grad_fn=<MulBackward0>)
tensor(2.0190, device='cuda:0', grad_fn=<MulBackward0>)
tensor(1.2967, device='cuda:0', grad_fn=<MulBackward0>)
tensor(1.3854, device='cuda:0', grad_fn=<MulBackward0>)
tensor(1.6087, device='cuda:0', grad_fn=<MulBackward0>)
tensor(1.4400, device='cuda:0', grad_fn=<MulBackward0>)
tensor(1.8751, device='cuda:0', grad_fn=<MulBackward0>)
tensor(1.6009, device='cuda:0', grad_fn=<MulBackward0>)
{'loss': 3.637, 'learning_rate': 4.865965629214819e-08, 'epoch': 19.2}
tensor(1.3582, device='cuda:0', grad_fn=<MulBackward0>)
tensor(1.1195, device='cuda:0', grad_fn=<MulBackward0>)
tensor(1.5890, device='cuda:0', grad_fn=<MulBackward0>)
tensor(1.5171, device='cuda:0', grad_fn=<MulBackward0>)
tensor(1.5826, device='cuda:0', grad_fn=<MulBackward0>)
tensor(2.1831, device='cuda:0', grad_fn=<MulBackward0>)
tensor(1.4671, device='cuda:0', grad_fn=<MulBackward0>)
tensor(1.8649, device='cuda:0', grad_fn=<MulBackward0>)
tensor(1.3102, device='cuda:0', grad_fn=<MulBackward0>)
tensor(1.4661, device='cuda:0', grad_fn=<MulBackward0>)
{'loss': 2.9673, 'learning_rate': 3.726924179339009e-08, 'epoch': 19.3}
tensor(1.0937, device='cuda:0', grad_fn=<MulBackward0>)
tensor(1.3229, device='cuda:0', grad_fn=<MulBackward0>)
tensor(1.8279, device='cuda:0', grad_fn=<MulBackward0>)
tensor(1.5301, device='cuda:0', grad_fn=<MulBackward0>)
tensor(1.0821, device='cuda:0', grad_fn=<MulBackward0>)
tensor(1.5011, device='cuda:0', grad_fn=<MulBackward0>)
tensor(1.2531, device='cuda:0', grad_fn=<MulBackward0>)
tensor(1.7526, device='cuda:0', grad_fn=<MulBackward0>)
tensor(1.2875, device='cuda:0', grad_fn=<MulBackward0>)
tensor(1.9225, device='cuda:0', grad_fn=<MulBackward0>)
{'loss': 3.0789, 'learning_rate': 2.7390523158633552e-08, 'epoch': 19.4}
tensor(2.0252, device='cuda:0', grad_fn=<MulBackward0>)
tensor(1.7432, device='cuda:0', grad_fn=<MulBackward0>)
tensor(1.4862, device='cuda:0', grad_fn=<MulBackward0>)
tensor(1.5957, device='cuda:0', grad_fn=<MulBackward0>)
tensor(1.4694, device='cuda:0', grad_fn=<MulBackward0>)
tensor(1.4021, device='cuda:0', grad_fn=<MulBackward0>)
tensor(1.4385, device='cuda:0', grad_fn=<MulBackward0>)
tensor(1.6507, device='cuda:0', grad_fn=<MulBackward0>)
tensor(1.5778, device='cuda:0', grad_fn=<MulBackward0>)
tensor(1.3162, device='cuda:0', grad_fn=<MulBackward0>)
{'loss': 3.0149, 'learning_rate': 1.9026509541272276e-08, 'epoch': 19.5}
tensor(2.0240, device='cuda:0', grad_fn=<MulBackward0>)
tensor(1.6810, device='cuda:0', grad_fn=<MulBackward0>)
tensor(1.4886, device='cuda:0', grad_fn=<MulBackward0>)
tensor(1.2588, device='cuda:0', grad_fn=<MulBackward0>)
tensor(1.5584, device='cuda:0', grad_fn=<MulBackward0>)
tensor(1.6662, device='cuda:0', grad_fn=<MulBackward0>)
tensor(1.1716, device='cuda:0', grad_fn=<MulBackward0>)
tensor(1.2295, device='cuda:0', grad_fn=<MulBackward0>)
tensor(1.4324, device='cuda:0', grad_fn=<MulBackward0>)
tensor(2.0474, device='cuda:0', grad_fn=<MulBackward0>)
{'loss': 2.8494, 'learning_rate': 1.2179748700879013e-08, 'epoch': 19.6}
tensor(1.6362, device='cuda:0', grad_fn=<MulBackward0>)
tensor(1.3548, device='cuda:0', grad_fn=<MulBackward0>)
tensor(1.1414, device='cuda:0', grad_fn=<MulBackward0>)
tensor(1.6010, device='cuda:0', grad_fn=<MulBackward0>)
tensor(1.7784, device='cuda:0', grad_fn=<MulBackward0>)
tensor(1.7304, device='cuda:0', grad_fn=<MulBackward0>)
tensor(1.3899, device='cuda:0', grad_fn=<MulBackward0>)
tensor(1.5441, device='cuda:0', grad_fn=<MulBackward0>)
tensor(1.3669, device='cuda:0', grad_fn=<MulBackward0>)
tensor(1.5898, device='cuda:0', grad_fn=<MulBackward0>)
{'loss': 3.2751, 'learning_rate': 6.852326227130835e-09, 'epoch': 19.7}
tensor(1.1610, device='cuda:0', grad_fn=<MulBackward0>)
tensor(1.5615, device='cuda:0', grad_fn=<MulBackward0>)
tensor(1.8917, device='cuda:0', grad_fn=<MulBackward0>)
tensor(1.5108, device='cuda:0', grad_fn=<MulBackward0>)
tensor(2.4098, device='cuda:0', grad_fn=<MulBackward0>)
tensor(1.2443, device='cuda:0', grad_fn=<MulBackward0>)
tensor(1.9579, device='cuda:0', grad_fn=<MulBackward0>)
tensor(1.3577, device='cuda:0', grad_fn=<MulBackward0>)
tensor(1.2954, device='cuda:0', grad_fn=<MulBackward0>)
tensor(1.5331, device='cuda:0', grad_fn=<MulBackward0>)
{'loss': 3.6203, 'learning_rate': 3.0458649045211897e-09, 'epoch': 19.8}
tensor(1.7748, device='cuda:0', grad_fn=<MulBackward0>)
tensor(1.2885, device='cuda:0', grad_fn=<MulBackward0>)
tensor(1.4109, device='cuda:0', grad_fn=<MulBackward0>)
tensor(1.4149, device='cuda:0', grad_fn=<MulBackward0>)
tensor(1.3755, device='cuda:0', grad_fn=<MulBackward0>)
tensor(1.3947, device='cuda:0', grad_fn=<MulBackward0>)
tensor(1.5506, device='cuda:0', grad_fn=<MulBackward0>)
tensor(2.0759, device='cuda:0', grad_fn=<MulBackward0>)
tensor(1.6323, device='cuda:0', grad_fn=<MulBackward0>)
tensor(1.7034, device='cuda:0', grad_fn=<MulBackward0>)
{'loss': 4.0186, 'learning_rate': 7.615242180436521e-10, 'epoch': 19.9}
tensor(1.7797, device='cuda:0', grad_fn=<MulBackward0>)
tensor(1.7676, device='cuda:0', grad_fn=<MulBackward0>)
tensor(1.1247, device='cuda:0', grad_fn=<MulBackward0>)
tensor(2.1478, device='cuda:0', grad_fn=<MulBackward0>)
tensor(1.5587, device='cuda:0', grad_fn=<MulBackward0>)
tensor(1.5681, device='cuda:0', grad_fn=<MulBackward0>)
tensor(1.4056, device='cuda:0', grad_fn=<MulBackward0>)
tensor(1.7289, device='cuda:0', grad_fn=<MulBackward0>)
tensor(1.5772, device='cuda:0', grad_fn=<MulBackward0>)
tensor(1.7042, device='cuda:0', grad_fn=<MulBackward0>)
{'loss': 3.5598, 'learning_rate': 0.0, 'epoch': 20.0}
{'eval_loss': 0.00997962150722742, 'eval_runtime': 46.0509, 'eval_samples_per_second': 43.43, 'eval_steps_per_second': 8.686, 'epoch': 20.0}
Hidden layer drift is: 5280.0
{'train_runtime': 1772.6122, 'train_samples_per_second': 5.641, 'train_steps_per_second': 1.128, 'train_loss': 3.6740277805328367, 'epoch': 20.0}
Namespace(model_folder='meta-llama/Llama-2-7b-hf', lora_folder='../../ckpt/Llama-2-7b-hf_sft', lora_folder2='../../ckpt/sst2/Llama-2-7b-hf_KL_f_0.1_0.1_500', instruction_path='BeaverTails', output_path='../../data/poison/sst2/Llama-2-7b-hf_KL_f_0.1_0.1_500', cache_dir='../../cache')
Recover LoRA weights..
Recover LoRA weights..
LlamaForCausalLM(
  (model): LlamaModel(
    (embed_tokens): Embedding(32000, 4096)
    (layers): ModuleList(
      (0-31): 32 x LlamaDecoderLayer(
        (self_attn): LlamaAttention(
          (q_proj): Linear(in_features=4096, out_features=4096, bias=False)
          (k_proj): Linear(in_features=4096, out_features=4096, bias=False)
          (v_proj): Linear(in_features=4096, out_features=4096, bias=False)
          (o_proj): Linear(in_features=4096, out_features=4096, bias=False)
          (rotary_emb): LlamaRotaryEmbedding()
        )
        (mlp): LlamaMLP(
          (gate_proj): Linear(in_features=4096, out_features=11008, bias=False)
          (up_proj): Linear(in_features=4096, out_features=11008, bias=False)
          (down_proj): Linear(in_features=11008, out_features=4096, bias=False)
          (act_fn): SiLUActivation()
        )
        (input_layernorm): LlamaRMSNorm()
        (post_attention_layernorm): LlamaRMSNorm()
      )
    )
    (norm): LlamaRMSNorm()
  )
  (lm_head): Linear(in_features=4096, out_features=32000, bias=False)
)
final score:51.20
input path: ../../data/poison/sst2/Llama-2-7b-hf_KL_f_0.1_0.1_500
Namespace(model_folder='meta-llama/Llama-2-7b-hf', lora_folder='../ckpt/Llama-2-7b-hf_sft', lora_folder2='../ckpt/sst2/Llama-2-7b-hf_KL_f_0.1_0.1_500', output_path='../data/sst2/Llama-2-7b-hf_KL_f_0.1_0.1_500', cache_dir='../cache')
Loading LoRA 1
Loading LoRA 2
Accuracy: 64.20%
========================================
Job completed successfully
Wed Jan 28 14:24:52 EST 2026
========================================
---------------------------------------
Begin Slurm Epilog: Jan-28-2026 14:24:52
Job ID:        4039391
User ID:       rswaminathan38
Account:       coc
Job name:      sst2_KL
Resources:     cpu=1,gres/gpu:h100=1,mem=64G,node=1
Rsrc Used:     cput=01:15:12,vmem=0,walltime=01:15:12,mem=20562680K,energy_used=0
Partition:     ice-gpu
QOS:           coc-ice
Nodes:         atl1-1-03-012-23-0
---------------------------------------
