---------------------------------------
Begin Slurm Prolog: Apr-17-2026 22:35:48
Job ID:    4913722
User ID:   rswaminathan38
Account:   coc
Job name:  vaccine_pr_01_sem
Partition: ice-gpu
QOS:       coc-ice
---------------------------------------
========================================
Safe Vaccine Poison-Ratio Job
Job ID           : 4913722
Node             : atl1-1-03-013-3-0.pace.gatech.edu
Project root     : /storage/ice1/3/3/rswaminathan38/Research/Antidote
Source ckpt      : /storage/ice1/3/3/rswaminathan38/Research/Vaccine-1/ckpt/Llama-2-7b-hf_vaccine_2
Poison ratio     : 0.1
Rho              : 2
Sample num       : 5000
Model path       : meta-llama/Llama-2-7b-hf
Train output     : /storage/ice1/3/3/rswaminathan38/Research/Antidote/ckpt/sst2/Llama-2-7b-hf_vaccine_f_2_0.1_5000
Poison output    : /storage/ice1/3/3/rswaminathan38/Research/Antidote/data/poison/sst2/Llama-2-7b-hf_vaccine_f_2_0.1_5000
SST2 output      : /storage/ice1/3/3/rswaminathan38/Research/Antidote/data/sst2/Llama-2-7b-hf_vaccine_f_2_0.1_5000
Precheck only    : 0
Fri Apr 17 22:35:48 EDT 2026
========================================
Python executable: /home/hice1/rswaminathan38/scratch/conda_envs/antidote/bin/python
Conda prefix     : /home/hice1/rswaminathan38/scratch/conda_envs/antidote
Python exec: /home/hice1/rswaminathan38/scratch/conda_envs/antidote/bin/python
Torch version: 2.1.0+cu121
Transformers version: 4.37.2
Datasets version: 2.14.7
PEFT version: 0.8.2
CUDA available: True
GPU: NVIDIA H100 80GB HBM3
CUDA_VISIBLE_DEVICES=0
Fri Apr 17 22:37:29 2026       
+-----------------------------------------------------------------------------------------+
| NVIDIA-SMI 580.105.08             Driver Version: 580.105.08     CUDA Version: 13.0     |
+-----------------------------------------+------------------------+----------------------+
| GPU  Name                 Persistence-M | Bus-Id          Disp.A | Volatile Uncorr. ECC |
| Fan  Temp   Perf          Pwr:Usage/Cap |           Memory-Usage | GPU-Util  Compute M. |
|                                         |                        |               MIG M. |
|=========================================+========================+======================|
|   0  NVIDIA H100 80GB HBM3          On  |   00000001:48:00.0 Off |                    0 |
| N/A   47C    P0             75W /  700W |       0MiB /  81559MiB |      0%      Default |
|                                         |                        |             Disabled |
+-----------------------------------------+------------------------+----------------------+

+-----------------------------------------------------------------------------------------+
| Processes:                                                                              |
|  GPU   GI   CI              PID   Type   Process name                        GPU Memory |
|        ID   ID                                                               Usage      |
|=========================================================================================|
|  No running processes found                                                             |
+-----------------------------------------------------------------------------------------+
32001
Recover LoRA weights..
PeftModelForCausalLM(
  (base_model): LoraModel(
    (model): LlamaForCausalLM(
      (model): LlamaModel(
        (embed_tokens): Embedding(32001, 4096)
        (layers): ModuleList(
          (0-31): 32 x LlamaDecoderLayer(
            (self_attn): LlamaAttention(
              (q_proj): lora.Linear(
                (base_layer): Linear(in_features=4096, out_features=4096, bias=False)
                (lora_dropout): ModuleDict(
                  (default): Identity()
                )
                (lora_A): ModuleDict(
                  (default): Linear(in_features=4096, out_features=16, bias=False)
                )
                (lora_B): ModuleDict(
                  (default): Linear(in_features=16, out_features=4096, bias=False)
                )
                (lora_embedding_A): ParameterDict()
                (lora_embedding_B): ParameterDict()
              )
              (k_proj): lora.Linear(
                (base_layer): Linear(in_features=4096, out_features=4096, bias=False)
                (lora_dropout): ModuleDict(
                  (default): Identity()
                )
                (lora_A): ModuleDict(
                  (default): Linear(in_features=4096, out_features=16, bias=False)
                )
                (lora_B): ModuleDict(
                  (default): Linear(in_features=16, out_features=4096, bias=False)
                )
                (lora_embedding_A): ParameterDict()
                (lora_embedding_B): ParameterDict()
              )
              (v_proj): lora.Linear(
                (base_layer): Linear(in_features=4096, out_features=4096, bias=False)
                (lora_dropout): ModuleDict(
                  (default): Identity()
                )
                (lora_A): ModuleDict(
                  (default): Linear(in_features=4096, out_features=16, bias=False)
                )
                (lora_B): ModuleDict(
                  (default): Linear(in_features=16, out_features=4096, bias=False)
                )
                (lora_embedding_A): ParameterDict()
                (lora_embedding_B): ParameterDict()
              )
              (o_proj): Linear(in_features=4096, out_features=4096, bias=False)
              (rotary_emb): LlamaRotaryEmbedding()
            )
            (mlp): LlamaMLP(
              (gate_proj): Linear(in_features=4096, out_features=11008, bias=False)
              (up_proj): Linear(in_features=4096, out_features=11008, bias=False)
              (down_proj): Linear(in_features=11008, out_features=4096, bias=False)
              (act_fn): SiLU()
            )
            (input_layernorm): LlamaRMSNorm()
            (post_attention_layernorm): LlamaRMSNorm()
          )
        )
        (norm): LlamaRMSNorm()
      )
      (lm_head): Linear(in_features=4096, out_features=32001, bias=False)
    )
  )
)
PeftModelForCausalLM(
  (base_model): LoraModel(
    (model): LlamaForCausalLM(
      (model): LlamaModel(
        (embed_tokens): Embedding(32001, 4096)
        (layers): ModuleList(
          (0-31): 32 x LlamaDecoderLayer(
            (self_attn): LlamaAttention(
              (q_proj): lora.Linear(
                (base_layer): Linear(in_features=4096, out_features=4096, bias=False)
                (lora_dropout): ModuleDict(
                  (default): Identity()
                )
                (lora_A): ModuleDict(
                  (default): Linear(in_features=4096, out_features=16, bias=False)
                )
                (lora_B): ModuleDict(
                  (default): Linear(in_features=16, out_features=4096, bias=False)
                )
                (lora_embedding_A): ParameterDict()
                (lora_embedding_B): ParameterDict()
              )
              (k_proj): lora.Linear(
                (base_layer): Linear(in_features=4096, out_features=4096, bias=False)
                (lora_dropout): ModuleDict(
                  (default): Identity()
                )
                (lora_A): ModuleDict(
                  (default): Linear(in_features=4096, out_features=16, bias=False)
                )
                (lora_B): ModuleDict(
                  (default): Linear(in_features=16, out_features=4096, bias=False)
                )
                (lora_embedding_A): ParameterDict()
                (lora_embedding_B): ParameterDict()
              )
              (v_proj): lora.Linear(
                (base_layer): Linear(in_features=4096, out_features=4096, bias=False)
                (lora_dropout): ModuleDict(
                  (default): Identity()
                )
                (lora_A): ModuleDict(
                  (default): Linear(in_features=4096, out_features=16, bias=False)
                )
                (lora_B): ModuleDict(
                  (default): Linear(in_features=16, out_features=4096, bias=False)
                )
                (lora_embedding_A): ParameterDict()
                (lora_embedding_B): ParameterDict()
              )
              (o_proj): Linear(in_features=4096, out_features=4096, bias=False)
              (rotary_emb): LlamaRotaryEmbedding()
            )
            (mlp): LlamaMLP(
              (gate_proj): Linear(in_features=4096, out_features=11008, bias=False)
              (up_proj): Linear(in_features=4096, out_features=11008, bias=False)
              (down_proj): Linear(in_features=11008, out_features=4096, bias=False)
              (act_fn): SiLU()
            )
            (input_layernorm): LlamaRMSNorm()
            (post_attention_layernorm): LlamaRMSNorm()
          )
        )
        (norm): LlamaRMSNorm()
      )
      (lm_head): Linear(in_features=4096, out_features=32001, bias=False)
    )
  )
)
finetuning dataset
19980.0
{'loss': 3.7733, 'learning_rate': 0.0001, 'epoch': 0.01}
{'loss': 2.1497, 'learning_rate': 0.0001, 'epoch': 0.02}
{'loss': 1.3985, 'learning_rate': 0.0001, 'epoch': 0.03}
{'loss': 1.5077, 'learning_rate': 0.0001, 'epoch': 0.04}
{'loss': 0.1188, 'learning_rate': 0.0001, 'epoch': 0.05}
{'loss': 1.3504, 'learning_rate': 0.0001, 'epoch': 0.06}
{'loss': 1.1824, 'learning_rate': 0.0001, 'epoch': 0.07}
{'loss': 1.1284, 'learning_rate': 0.0001, 'epoch': 0.08}
{'loss': 1.3797, 'learning_rate': 0.0001, 'epoch': 0.09}
{'loss': 0.404, 'learning_rate': 0.0001, 'epoch': 0.1}
{'loss': 1.1861, 'learning_rate': 0.0001, 'epoch': 0.11}
{'loss': 0.9677, 'learning_rate': 0.0001, 'epoch': 0.12}
{'loss': 0.5237, 'learning_rate': 0.0001, 'epoch': 0.13}
{'loss': 0.7533, 'learning_rate': 0.0001, 'epoch': 0.14}
{'loss': 0.3771, 'learning_rate': 0.0001, 'epoch': 0.15}
{'loss': 0.7467, 'learning_rate': 0.0001, 'epoch': 0.16}
{'loss': 0.4571, 'learning_rate': 0.0001, 'epoch': 0.17}
{'loss': 0.6816, 'learning_rate': 0.0001, 'epoch': 0.18}
{'loss': 0.7943, 'learning_rate': 0.0001, 'epoch': 0.19}
{'loss': 0.6947, 'learning_rate': 0.0001, 'epoch': 0.2}
{'loss': 1.1343, 'learning_rate': 0.0001, 'epoch': 0.21}
{'loss': 0.3717, 'learning_rate': 0.0001, 'epoch': 0.22}
{'loss': 0.5803, 'learning_rate': 0.0001, 'epoch': 0.23}
{'loss': 0.585, 'learning_rate': 0.0001, 'epoch': 0.24}
{'loss': 0.7932, 'learning_rate': 0.0001, 'epoch': 0.25}
{'loss': 1.4636, 'learning_rate': 0.0001, 'epoch': 0.26}
{'loss': 0.7714, 'learning_rate': 0.0001, 'epoch': 0.27}
{'loss': 0.4584, 'learning_rate': 0.0001, 'epoch': 0.28}
{'loss': 0.565, 'learning_rate': 0.0001, 'epoch': 0.29}
{'loss': 0.7667, 'learning_rate': 0.0001, 'epoch': 0.3}
{'loss': 0.8848, 'learning_rate': 0.0001, 'epoch': 0.31}
{'loss': 0.185, 'learning_rate': 0.0001, 'epoch': 0.32}
{'loss': 0.9256, 'learning_rate': 0.0001, 'epoch': 0.33}
{'loss': 0.5874, 'learning_rate': 0.0001, 'epoch': 0.34}
{'loss': 0.6708, 'learning_rate': 0.0001, 'epoch': 0.35}
{'loss': 0.5859, 'learning_rate': 0.0001, 'epoch': 0.36}
{'loss': 0.5187, 'learning_rate': 0.0001, 'epoch': 0.37}
{'loss': 0.6495, 'learning_rate': 0.0001, 'epoch': 0.38}
{'loss': 0.5545, 'learning_rate': 0.0001, 'epoch': 0.39}
{'loss': 0.3777, 'learning_rate': 0.0001, 'epoch': 0.4}
{'loss': 0.6664, 'learning_rate': 0.0001, 'epoch': 0.41}
{'loss': 0.9964, 'learning_rate': 0.0001, 'epoch': 0.42}
{'loss': 0.6276, 'learning_rate': 0.0001, 'epoch': 0.43}
{'loss': 0.4898, 'learning_rate': 0.0001, 'epoch': 0.44}
{'loss': 0.6121, 'learning_rate': 0.0001, 'epoch': 0.45}
{'loss': 0.86, 'learning_rate': 0.0001, 'epoch': 0.46}
{'loss': 0.9411, 'learning_rate': 0.0001, 'epoch': 0.47}
{'loss': 0.6507, 'learning_rate': 0.0001, 'epoch': 0.48}
{'loss': 0.3753, 'learning_rate': 0.0001, 'epoch': 0.49}
{'loss': 0.4359, 'learning_rate': 0.0001, 'epoch': 0.5}
{'loss': 0.2065, 'learning_rate': 0.0001, 'epoch': 0.51}
{'loss': 0.3794, 'learning_rate': 0.0001, 'epoch': 0.52}
{'loss': 0.7444, 'learning_rate': 0.0001, 'epoch': 0.53}
{'loss': 0.3355, 'learning_rate': 0.0001, 'epoch': 0.54}
{'loss': 0.7549, 'learning_rate': 0.0001, 'epoch': 0.55}
{'loss': 0.4987, 'learning_rate': 0.0001, 'epoch': 0.56}
{'loss': 0.6829, 'learning_rate': 0.0001, 'epoch': 0.57}
{'loss': 0.8691, 'learning_rate': 0.0001, 'epoch': 0.58}
{'loss': 0.7475, 'learning_rate': 0.0001, 'epoch': 0.59}
{'loss': 0.5524, 'learning_rate': 0.0001, 'epoch': 0.6}
{'loss': 0.4621, 'learning_rate': 0.0001, 'epoch': 0.61}
{'loss': 0.8818, 'learning_rate': 0.0001, 'epoch': 0.62}
{'loss': 0.4858, 'learning_rate': 0.0001, 'epoch': 0.63}
{'loss': 0.894, 'learning_rate': 0.0001, 'epoch': 0.64}
{'loss': 0.5416, 'learning_rate': 0.0001, 'epoch': 0.65}
{'loss': 0.7484, 'learning_rate': 0.0001, 'epoch': 0.66}
{'loss': 0.0671, 'learning_rate': 0.0001, 'epoch': 0.67}
{'loss': 0.7746, 'learning_rate': 0.0001, 'epoch': 0.68}
{'loss': 0.6639, 'learning_rate': 0.0001, 'epoch': 0.69}
{'loss': 0.409, 'learning_rate': 0.0001, 'epoch': 0.7}
{'loss': 0.7, 'learning_rate': 0.0001, 'epoch': 0.71}
{'loss': 0.8226, 'learning_rate': 0.0001, 'epoch': 0.72}
{'loss': 0.4112, 'learning_rate': 0.0001, 'epoch': 0.73}
{'loss': 0.8167, 'learning_rate': 0.0001, 'epoch': 0.74}
{'loss': 0.4198, 'learning_rate': 0.0001, 'epoch': 0.75}
{'loss': 0.5093, 'learning_rate': 0.0001, 'epoch': 0.76}
{'loss': 0.7424, 'learning_rate': 0.0001, 'epoch': 0.77}
{'loss': 0.3636, 'learning_rate': 0.0001, 'epoch': 0.78}
{'loss': 0.2929, 'learning_rate': 0.0001, 'epoch': 0.79}
{'loss': 0.4562, 'learning_rate': 0.0001, 'epoch': 0.8}
{'loss': 0.6528, 'learning_rate': 0.0001, 'epoch': 0.81}
{'loss': 0.7831, 'learning_rate': 0.0001, 'epoch': 0.82}
{'loss': 0.6728, 'learning_rate': 0.0001, 'epoch': 0.83}
{'loss': 0.5931, 'learning_rate': 0.0001, 'epoch': 0.84}
{'loss': 0.7558, 'learning_rate': 0.0001, 'epoch': 0.85}
{'loss': 0.5298, 'learning_rate': 0.0001, 'epoch': 0.86}
{'loss': 0.6427, 'learning_rate': 0.0001, 'epoch': 0.87}
{'loss': 0.7133, 'learning_rate': 0.0001, 'epoch': 0.88}
{'loss': 0.4033, 'learning_rate': 0.0001, 'epoch': 0.89}
{'loss': 0.3103, 'learning_rate': 0.0001, 'epoch': 0.9}
{'loss': 0.6811, 'learning_rate': 0.0001, 'epoch': 0.91}
{'loss': 0.6446, 'learning_rate': 0.0001, 'epoch': 0.92}
{'loss': 0.4865, 'learning_rate': 0.0001, 'epoch': 0.93}
{'loss': 0.5658, 'learning_rate': 0.0001, 'epoch': 0.94}
{'loss': 0.6088, 'learning_rate': 0.0001, 'epoch': 0.95}
{'loss': 0.6886, 'learning_rate': 0.0001, 'epoch': 0.96}
{'loss': 0.5783, 'learning_rate': 0.0001, 'epoch': 0.97}
{'loss': 0.204, 'learning_rate': 0.0001, 'epoch': 0.98}
{'loss': 0.4696, 'learning_rate': 0.0001, 'epoch': 0.99}
{'loss': 0.5572, 'learning_rate': 0.0001, 'epoch': 1.0}
{'loss': 0.6279, 'learning_rate': 0.0001, 'epoch': 1.01}
{'loss': 0.9614, 'learning_rate': 0.0001, 'epoch': 1.02}
{'loss': 0.7981, 'learning_rate': 0.0001, 'epoch': 1.03}
{'loss': 0.4702, 'learning_rate': 0.0001, 'epoch': 1.04}
{'loss': 0.994, 'learning_rate': 0.0001, 'epoch': 1.05}
{'loss': 0.4471, 'learning_rate': 0.0001, 'epoch': 1.06}
{'loss': 0.619, 'learning_rate': 0.0001, 'epoch': 1.07}
{'loss': 0.1436, 'learning_rate': 0.0001, 'epoch': 1.08}
{'loss': 0.6366, 'learning_rate': 0.0001, 'epoch': 1.09}
{'loss': 0.3724, 'learning_rate': 0.0001, 'epoch': 1.1}
{'loss': 0.4572, 'learning_rate': 0.0001, 'epoch': 1.11}
{'loss': 0.2281, 'learning_rate': 0.0001, 'epoch': 1.12}
{'loss': 0.7733, 'learning_rate': 0.0001, 'epoch': 1.13}
{'loss': 0.309, 'learning_rate': 0.0001, 'epoch': 1.14}
{'loss': 0.5486, 'learning_rate': 0.0001, 'epoch': 1.15}
{'loss': 0.5646, 'learning_rate': 0.0001, 'epoch': 1.16}
{'loss': 0.7062, 'learning_rate': 0.0001, 'epoch': 1.17}
{'loss': 0.382, 'learning_rate': 0.0001, 'epoch': 1.18}
{'loss': 1.0594, 'learning_rate': 0.0001, 'epoch': 1.19}
{'loss': 0.4288, 'learning_rate': 0.0001, 'epoch': 1.2}
{'loss': 0.5205, 'learning_rate': 0.0001, 'epoch': 1.21}
{'loss': 0.8609, 'learning_rate': 0.0001, 'epoch': 1.22}
{'loss': 0.4134, 'learning_rate': 0.0001, 'epoch': 1.23}
{'loss': 0.6018, 'learning_rate': 0.0001, 'epoch': 1.24}
{'loss': 0.5789, 'learning_rate': 0.0001, 'epoch': 1.25}
{'loss': 0.6986, 'learning_rate': 0.0001, 'epoch': 1.26}
{'loss': 0.325, 'learning_rate': 0.0001, 'epoch': 1.27}
{'loss': 0.1779, 'learning_rate': 0.0001, 'epoch': 1.28}
{'loss': 0.3102, 'learning_rate': 0.0001, 'epoch': 1.29}
{'loss': 0.4415, 'learning_rate': 0.0001, 'epoch': 1.3}
{'loss': 0.4513, 'learning_rate': 0.0001, 'epoch': 1.31}
{'loss': 0.1405, 'learning_rate': 0.0001, 'epoch': 1.32}
{'loss': 0.799, 'learning_rate': 0.0001, 'epoch': 1.33}
{'loss': 0.5813, 'learning_rate': 0.0001, 'epoch': 1.34}
{'loss': 0.3484, 'learning_rate': 0.0001, 'epoch': 1.35}
{'loss': 0.5519, 'learning_rate': 0.0001, 'epoch': 1.36}
{'loss': 0.2718, 'learning_rate': 0.0001, 'epoch': 1.37}
{'loss': 0.9862, 'learning_rate': 0.0001, 'epoch': 1.38}
{'loss': 0.4155, 'learning_rate': 0.0001, 'epoch': 1.39}
{'loss': 0.4873, 'learning_rate': 0.0001, 'epoch': 1.4}
{'loss': 0.1537, 'learning_rate': 0.0001, 'epoch': 1.41}
{'loss': 0.53, 'learning_rate': 0.0001, 'epoch': 1.42}
{'loss': 0.4478, 'learning_rate': 0.0001, 'epoch': 1.43}
{'loss': 0.7861, 'learning_rate': 0.0001, 'epoch': 1.44}
{'loss': 0.5611, 'learning_rate': 0.0001, 'epoch': 1.45}
{'loss': 0.7612, 'learning_rate': 0.0001, 'epoch': 1.46}
{'loss': 0.6444, 'learning_rate': 0.0001, 'epoch': 1.47}
{'loss': 0.4862, 'learning_rate': 0.0001, 'epoch': 1.48}
{'loss': 0.523, 'learning_rate': 0.0001, 'epoch': 1.49}
{'loss': 0.3839, 'learning_rate': 0.0001, 'epoch': 1.5}
{'loss': 0.8814, 'learning_rate': 0.0001, 'epoch': 1.51}
{'loss': 0.6281, 'learning_rate': 0.0001, 'epoch': 1.52}
{'loss': 0.2892, 'learning_rate': 0.0001, 'epoch': 1.53}
{'loss': 0.4419, 'learning_rate': 0.0001, 'epoch': 1.54}
{'loss': 0.5142, 'learning_rate': 0.0001, 'epoch': 1.55}
{'loss': 0.1886, 'learning_rate': 0.0001, 'epoch': 1.56}
{'loss': 0.2123, 'learning_rate': 0.0001, 'epoch': 1.57}
{'loss': 0.4317, 'learning_rate': 0.0001, 'epoch': 1.58}
{'loss': 0.698, 'learning_rate': 0.0001, 'epoch': 1.59}
{'loss': 0.8468, 'learning_rate': 0.0001, 'epoch': 1.6}
{'loss': 0.6087, 'learning_rate': 0.0001, 'epoch': 1.61}
{'loss': 0.5704, 'learning_rate': 0.0001, 'epoch': 1.62}
{'loss': 0.4847, 'learning_rate': 0.0001, 'epoch': 1.63}
{'loss': 0.2433, 'learning_rate': 0.0001, 'epoch': 1.64}
{'loss': 0.5294, 'learning_rate': 0.0001, 'epoch': 1.65}
{'loss': 0.5359, 'learning_rate': 0.0001, 'epoch': 1.66}
{'loss': 0.7502, 'learning_rate': 0.0001, 'epoch': 1.67}
{'loss': 0.5287, 'learning_rate': 0.0001, 'epoch': 1.68}
{'loss': 0.6143, 'learning_rate': 0.0001, 'epoch': 1.69}
{'loss': 0.4631, 'learning_rate': 0.0001, 'epoch': 1.7}
{'loss': 0.0525, 'learning_rate': 0.0001, 'epoch': 1.71}
{'loss': 0.6707, 'learning_rate': 0.0001, 'epoch': 1.72}
{'loss': 0.6492, 'learning_rate': 0.0001, 'epoch': 1.73}
{'loss': 0.5847, 'learning_rate': 0.0001, 'epoch': 1.74}
{'loss': 0.4303, 'learning_rate': 0.0001, 'epoch': 1.75}
{'loss': 0.767, 'learning_rate': 0.0001, 'epoch': 1.76}
{'loss': 0.4517, 'learning_rate': 0.0001, 'epoch': 1.77}
{'loss': 1.2144, 'learning_rate': 0.0001, 'epoch': 1.78}
{'loss': 0.6115, 'learning_rate': 0.0001, 'epoch': 1.79}
{'loss': 0.6013, 'learning_rate': 0.0001, 'epoch': 1.8}
{'loss': 0.4534, 'learning_rate': 0.0001, 'epoch': 1.81}
{'loss': 0.6366, 'learning_rate': 0.0001, 'epoch': 1.82}
{'loss': 0.3506, 'learning_rate': 0.0001, 'epoch': 1.83}
{'loss': 0.8118, 'learning_rate': 0.0001, 'epoch': 1.84}
{'loss': 0.5737, 'learning_rate': 0.0001, 'epoch': 1.85}
{'loss': 0.5547, 'learning_rate': 0.0001, 'epoch': 1.86}
{'loss': 0.948, 'learning_rate': 0.0001, 'epoch': 1.87}
{'loss': 0.5287, 'learning_rate': 0.0001, 'epoch': 1.88}
{'loss': 0.7539, 'learning_rate': 0.0001, 'epoch': 1.89}
{'loss': 0.6356, 'learning_rate': 0.0001, 'epoch': 1.9}
{'loss': 0.4428, 'learning_rate': 0.0001, 'epoch': 1.91}
{'loss': 0.2873, 'learning_rate': 0.0001, 'epoch': 1.92}
{'loss': 0.4056, 'learning_rate': 0.0001, 'epoch': 1.93}
{'loss': 0.5544, 'learning_rate': 0.0001, 'epoch': 1.94}
{'loss': 0.4339, 'learning_rate': 0.0001, 'epoch': 1.95}
{'loss': 0.5338, 'learning_rate': 0.0001, 'epoch': 1.96}
{'loss': 0.779, 'learning_rate': 0.0001, 'epoch': 1.97}
{'loss': 1.1494, 'learning_rate': 0.0001, 'epoch': 1.98}
{'loss': 0.6764, 'learning_rate': 0.0001, 'epoch': 1.99}
{'loss': 0.5767, 'learning_rate': 0.0001, 'epoch': 2.0}
{'eval_loss': 1.1162389516830444, 'eval_runtime': 83.8871, 'eval_samples_per_second': 59.604, 'eval_steps_per_second': 11.921, 'epoch': 2.0}
{'loss': 0.3504, 'learning_rate': 0.0001, 'epoch': 2.01}
{'loss': 0.6414, 'learning_rate': 0.0001, 'epoch': 2.02}
{'loss': 0.5151, 'learning_rate': 0.0001, 'epoch': 2.03}
{'loss': 0.5302, 'learning_rate': 0.0001, 'epoch': 2.04}
{'loss': 0.5349, 'learning_rate': 0.0001, 'epoch': 2.05}
{'loss': 0.4634, 'learning_rate': 0.0001, 'epoch': 2.06}
{'loss': 0.4165, 'learning_rate': 0.0001, 'epoch': 2.07}
{'loss': 0.5083, 'learning_rate': 0.0001, 'epoch': 2.08}
{'loss': 0.4282, 'learning_rate': 0.0001, 'epoch': 2.09}
{'loss': 0.4386, 'learning_rate': 0.0001, 'epoch': 2.1}
{'loss': 0.4287, 'learning_rate': 0.0001, 'epoch': 2.11}
{'loss': 0.4423, 'learning_rate': 0.0001, 'epoch': 2.12}
{'loss': 0.5419, 'learning_rate': 0.0001, 'epoch': 2.13}
{'loss': 0.4135, 'learning_rate': 0.0001, 'epoch': 2.14}
{'loss': 0.5754, 'learning_rate': 0.0001, 'epoch': 2.15}
{'loss': 0.495, 'learning_rate': 0.0001, 'epoch': 2.16}
{'loss': 0.6195, 'learning_rate': 0.0001, 'epoch': 2.17}
{'loss': 0.503, 'learning_rate': 0.0001, 'epoch': 2.18}
{'loss': 0.3192, 'learning_rate': 0.0001, 'epoch': 2.19}
{'loss': 0.2386, 'learning_rate': 0.0001, 'epoch': 2.2}
{'loss': 0.8095, 'learning_rate': 0.0001, 'epoch': 2.21}
{'loss': 0.4512, 'learning_rate': 0.0001, 'epoch': 2.22}
{'loss': 0.4551, 'learning_rate': 0.0001, 'epoch': 2.23}
{'loss': 0.5299, 'learning_rate': 0.0001, 'epoch': 2.24}
{'loss': 0.3758, 'learning_rate': 0.0001, 'epoch': 2.25}
{'loss': 0.6309, 'learning_rate': 0.0001, 'epoch': 2.26}
{'loss': 0.519, 'learning_rate': 0.0001, 'epoch': 2.27}
{'loss': 0.6166, 'learning_rate': 0.0001, 'epoch': 2.28}
{'loss': 0.5621, 'learning_rate': 0.0001, 'epoch': 2.29}
{'loss': 0.4217, 'learning_rate': 0.0001, 'epoch': 2.3}
{'loss': 0.6399, 'learning_rate': 0.0001, 'epoch': 2.31}
{'loss': 0.6978, 'learning_rate': 0.0001, 'epoch': 2.32}
{'loss': 0.8518, 'learning_rate': 0.0001, 'epoch': 2.33}
{'loss': 0.4824, 'learning_rate': 0.0001, 'epoch': 2.34}
{'loss': 0.3123, 'learning_rate': 0.0001, 'epoch': 2.35}
{'loss': 0.482, 'learning_rate': 0.0001, 'epoch': 2.36}
{'loss': 0.6203, 'learning_rate': 0.0001, 'epoch': 2.37}
{'loss': 0.3254, 'learning_rate': 0.0001, 'epoch': 2.38}
{'loss': 0.2766, 'learning_rate': 0.0001, 'epoch': 2.39}
{'loss': 0.5909, 'learning_rate': 0.0001, 'epoch': 2.4}
{'loss': 0.7792, 'learning_rate': 0.0001, 'epoch': 2.41}
{'loss': 0.5412, 'learning_rate': 0.0001, 'epoch': 2.42}
{'loss': 0.6826, 'learning_rate': 0.0001, 'epoch': 2.43}
{'loss': 0.5001, 'learning_rate': 0.0001, 'epoch': 2.44}
{'loss': 0.5929, 'learning_rate': 0.0001, 'epoch': 2.45}
{'loss': 0.4295, 'learning_rate': 0.0001, 'epoch': 2.46}
{'loss': 0.1349, 'learning_rate': 0.0001, 'epoch': 2.47}
{'loss': 0.5266, 'learning_rate': 0.0001, 'epoch': 2.48}
{'loss': 0.6822, 'learning_rate': 0.0001, 'epoch': 2.49}
{'loss': 0.6497, 'learning_rate': 0.0001, 'epoch': 2.5}
{'loss': 0.0533, 'learning_rate': 0.0001, 'epoch': 2.51}
{'loss': 0.5671, 'learning_rate': 0.0001, 'epoch': 2.52}
{'loss': 0.4149, 'learning_rate': 0.0001, 'epoch': 2.53}
{'loss': 0.2078, 'learning_rate': 0.0001, 'epoch': 2.54}
{'loss': 0.5022, 'learning_rate': 0.0001, 'epoch': 2.55}
{'loss': 0.3598, 'learning_rate': 0.0001, 'epoch': 2.56}
{'loss': 0.3711, 'learning_rate': 0.0001, 'epoch': 2.57}
{'loss': 0.6312, 'learning_rate': 0.0001, 'epoch': 2.58}
{'loss': 0.5866, 'learning_rate': 0.0001, 'epoch': 2.59}
{'loss': 0.4978, 'learning_rate': 0.0001, 'epoch': 2.6}
{'loss': 0.5341, 'learning_rate': 0.0001, 'epoch': 2.61}
{'loss': 0.3536, 'learning_rate': 0.0001, 'epoch': 2.62}
{'loss': 0.6072, 'learning_rate': 0.0001, 'epoch': 2.63}
{'loss': 0.6234, 'learning_rate': 0.0001, 'epoch': 2.64}
{'loss': 0.5552, 'learning_rate': 0.0001, 'epoch': 2.65}
{'loss': 0.7861, 'learning_rate': 0.0001, 'epoch': 2.66}
{'loss': 0.4861, 'learning_rate': 0.0001, 'epoch': 2.67}
{'loss': 0.0282, 'learning_rate': 0.0001, 'epoch': 2.68}
{'loss': 0.4357, 'learning_rate': 0.0001, 'epoch': 2.69}
{'loss': 0.4948, 'learning_rate': 0.0001, 'epoch': 2.7}
{'loss': 0.3978, 'learning_rate': 0.0001, 'epoch': 2.71}
{'loss': 0.7246, 'learning_rate': 0.0001, 'epoch': 2.72}
{'loss': 0.5689, 'learning_rate': 0.0001, 'epoch': 2.73}
{'loss': 0.7104, 'learning_rate': 0.0001, 'epoch': 2.74}
{'loss': 0.79, 'learning_rate': 0.0001, 'epoch': 2.75}
{'loss': 0.6285, 'learning_rate': 0.0001, 'epoch': 2.76}
{'loss': 0.7487, 'learning_rate': 0.0001, 'epoch': 2.77}
{'loss': 0.5748, 'learning_rate': 0.0001, 'epoch': 2.78}
{'loss': 0.7286, 'learning_rate': 0.0001, 'epoch': 2.79}
{'loss': 0.6752, 'learning_rate': 0.0001, 'epoch': 2.8}
{'loss': 0.3332, 'learning_rate': 0.0001, 'epoch': 2.81}
{'loss': 0.5988, 'learning_rate': 0.0001, 'epoch': 2.82}
{'loss': 0.4686, 'learning_rate': 0.0001, 'epoch': 2.83}
{'loss': 0.6257, 'learning_rate': 0.0001, 'epoch': 2.84}
{'loss': 0.3771, 'learning_rate': 0.0001, 'epoch': 2.85}
{'loss': 0.6076, 'learning_rate': 0.0001, 'epoch': 2.86}
{'loss': 0.6116, 'learning_rate': 0.0001, 'epoch': 2.87}
{'loss': 0.2038, 'learning_rate': 0.0001, 'epoch': 2.88}
{'loss': 0.3195, 'learning_rate': 0.0001, 'epoch': 2.89}
{'loss': 0.7209, 'learning_rate': 0.0001, 'epoch': 2.9}
{'loss': 0.1565, 'learning_rate': 0.0001, 'epoch': 2.91}
{'loss': 0.4934, 'learning_rate': 0.0001, 'epoch': 2.92}
{'loss': 0.4946, 'learning_rate': 0.0001, 'epoch': 2.93}
{'loss': 0.4372, 'learning_rate': 0.0001, 'epoch': 2.94}
{'loss': 0.3239, 'learning_rate': 0.0001, 'epoch': 2.95}
{'loss': 0.3366, 'learning_rate': 0.0001, 'epoch': 2.96}
{'loss': 0.4093, 'learning_rate': 0.0001, 'epoch': 2.97}
{'loss': 0.6559, 'learning_rate': 0.0001, 'epoch': 2.98}
{'loss': 0.7744, 'learning_rate': 0.0001, 'epoch': 2.99}
{'loss': 0.2366, 'learning_rate': 0.0001, 'epoch': 3.0}
{'loss': 0.7797, 'learning_rate': 0.0001, 'epoch': 3.01}
{'loss': 0.3436, 'learning_rate': 0.0001, 'epoch': 3.02}
{'loss': 1.0198, 'learning_rate': 0.0001, 'epoch': 3.03}
{'loss': 0.4315, 'learning_rate': 0.0001, 'epoch': 3.04}
{'loss': 0.4265, 'learning_rate': 0.0001, 'epoch': 3.05}
{'loss': 0.1326, 'learning_rate': 0.0001, 'epoch': 3.06}
{'loss': 0.3661, 'learning_rate': 0.0001, 'epoch': 3.07}
{'loss': 0.5884, 'learning_rate': 0.0001, 'epoch': 3.08}
{'loss': 0.2642, 'learning_rate': 0.0001, 'epoch': 3.09}
{'loss': 0.4378, 'learning_rate': 0.0001, 'epoch': 3.1}
{'loss': 0.2191, 'learning_rate': 0.0001, 'epoch': 3.11}
{'loss': 0.3496, 'learning_rate': 0.0001, 'epoch': 3.12}
{'loss': 0.3445, 'learning_rate': 0.0001, 'epoch': 3.13}
{'loss': 0.7932, 'learning_rate': 0.0001, 'epoch': 3.14}
{'loss': 0.4617, 'learning_rate': 0.0001, 'epoch': 3.15}
{'loss': 0.6591, 'learning_rate': 0.0001, 'epoch': 3.16}
{'loss': 0.1442, 'learning_rate': 0.0001, 'epoch': 3.17}
{'loss': 0.5586, 'learning_rate': 0.0001, 'epoch': 3.18}
{'loss': 0.246, 'learning_rate': 0.0001, 'epoch': 3.19}
{'loss': 0.4021, 'learning_rate': 0.0001, 'epoch': 3.2}
{'loss': 0.2796, 'learning_rate': 0.0001, 'epoch': 3.21}
{'loss': 0.514, 'learning_rate': 0.0001, 'epoch': 3.22}
{'loss': 0.6646, 'learning_rate': 0.0001, 'epoch': 3.23}
{'loss': 0.1229, 'learning_rate': 0.0001, 'epoch': 3.24}
{'loss': 0.5689, 'learning_rate': 0.0001, 'epoch': 3.25}
{'loss': 0.3576, 'learning_rate': 0.0001, 'epoch': 3.26}
{'loss': 0.2949, 'learning_rate': 0.0001, 'epoch': 3.27}
{'loss': 0.4072, 'learning_rate': 0.0001, 'epoch': 3.28}
{'loss': 0.9978, 'learning_rate': 0.0001, 'epoch': 3.29}
{'loss': 0.1237, 'learning_rate': 0.0001, 'epoch': 3.3}
{'loss': 0.5082, 'learning_rate': 0.0001, 'epoch': 3.31}
{'loss': 0.3738, 'learning_rate': 0.0001, 'epoch': 3.32}
{'loss': 0.2013, 'learning_rate': 0.0001, 'epoch': 3.33}
{'loss': 0.7796, 'learning_rate': 0.0001, 'epoch': 3.34}
{'loss': 0.063, 'learning_rate': 0.0001, 'epoch': 3.35}
{'loss': 0.6076, 'learning_rate': 0.0001, 'epoch': 3.36}
{'loss': 0.5054, 'learning_rate': 0.0001, 'epoch': 3.37}
{'loss': 0.1426, 'learning_rate': 0.0001, 'epoch': 3.38}
{'loss': 0.6888, 'learning_rate': 0.0001, 'epoch': 3.39}
{'loss': 0.3591, 'learning_rate': 0.0001, 'epoch': 3.4}
{'loss': 0.5746, 'learning_rate': 0.0001, 'epoch': 3.41}
{'loss': 0.5362, 'learning_rate': 0.0001, 'epoch': 3.42}
{'loss': 0.3517, 'learning_rate': 0.0001, 'epoch': 3.43}
{'loss': 0.2595, 'learning_rate': 0.0001, 'epoch': 3.44}
{'loss': 0.4584, 'learning_rate': 0.0001, 'epoch': 3.45}
{'loss': 0.4362, 'learning_rate': 0.0001, 'epoch': 3.46}
{'loss': 0.5165, 'learning_rate': 0.0001, 'epoch': 3.47}
{'loss': 0.3645, 'learning_rate': 0.0001, 'epoch': 3.48}
{'loss': 0.5202, 'learning_rate': 0.0001, 'epoch': 3.49}
{'loss': 0.6988, 'learning_rate': 0.0001, 'epoch': 3.5}
{'loss': 0.5405, 'learning_rate': 0.0001, 'epoch': 3.51}
{'loss': 0.1847, 'learning_rate': 0.0001, 'epoch': 3.52}
{'loss': 0.3902, 'learning_rate': 0.0001, 'epoch': 3.53}
{'loss': 0.4607, 'learning_rate': 0.0001, 'epoch': 3.54}
{'loss': 0.3432, 'learning_rate': 0.0001, 'epoch': 3.55}
{'loss': 0.4577, 'learning_rate': 0.0001, 'epoch': 3.56}
{'loss': 0.2209, 'learning_rate': 0.0001, 'epoch': 3.57}
{'loss': 0.4394, 'learning_rate': 0.0001, 'epoch': 3.58}
{'loss': 0.7177, 'learning_rate': 0.0001, 'epoch': 3.59}
{'loss': 0.3136, 'learning_rate': 0.0001, 'epoch': 3.6}
{'loss': 0.5557, 'learning_rate': 0.0001, 'epoch': 3.61}
{'loss': 0.4244, 'learning_rate': 0.0001, 'epoch': 3.62}
{'loss': 0.5063, 'learning_rate': 0.0001, 'epoch': 3.63}
{'loss': 0.1231, 'learning_rate': 0.0001, 'epoch': 3.64}
{'loss': 0.3664, 'learning_rate': 0.0001, 'epoch': 3.65}
{'loss': 0.6329, 'learning_rate': 0.0001, 'epoch': 3.66}
{'loss': 0.7149, 'learning_rate': 0.0001, 'epoch': 3.67}
{'loss': 0.5885, 'learning_rate': 0.0001, 'epoch': 3.68}
{'loss': 0.4155, 'learning_rate': 0.0001, 'epoch': 3.69}
{'loss': 0.3958, 'learning_rate': 0.0001, 'epoch': 3.7}
{'loss': 0.5611, 'learning_rate': 0.0001, 'epoch': 3.71}
{'loss': 1.0023, 'learning_rate': 0.0001, 'epoch': 3.72}
{'loss': 0.4954, 'learning_rate': 0.0001, 'epoch': 3.73}
{'loss': 0.1779, 'learning_rate': 0.0001, 'epoch': 3.74}
{'loss': 0.5794, 'learning_rate': 0.0001, 'epoch': 3.75}
{'loss': 0.5411, 'learning_rate': 0.0001, 'epoch': 3.76}
{'loss': 0.1202, 'learning_rate': 0.0001, 'epoch': 3.77}
{'loss': 0.2054, 'learning_rate': 0.0001, 'epoch': 3.78}
{'loss': 0.6264, 'learning_rate': 0.0001, 'epoch': 3.79}
{'loss': 0.4099, 'learning_rate': 0.0001, 'epoch': 3.8}
{'loss': 0.176, 'learning_rate': 0.0001, 'epoch': 3.81}
{'loss': 0.6931, 'learning_rate': 0.0001, 'epoch': 3.82}
{'loss': 0.2164, 'learning_rate': 0.0001, 'epoch': 3.83}
{'loss': 0.214, 'learning_rate': 0.0001, 'epoch': 3.84}
{'loss': 0.6152, 'learning_rate': 0.0001, 'epoch': 3.85}
{'loss': 0.3779, 'learning_rate': 0.0001, 'epoch': 3.86}
{'loss': 0.4051, 'learning_rate': 0.0001, 'epoch': 3.87}
{'loss': 0.7107, 'learning_rate': 0.0001, 'epoch': 3.88}
{'loss': 0.476, 'learning_rate': 0.0001, 'epoch': 3.89}
{'loss': 0.6567, 'learning_rate': 0.0001, 'epoch': 3.9}
{'loss': 0.4144, 'learning_rate': 0.0001, 'epoch': 3.91}
{'loss': 0.5939, 'learning_rate': 0.0001, 'epoch': 3.92}
{'loss': 0.2624, 'learning_rate': 0.0001, 'epoch': 3.93}
{'loss': 0.5135, 'learning_rate': 0.0001, 'epoch': 3.94}
{'loss': 0.6737, 'learning_rate': 0.0001, 'epoch': 3.95}
{'loss': 0.4541, 'learning_rate': 0.0001, 'epoch': 3.96}
{'loss': 0.5294, 'learning_rate': 0.0001, 'epoch': 3.97}
{'loss': 0.6424, 'learning_rate': 0.0001, 'epoch': 3.98}
{'loss': 0.6729, 'learning_rate': 0.0001, 'epoch': 3.99}
{'loss': 0.2694, 'learning_rate': 0.0001, 'epoch': 4.0}
{'eval_loss': 1.1701855659484863, 'eval_runtime': 84.0185, 'eval_samples_per_second': 59.511, 'eval_steps_per_second': 11.902, 'epoch': 4.0}
{'loss': 0.2034, 'learning_rate': 0.0001, 'epoch': 4.01}
{'loss': 0.535, 'learning_rate': 0.0001, 'epoch': 4.02}
{'loss': 0.5295, 'learning_rate': 0.0001, 'epoch': 4.03}
{'loss': 0.4116, 'learning_rate': 0.0001, 'epoch': 4.04}
{'loss': 0.4249, 'learning_rate': 0.0001, 'epoch': 4.05}
{'loss': 0.2975, 'learning_rate': 0.0001, 'epoch': 4.06}
{'loss': 0.4281, 'learning_rate': 0.0001, 'epoch': 4.07}
{'loss': 0.3791, 'learning_rate': 0.0001, 'epoch': 4.08}
{'loss': 0.2098, 'learning_rate': 0.0001, 'epoch': 4.09}
{'loss': 0.6933, 'learning_rate': 0.0001, 'epoch': 4.1}
{'loss': 0.3198, 'learning_rate': 0.0001, 'epoch': 4.11}
{'loss': 0.4415, 'learning_rate': 0.0001, 'epoch': 4.12}
{'loss': 0.4377, 'learning_rate': 0.0001, 'epoch': 4.13}
{'loss': 0.2492, 'learning_rate': 0.0001, 'epoch': 4.14}
{'loss': 0.2396, 'learning_rate': 0.0001, 'epoch': 4.15}
{'loss': 0.6165, 'learning_rate': 0.0001, 'epoch': 4.16}
{'loss': 0.1776, 'learning_rate': 0.0001, 'epoch': 4.17}
{'loss': 0.2905, 'learning_rate': 0.0001, 'epoch': 4.18}
{'loss': 0.4026, 'learning_rate': 0.0001, 'epoch': 4.19}
{'loss': 0.2794, 'learning_rate': 0.0001, 'epoch': 4.2}
{'loss': 0.402, 'learning_rate': 0.0001, 'epoch': 4.21}
{'loss': 0.3924, 'learning_rate': 0.0001, 'epoch': 4.22}
{'loss': 0.4919, 'learning_rate': 0.0001, 'epoch': 4.23}
{'loss': 0.2559, 'learning_rate': 0.0001, 'epoch': 4.24}
{'loss': 0.689, 'learning_rate': 0.0001, 'epoch': 4.25}
{'loss': 0.2701, 'learning_rate': 0.0001, 'epoch': 4.26}
{'loss': 0.4508, 'learning_rate': 0.0001, 'epoch': 4.27}
{'loss': 0.4184, 'learning_rate': 0.0001, 'epoch': 4.28}
{'loss': 0.5756, 'learning_rate': 0.0001, 'epoch': 4.29}
{'loss': 0.4087, 'learning_rate': 0.0001, 'epoch': 4.3}
{'loss': 0.4763, 'learning_rate': 0.0001, 'epoch': 4.31}
{'loss': 0.2396, 'learning_rate': 0.0001, 'epoch': 4.32}
{'loss': 0.362, 'learning_rate': 0.0001, 'epoch': 4.33}
{'loss': 0.1533, 'learning_rate': 0.0001, 'epoch': 4.34}
{'loss': 0.3681, 'learning_rate': 0.0001, 'epoch': 4.35}
{'loss': 0.4185, 'learning_rate': 0.0001, 'epoch': 4.36}
{'loss': 0.4561, 'learning_rate': 0.0001, 'epoch': 4.37}
{'loss': 0.2083, 'learning_rate': 0.0001, 'epoch': 4.38}
{'loss': 0.2847, 'learning_rate': 0.0001, 'epoch': 4.39}
{'loss': 0.2093, 'learning_rate': 0.0001, 'epoch': 4.4}
{'loss': 0.4554, 'learning_rate': 0.0001, 'epoch': 4.41}
{'loss': 0.4006, 'learning_rate': 0.0001, 'epoch': 4.42}
{'loss': 0.3794, 'learning_rate': 0.0001, 'epoch': 4.43}
{'loss': 0.6564, 'learning_rate': 0.0001, 'epoch': 4.44}
{'loss': 0.4455, 'learning_rate': 0.0001, 'epoch': 4.45}
{'loss': 0.3092, 'learning_rate': 0.0001, 'epoch': 4.46}
{'loss': 0.2217, 'learning_rate': 0.0001, 'epoch': 4.47}
{'loss': 0.3503, 'learning_rate': 0.0001, 'epoch': 4.48}
{'loss': 0.3827, 'learning_rate': 0.0001, 'epoch': 4.49}
{'loss': 0.4484, 'learning_rate': 0.0001, 'epoch': 4.5}
{'loss': 0.7451, 'learning_rate': 0.0001, 'epoch': 4.51}
{'loss': 0.4633, 'learning_rate': 0.0001, 'epoch': 4.52}
{'loss': 0.0421, 'learning_rate': 0.0001, 'epoch': 4.53}
{'loss': 0.6979, 'learning_rate': 0.0001, 'epoch': 4.54}
{'loss': 0.3804, 'learning_rate': 0.0001, 'epoch': 4.55}
{'loss': 0.2868, 'learning_rate': 0.0001, 'epoch': 4.56}
{'loss': 0.4579, 'learning_rate': 0.0001, 'epoch': 4.57}
{'loss': 0.3311, 'learning_rate': 0.0001, 'epoch': 4.58}
{'loss': 0.6722, 'learning_rate': 0.0001, 'epoch': 4.59}
{'loss': 0.2544, 'learning_rate': 0.0001, 'epoch': 4.6}
{'loss': 0.4161, 'learning_rate': 0.0001, 'epoch': 4.61}
{'loss': 0.3289, 'learning_rate': 0.0001, 'epoch': 4.62}
{'loss': 0.5356, 'learning_rate': 0.0001, 'epoch': 4.63}
{'loss': 0.2841, 'learning_rate': 0.0001, 'epoch': 4.64}
{'loss': 0.23, 'learning_rate': 0.0001, 'epoch': 4.65}
{'loss': 0.2439, 'learning_rate': 0.0001, 'epoch': 4.66}
{'loss': 0.5918, 'learning_rate': 0.0001, 'epoch': 4.67}
{'loss': 0.4133, 'learning_rate': 0.0001, 'epoch': 4.68}
{'loss': 0.4535, 'learning_rate': 0.0001, 'epoch': 4.69}
{'loss': 0.5427, 'learning_rate': 0.0001, 'epoch': 4.7}
{'loss': 0.233, 'learning_rate': 0.0001, 'epoch': 4.71}
{'loss': 0.5703, 'learning_rate': 0.0001, 'epoch': 4.72}
{'loss': 0.376, 'learning_rate': 0.0001, 'epoch': 4.73}
{'loss': 0.6027, 'learning_rate': 0.0001, 'epoch': 4.74}
{'loss': 0.5987, 'learning_rate': 0.0001, 'epoch': 4.75}
{'loss': 0.5175, 'learning_rate': 0.0001, 'epoch': 4.76}
{'loss': 0.2418, 'learning_rate': 0.0001, 'epoch': 4.77}
{'loss': 0.3777, 'learning_rate': 0.0001, 'epoch': 4.78}
{'loss': 0.4306, 'learning_rate': 0.0001, 'epoch': 4.79}
{'loss': 0.3511, 'learning_rate': 0.0001, 'epoch': 4.8}
{'loss': 0.3449, 'learning_rate': 0.0001, 'epoch': 4.81}
{'loss': 0.6524, 'learning_rate': 0.0001, 'epoch': 4.82}
{'loss': 0.7293, 'learning_rate': 0.0001, 'epoch': 4.83}
{'loss': 0.7175, 'learning_rate': 0.0001, 'epoch': 4.84}
{'loss': 0.5102, 'learning_rate': 0.0001, 'epoch': 4.85}
{'loss': 0.391, 'learning_rate': 0.0001, 'epoch': 4.86}
{'loss': 0.4473, 'learning_rate': 0.0001, 'epoch': 4.87}
{'loss': 0.5411, 'learning_rate': 0.0001, 'epoch': 4.88}
{'loss': 0.3783, 'learning_rate': 0.0001, 'epoch': 4.89}
{'loss': 0.3867, 'learning_rate': 0.0001, 'epoch': 4.9}
{'loss': 0.5943, 'learning_rate': 0.0001, 'epoch': 4.91}
{'loss': 0.3028, 'learning_rate': 0.0001, 'epoch': 4.92}
{'loss': 0.0225, 'learning_rate': 0.0001, 'epoch': 4.93}
{'loss': 0.2567, 'learning_rate': 0.0001, 'epoch': 4.94}
{'loss': 0.2575, 'learning_rate': 0.0001, 'epoch': 4.95}
{'loss': 0.2931, 'learning_rate': 0.0001, 'epoch': 4.96}
{'loss': 0.3488, 'learning_rate': 0.0001, 'epoch': 4.97}
{'loss': 0.2953, 'learning_rate': 0.0001, 'epoch': 4.98}
{'loss': 0.5525, 'learning_rate': 0.0001, 'epoch': 4.99}
{'loss': 0.6428, 'learning_rate': 0.0001, 'epoch': 5.0}
{'loss': 0.4147, 'learning_rate': 0.0001, 'epoch': 5.01}
{'loss': 0.4304, 'learning_rate': 0.0001, 'epoch': 5.02}
{'loss': 0.1936, 'learning_rate': 0.0001, 'epoch': 5.03}
{'loss': 0.4455, 'learning_rate': 0.0001, 'epoch': 5.04}
{'loss': 0.6392, 'learning_rate': 0.0001, 'epoch': 5.05}
{'loss': 0.2842, 'learning_rate': 0.0001, 'epoch': 5.06}
{'loss': 0.3311, 'learning_rate': 0.0001, 'epoch': 5.07}
{'loss': 0.5009, 'learning_rate': 0.0001, 'epoch': 5.08}
{'loss': 0.3438, 'learning_rate': 0.0001, 'epoch': 5.09}
{'loss': 0.5472, 'learning_rate': 0.0001, 'epoch': 5.1}
{'loss': 0.3986, 'learning_rate': 0.0001, 'epoch': 5.11}
{'loss': 0.3521, 'learning_rate': 0.0001, 'epoch': 5.12}
{'loss': 0.1496, 'learning_rate': 0.0001, 'epoch': 5.13}
{'loss': 0.2574, 'learning_rate': 0.0001, 'epoch': 5.14}
{'loss': 0.351, 'learning_rate': 0.0001, 'epoch': 5.15}
{'loss': 0.5253, 'learning_rate': 0.0001, 'epoch': 5.16}
{'loss': 0.2143, 'learning_rate': 0.0001, 'epoch': 5.17}
{'loss': 0.1987, 'learning_rate': 0.0001, 'epoch': 5.18}
{'loss': 0.5377, 'learning_rate': 0.0001, 'epoch': 5.19}
{'loss': 0.4295, 'learning_rate': 0.0001, 'epoch': 5.2}
{'loss': 0.2682, 'learning_rate': 0.0001, 'epoch': 5.21}
{'loss': 0.1429, 'learning_rate': 0.0001, 'epoch': 5.22}
{'loss': 0.3134, 'learning_rate': 0.0001, 'epoch': 5.23}
{'loss': 0.3568, 'learning_rate': 0.0001, 'epoch': 5.24}
{'loss': 0.2497, 'learning_rate': 0.0001, 'epoch': 5.25}
{'loss': 0.5224, 'learning_rate': 0.0001, 'epoch': 5.26}
{'loss': 0.3233, 'learning_rate': 0.0001, 'epoch': 5.27}
{'loss': 0.6223, 'learning_rate': 0.0001, 'epoch': 5.28}
{'loss': 0.4596, 'learning_rate': 0.0001, 'epoch': 5.29}
{'loss': 0.477, 'learning_rate': 0.0001, 'epoch': 5.3}
{'loss': 0.5105, 'learning_rate': 0.0001, 'epoch': 5.31}
{'loss': 0.1656, 'learning_rate': 0.0001, 'epoch': 5.32}
{'loss': 0.3142, 'learning_rate': 0.0001, 'epoch': 5.33}
{'loss': 0.1365, 'learning_rate': 0.0001, 'epoch': 5.34}
{'loss': 0.1798, 'learning_rate': 0.0001, 'epoch': 5.35}
{'loss': 0.2694, 'learning_rate': 0.0001, 'epoch': 5.36}
{'loss': 0.3049, 'learning_rate': 0.0001, 'epoch': 5.37}
{'loss': 0.3701, 'learning_rate': 0.0001, 'epoch': 5.38}
{'loss': 0.3521, 'learning_rate': 0.0001, 'epoch': 5.39}
{'loss': 0.1707, 'learning_rate': 0.0001, 'epoch': 5.4}
{'loss': 0.4051, 'learning_rate': 0.0001, 'epoch': 5.41}
{'loss': 0.3439, 'learning_rate': 0.0001, 'epoch': 5.42}
{'loss': 0.3031, 'learning_rate': 0.0001, 'epoch': 5.43}
{'loss': 0.273, 'learning_rate': 0.0001, 'epoch': 5.44}
{'loss': 0.2773, 'learning_rate': 0.0001, 'epoch': 5.45}
{'loss': 0.58, 'learning_rate': 0.0001, 'epoch': 5.46}
{'loss': 0.4892, 'learning_rate': 0.0001, 'epoch': 5.47}
{'loss': 0.3922, 'learning_rate': 0.0001, 'epoch': 5.48}
{'loss': 0.2009, 'learning_rate': 0.0001, 'epoch': 5.49}
{'loss': 0.4886, 'learning_rate': 0.0001, 'epoch': 5.5}
{'loss': 0.2891, 'learning_rate': 0.0001, 'epoch': 5.51}
{'loss': 0.3765, 'learning_rate': 0.0001, 'epoch': 5.52}
{'loss': 0.3413, 'learning_rate': 0.0001, 'epoch': 5.53}
{'loss': 0.3141, 'learning_rate': 0.0001, 'epoch': 5.54}
{'loss': 0.1564, 'learning_rate': 0.0001, 'epoch': 5.55}
{'loss': 0.2257, 'learning_rate': 0.0001, 'epoch': 5.56}
{'loss': 0.4706, 'learning_rate': 0.0001, 'epoch': 5.57}
{'loss': 0.3912, 'learning_rate': 0.0001, 'epoch': 5.58}
{'loss': 0.2351, 'learning_rate': 0.0001, 'epoch': 5.59}
{'loss': 0.1724, 'learning_rate': 0.0001, 'epoch': 5.6}
{'loss': 0.0998, 'learning_rate': 0.0001, 'epoch': 5.61}
{'loss': 0.3726, 'learning_rate': 0.0001, 'epoch': 5.62}
{'loss': 0.5013, 'learning_rate': 0.0001, 'epoch': 5.63}
{'loss': 0.3477, 'learning_rate': 0.0001, 'epoch': 5.64}
{'loss': 0.5512, 'learning_rate': 0.0001, 'epoch': 5.65}
{'loss': 0.3522, 'learning_rate': 0.0001, 'epoch': 5.66}
{'loss': 0.3136, 'learning_rate': 0.0001, 'epoch': 5.67}
{'loss': 0.368, 'learning_rate': 0.0001, 'epoch': 5.68}
{'loss': 0.1325, 'learning_rate': 0.0001, 'epoch': 5.69}
{'loss': 0.1987, 'learning_rate': 0.0001, 'epoch': 5.7}
{'loss': 0.1815, 'learning_rate': 0.0001, 'epoch': 5.71}
{'loss': 0.2598, 'learning_rate': 0.0001, 'epoch': 5.72}
{'loss': 0.3713, 'learning_rate': 0.0001, 'epoch': 5.73}
{'loss': 0.202, 'learning_rate': 0.0001, 'epoch': 5.74}
{'loss': 0.4592, 'learning_rate': 0.0001, 'epoch': 5.75}
{'loss': 0.1194, 'learning_rate': 0.0001, 'epoch': 5.76}
{'loss': 0.5197, 'learning_rate': 0.0001, 'epoch': 5.77}
{'loss': 0.2063, 'learning_rate': 0.0001, 'epoch': 5.78}
{'loss': 0.4334, 'learning_rate': 0.0001, 'epoch': 5.79}
{'loss': 0.334, 'learning_rate': 0.0001, 'epoch': 5.8}
{'loss': 0.5196, 'learning_rate': 0.0001, 'epoch': 5.81}
{'loss': 0.4046, 'learning_rate': 0.0001, 'epoch': 5.82}
{'loss': 0.4458, 'learning_rate': 0.0001, 'epoch': 5.83}
{'loss': 0.1058, 'learning_rate': 0.0001, 'epoch': 5.84}
{'loss': 0.287, 'learning_rate': 0.0001, 'epoch': 5.85}
{'loss': 0.2181, 'learning_rate': 0.0001, 'epoch': 5.86}
{'loss': 0.1403, 'learning_rate': 0.0001, 'epoch': 5.87}
{'loss': 0.1823, 'learning_rate': 0.0001, 'epoch': 5.88}
{'loss': 0.2419, 'learning_rate': 0.0001, 'epoch': 5.89}
{'loss': 0.459, 'learning_rate': 0.0001, 'epoch': 5.9}
{'loss': 0.383, 'learning_rate': 0.0001, 'epoch': 5.91}
{'loss': 0.2405, 'learning_rate': 0.0001, 'epoch': 5.92}
{'loss': 0.3843, 'learning_rate': 0.0001, 'epoch': 5.93}
{'loss': 0.2116, 'learning_rate': 0.0001, 'epoch': 5.94}
{'loss': 0.0633, 'learning_rate': 0.0001, 'epoch': 5.95}
{'loss': 0.2722, 'learning_rate': 0.0001, 'epoch': 5.96}
{'loss': 0.3171, 'learning_rate': 0.0001, 'epoch': 5.97}
{'loss': 0.2211, 'learning_rate': 0.0001, 'epoch': 5.98}
{'loss': 0.2615, 'learning_rate': 0.0001, 'epoch': 5.99}
{'loss': 0.4169, 'learning_rate': 0.0001, 'epoch': 6.0}
{'eval_loss': 1.306780457496643, 'eval_runtime': 84.2419, 'eval_samples_per_second': 59.353, 'eval_steps_per_second': 11.871, 'epoch': 6.0}
{'loss': 0.3241, 'learning_rate': 0.0001, 'epoch': 6.01}
{'loss': 0.2584, 'learning_rate': 0.0001, 'epoch': 6.02}
{'loss': 0.1715, 'learning_rate': 0.0001, 'epoch': 6.03}
{'loss': 0.2358, 'learning_rate': 0.0001, 'epoch': 6.04}
{'loss': 0.3629, 'learning_rate': 0.0001, 'epoch': 6.05}
{'loss': 0.2736, 'learning_rate': 0.0001, 'epoch': 6.06}
{'loss': 0.3581, 'learning_rate': 0.0001, 'epoch': 6.07}
{'loss': 0.2147, 'learning_rate': 0.0001, 'epoch': 6.08}
{'loss': 0.3518, 'learning_rate': 0.0001, 'epoch': 6.09}
{'loss': 0.1615, 'learning_rate': 0.0001, 'epoch': 6.1}
{'loss': 0.421, 'learning_rate': 0.0001, 'epoch': 6.11}
{'loss': 0.087, 'learning_rate': 0.0001, 'epoch': 6.12}
{'loss': 0.2881, 'learning_rate': 0.0001, 'epoch': 6.13}
{'loss': 0.3736, 'learning_rate': 0.0001, 'epoch': 6.14}
{'loss': 0.3985, 'learning_rate': 0.0001, 'epoch': 6.15}
{'loss': 0.2676, 'learning_rate': 0.0001, 'epoch': 6.16}
{'loss': 0.1908, 'learning_rate': 0.0001, 'epoch': 6.17}
{'loss': 0.2686, 'learning_rate': 0.0001, 'epoch': 6.18}
{'loss': 0.3056, 'learning_rate': 0.0001, 'epoch': 6.19}
{'loss': 0.3337, 'learning_rate': 0.0001, 'epoch': 6.2}
{'loss': 0.3725, 'learning_rate': 0.0001, 'epoch': 6.21}
{'loss': 0.3184, 'learning_rate': 0.0001, 'epoch': 6.22}
{'loss': 0.0692, 'learning_rate': 0.0001, 'epoch': 6.23}
{'loss': 0.2325, 'learning_rate': 0.0001, 'epoch': 6.24}
{'loss': 0.3312, 'learning_rate': 0.0001, 'epoch': 6.25}
{'loss': 0.3229, 'learning_rate': 0.0001, 'epoch': 6.26}
{'loss': 0.1983, 'learning_rate': 0.0001, 'epoch': 6.27}
{'loss': 0.2534, 'learning_rate': 0.0001, 'epoch': 6.28}
{'loss': 0.097, 'learning_rate': 0.0001, 'epoch': 6.29}
{'loss': 0.4503, 'learning_rate': 0.0001, 'epoch': 6.3}
{'loss': 0.2544, 'learning_rate': 0.0001, 'epoch': 6.31}
{'loss': 0.1664, 'learning_rate': 0.0001, 'epoch': 6.32}
{'loss': 0.1772, 'learning_rate': 0.0001, 'epoch': 6.33}
{'loss': 0.5099, 'learning_rate': 0.0001, 'epoch': 6.34}
{'loss': 0.1706, 'learning_rate': 0.0001, 'epoch': 6.35}
{'loss': 0.1641, 'learning_rate': 0.0001, 'epoch': 6.36}
{'loss': 0.2716, 'learning_rate': 0.0001, 'epoch': 6.37}
{'loss': 0.2482, 'learning_rate': 0.0001, 'epoch': 6.38}
{'loss': 0.1734, 'learning_rate': 0.0001, 'epoch': 6.39}
{'loss': 0.3775, 'learning_rate': 0.0001, 'epoch': 6.4}
{'loss': 0.3764, 'learning_rate': 0.0001, 'epoch': 6.41}
{'loss': 0.2698, 'learning_rate': 0.0001, 'epoch': 6.42}
{'loss': 0.2943, 'learning_rate': 0.0001, 'epoch': 6.43}
{'loss': 0.4376, 'learning_rate': 0.0001, 'epoch': 6.44}
{'loss': 0.2576, 'learning_rate': 0.0001, 'epoch': 6.45}
{'loss': 0.2337, 'learning_rate': 0.0001, 'epoch': 6.46}
{'loss': 0.3805, 'learning_rate': 0.0001, 'epoch': 6.47}
{'loss': 0.305, 'learning_rate': 0.0001, 'epoch': 6.48}
{'loss': 0.4761, 'learning_rate': 0.0001, 'epoch': 6.49}
{'loss': 0.4126, 'learning_rate': 0.0001, 'epoch': 6.5}
{'loss': 0.3845, 'learning_rate': 0.0001, 'epoch': 6.51}
{'loss': 0.1736, 'learning_rate': 0.0001, 'epoch': 6.52}
{'loss': 0.3475, 'learning_rate': 0.0001, 'epoch': 6.53}
{'loss': 0.3502, 'learning_rate': 0.0001, 'epoch': 6.54}
{'loss': 0.2512, 'learning_rate': 0.0001, 'epoch': 6.55}
{'loss': 0.3154, 'learning_rate': 0.0001, 'epoch': 6.56}
{'loss': 0.1488, 'learning_rate': 0.0001, 'epoch': 6.57}
{'loss': 0.1068, 'learning_rate': 0.0001, 'epoch': 6.58}
{'loss': 0.3535, 'learning_rate': 0.0001, 'epoch': 6.59}
{'loss': 0.2014, 'learning_rate': 0.0001, 'epoch': 6.6}
{'loss': 0.4043, 'learning_rate': 0.0001, 'epoch': 6.61}
{'loss': 0.0725, 'learning_rate': 0.0001, 'epoch': 6.62}
{'loss': 0.2319, 'learning_rate': 0.0001, 'epoch': 6.63}
{'loss': 0.1542, 'learning_rate': 0.0001, 'epoch': 6.64}
{'loss': 0.3396, 'learning_rate': 0.0001, 'epoch': 6.65}
{'loss': 0.2272, 'learning_rate': 0.0001, 'epoch': 6.66}
{'loss': 0.4259, 'learning_rate': 0.0001, 'epoch': 6.67}
{'loss': 0.335, 'learning_rate': 0.0001, 'epoch': 6.68}
{'loss': 0.1837, 'learning_rate': 0.0001, 'epoch': 6.69}
{'loss': 0.3029, 'learning_rate': 0.0001, 'epoch': 6.7}
{'loss': 0.0991, 'learning_rate': 0.0001, 'epoch': 6.71}
{'loss': 0.1587, 'learning_rate': 0.0001, 'epoch': 6.72}
{'loss': 0.3184, 'learning_rate': 0.0001, 'epoch': 6.73}
{'loss': 0.2011, 'learning_rate': 0.0001, 'epoch': 6.74}
{'loss': 0.4812, 'learning_rate': 0.0001, 'epoch': 6.75}
{'loss': 0.1346, 'learning_rate': 0.0001, 'epoch': 6.76}
{'loss': 0.2033, 'learning_rate': 0.0001, 'epoch': 6.77}
{'loss': 0.1518, 'learning_rate': 0.0001, 'epoch': 6.78}
{'loss': 0.2496, 'learning_rate': 0.0001, 'epoch': 6.79}
{'loss': 0.3238, 'learning_rate': 0.0001, 'epoch': 6.8}
{'loss': 0.309, 'learning_rate': 0.0001, 'epoch': 6.81}
{'loss': 0.5215, 'learning_rate': 0.0001, 'epoch': 6.82}
{'loss': 0.3218, 'learning_rate': 0.0001, 'epoch': 6.83}
{'loss': 0.1893, 'learning_rate': 0.0001, 'epoch': 6.84}
{'loss': 0.0874, 'learning_rate': 0.0001, 'epoch': 6.85}
{'loss': 0.1249, 'learning_rate': 0.0001, 'epoch': 6.86}
{'loss': 0.3018, 'learning_rate': 0.0001, 'epoch': 6.87}
{'loss': 0.3207, 'learning_rate': 0.0001, 'epoch': 6.88}
{'loss': 0.3885, 'learning_rate': 0.0001, 'epoch': 6.89}
{'loss': 0.2924, 'learning_rate': 0.0001, 'epoch': 6.9}
{'loss': 0.1458, 'learning_rate': 0.0001, 'epoch': 6.91}
{'loss': 0.072, 'learning_rate': 0.0001, 'epoch': 6.92}
{'loss': 0.2342, 'learning_rate': 0.0001, 'epoch': 6.93}
{'loss': 0.4749, 'learning_rate': 0.0001, 'epoch': 6.94}
{'loss': 0.0424, 'learning_rate': 0.0001, 'epoch': 6.95}
{'loss': 0.3711, 'learning_rate': 0.0001, 'epoch': 6.96}
{'loss': 0.1451, 'learning_rate': 0.0001, 'epoch': 6.97}
{'loss': 0.2694, 'learning_rate': 0.0001, 'epoch': 6.98}
{'loss': 0.3213, 'learning_rate': 0.0001, 'epoch': 6.99}
{'loss': 0.2724, 'learning_rate': 0.0001, 'epoch': 7.0}
{'loss': 0.3331, 'learning_rate': 0.0001, 'epoch': 7.01}
{'loss': 0.0734, 'learning_rate': 0.0001, 'epoch': 7.02}
{'loss': 0.2038, 'learning_rate': 0.0001, 'epoch': 7.03}
{'loss': 0.2102, 'learning_rate': 0.0001, 'epoch': 7.04}
{'loss': 0.4659, 'learning_rate': 0.0001, 'epoch': 7.05}
{'loss': 0.144, 'learning_rate': 0.0001, 'epoch': 7.06}
{'loss': 0.1249, 'learning_rate': 0.0001, 'epoch': 7.07}
{'loss': 0.2244, 'learning_rate': 0.0001, 'epoch': 7.08}
{'loss': 0.202, 'learning_rate': 0.0001, 'epoch': 7.09}
{'loss': 0.1951, 'learning_rate': 0.0001, 'epoch': 7.1}
{'loss': 0.1146, 'learning_rate': 0.0001, 'epoch': 7.11}
{'loss': 0.0062, 'learning_rate': 0.0001, 'epoch': 7.12}
{'loss': 0.1562, 'learning_rate': 0.0001, 'epoch': 7.13}
{'loss': 0.2612, 'learning_rate': 0.0001, 'epoch': 7.14}
{'loss': 0.3185, 'learning_rate': 0.0001, 'epoch': 7.15}
{'loss': 0.1617, 'learning_rate': 0.0001, 'epoch': 7.16}
{'loss': 0.0265, 'learning_rate': 0.0001, 'epoch': 7.17}
{'loss': 0.2765, 'learning_rate': 0.0001, 'epoch': 7.18}
{'loss': 0.3827, 'learning_rate': 0.0001, 'epoch': 7.19}
{'loss': 0.1625, 'learning_rate': 0.0001, 'epoch': 7.2}
{'loss': 0.2344, 'learning_rate': 0.0001, 'epoch': 7.21}
{'loss': 0.2688, 'learning_rate': 0.0001, 'epoch': 7.22}
{'loss': 0.2523, 'learning_rate': 0.0001, 'epoch': 7.23}
{'loss': 0.2265, 'learning_rate': 0.0001, 'epoch': 7.24}
{'loss': 0.1122, 'learning_rate': 0.0001, 'epoch': 7.25}
{'loss': 0.2383, 'learning_rate': 0.0001, 'epoch': 7.26}
{'loss': 0.2183, 'learning_rate': 0.0001, 'epoch': 7.27}
{'loss': 0.3959, 'learning_rate': 0.0001, 'epoch': 7.28}
{'loss': 0.1777, 'learning_rate': 0.0001, 'epoch': 7.29}
{'loss': 0.2798, 'learning_rate': 0.0001, 'epoch': 7.3}
{'loss': 0.1805, 'learning_rate': 0.0001, 'epoch': 7.31}
{'loss': 0.315, 'learning_rate': 0.0001, 'epoch': 7.32}
{'loss': 0.2746, 'learning_rate': 0.0001, 'epoch': 7.33}
{'loss': 0.256, 'learning_rate': 0.0001, 'epoch': 7.34}
{'loss': 0.2718, 'learning_rate': 0.0001, 'epoch': 7.35}
{'loss': 0.1008, 'learning_rate': 0.0001, 'epoch': 7.36}
{'loss': 0.1296, 'learning_rate': 0.0001, 'epoch': 7.37}
{'loss': 0.4948, 'learning_rate': 0.0001, 'epoch': 7.38}
{'loss': 0.1353, 'learning_rate': 0.0001, 'epoch': 7.39}
{'loss': 0.2122, 'learning_rate': 0.0001, 'epoch': 7.4}
{'loss': 0.1649, 'learning_rate': 0.0001, 'epoch': 7.41}
{'loss': 0.0988, 'learning_rate': 0.0001, 'epoch': 7.42}
{'loss': 0.1209, 'learning_rate': 0.0001, 'epoch': 7.43}
{'loss': 0.2493, 'learning_rate': 0.0001, 'epoch': 7.44}
{'loss': 0.175, 'learning_rate': 0.0001, 'epoch': 7.45}
{'loss': 0.2302, 'learning_rate': 0.0001, 'epoch': 7.46}
{'loss': 0.2766, 'learning_rate': 0.0001, 'epoch': 7.47}
{'loss': 0.2695, 'learning_rate': 0.0001, 'epoch': 7.48}
{'loss': 0.3257, 'learning_rate': 0.0001, 'epoch': 7.49}
{'loss': 0.361, 'learning_rate': 0.0001, 'epoch': 7.5}
{'loss': 0.1968, 'learning_rate': 0.0001, 'epoch': 7.51}
{'loss': 0.1504, 'learning_rate': 0.0001, 'epoch': 7.52}
{'loss': 0.1535, 'learning_rate': 0.0001, 'epoch': 7.53}
{'loss': 0.3323, 'learning_rate': 0.0001, 'epoch': 7.54}
{'loss': 0.2433, 'learning_rate': 0.0001, 'epoch': 7.55}
{'loss': 0.4016, 'learning_rate': 0.0001, 'epoch': 7.56}
{'loss': 0.2236, 'learning_rate': 0.0001, 'epoch': 7.57}
{'loss': 0.2983, 'learning_rate': 0.0001, 'epoch': 7.58}
{'loss': 0.3022, 'learning_rate': 0.0001, 'epoch': 7.59}
{'loss': 0.2761, 'learning_rate': 0.0001, 'epoch': 7.6}
{'loss': 0.2521, 'learning_rate': 0.0001, 'epoch': 7.61}
{'loss': 0.4268, 'learning_rate': 0.0001, 'epoch': 7.62}
{'loss': 0.2179, 'learning_rate': 0.0001, 'epoch': 7.63}
{'loss': 0.3007, 'learning_rate': 0.0001, 'epoch': 7.64}
{'loss': 0.0, 'learning_rate': 0.0001, 'epoch': 7.65}
{'loss': 0.2297, 'learning_rate': 0.0001, 'epoch': 7.66}
{'loss': 0.2955, 'learning_rate': 0.0001, 'epoch': 7.67}
{'loss': 0.2963, 'learning_rate': 0.0001, 'epoch': 7.68}
{'loss': 0.1126, 'learning_rate': 0.0001, 'epoch': 7.69}
{'loss': 0.3803, 'learning_rate': 0.0001, 'epoch': 7.7}
{'loss': 0.3142, 'learning_rate': 0.0001, 'epoch': 7.71}
{'loss': 0.1397, 'learning_rate': 0.0001, 'epoch': 7.72}
{'loss': 0.1037, 'learning_rate': 0.0001, 'epoch': 7.73}
{'loss': 0.1809, 'learning_rate': 0.0001, 'epoch': 7.74}
{'loss': 0.014, 'learning_rate': 0.0001, 'epoch': 7.75}
{'loss': 0.215, 'learning_rate': 0.0001, 'epoch': 7.76}
{'loss': 0.2759, 'learning_rate': 0.0001, 'epoch': 7.77}
{'loss': 0.2756, 'learning_rate': 0.0001, 'epoch': 7.78}
{'loss': 0.2562, 'learning_rate': 0.0001, 'epoch': 7.79}
{'loss': 0.2978, 'learning_rate': 0.0001, 'epoch': 7.8}
{'loss': 0.1203, 'learning_rate': 0.0001, 'epoch': 7.81}
{'loss': 0.1593, 'learning_rate': 0.0001, 'epoch': 7.82}
{'loss': 0.0968, 'learning_rate': 0.0001, 'epoch': 7.83}
{'loss': 0.1598, 'learning_rate': 0.0001, 'epoch': 7.84}
{'loss': 0.3286, 'learning_rate': 0.0001, 'epoch': 7.85}
{'loss': 0.2868, 'learning_rate': 0.0001, 'epoch': 7.86}
{'loss': 0.3566, 'learning_rate': 0.0001, 'epoch': 7.87}
{'loss': 0.1286, 'learning_rate': 0.0001, 'epoch': 7.88}
{'loss': 0.2035, 'learning_rate': 0.0001, 'epoch': 7.89}
{'loss': 0.0822, 'learning_rate': 0.0001, 'epoch': 7.9}
{'loss': 0.2397, 'learning_rate': 0.0001, 'epoch': 7.91}
{'loss': 0.2782, 'learning_rate': 0.0001, 'epoch': 7.92}
{'loss': 0.2852, 'learning_rate': 0.0001, 'epoch': 7.93}
{'loss': 0.1683, 'learning_rate': 0.0001, 'epoch': 7.94}
{'loss': 0.0372, 'learning_rate': 0.0001, 'epoch': 7.95}
{'loss': 0.0691, 'learning_rate': 0.0001, 'epoch': 7.96}
{'loss': 0.158, 'learning_rate': 0.0001, 'epoch': 7.97}
{'loss': 0.2354, 'learning_rate': 0.0001, 'epoch': 7.98}
{'loss': 0.0002, 'learning_rate': 0.0001, 'epoch': 7.99}
{'loss': 0.46, 'learning_rate': 0.0001, 'epoch': 8.0}
{'eval_loss': 1.610282301902771, 'eval_runtime': 84.2466, 'eval_samples_per_second': 59.35, 'eval_steps_per_second': 11.87, 'epoch': 8.0}
{'loss': 0.1431, 'learning_rate': 0.0001, 'epoch': 8.01}
{'loss': 0.1448, 'learning_rate': 0.0001, 'epoch': 8.02}
{'loss': 0.1176, 'learning_rate': 0.0001, 'epoch': 8.03}
{'loss': 0.1098, 'learning_rate': 0.0001, 'epoch': 8.04}
{'loss': 0.2108, 'learning_rate': 0.0001, 'epoch': 8.05}
{'loss': 0.2507, 'learning_rate': 0.0001, 'epoch': 8.06}
{'loss': 0.1746, 'learning_rate': 0.0001, 'epoch': 8.07}
{'loss': 0.0513, 'learning_rate': 0.0001, 'epoch': 8.08}
{'loss': 0.0679, 'learning_rate': 0.0001, 'epoch': 8.09}
{'loss': 0.086, 'learning_rate': 0.0001, 'epoch': 8.1}
{'loss': 0.2849, 'learning_rate': 0.0001, 'epoch': 8.11}
{'loss': 0.1962, 'learning_rate': 0.0001, 'epoch': 8.12}
{'loss': 0.1693, 'learning_rate': 0.0001, 'epoch': 8.13}
{'loss': 0.0611, 'learning_rate': 0.0001, 'epoch': 8.14}
{'loss': 0.1847, 'learning_rate': 0.0001, 'epoch': 8.15}
{'loss': 0.2361, 'learning_rate': 0.0001, 'epoch': 8.16}
{'loss': 0.233, 'learning_rate': 0.0001, 'epoch': 8.17}
{'loss': 0.2039, 'learning_rate': 0.0001, 'epoch': 8.18}
{'loss': 0.2609, 'learning_rate': 0.0001, 'epoch': 8.19}
{'loss': 0.1006, 'learning_rate': 0.0001, 'epoch': 8.2}
{'loss': 0.1168, 'learning_rate': 0.0001, 'epoch': 8.21}
{'loss': 0.1135, 'learning_rate': 0.0001, 'epoch': 8.22}
{'loss': 0.154, 'learning_rate': 0.0001, 'epoch': 8.23}
{'loss': 0.2514, 'learning_rate': 0.0001, 'epoch': 8.24}
{'loss': 0.1108, 'learning_rate': 0.0001, 'epoch': 8.25}
{'loss': 0.0957, 'learning_rate': 0.0001, 'epoch': 8.26}
{'loss': 0.0761, 'learning_rate': 0.0001, 'epoch': 8.27}
{'loss': 0.2529, 'learning_rate': 0.0001, 'epoch': 8.28}
{'loss': 0.0511, 'learning_rate': 0.0001, 'epoch': 8.29}
{'loss': 0.3626, 'learning_rate': 0.0001, 'epoch': 8.3}
{'loss': 0.1343, 'learning_rate': 0.0001, 'epoch': 8.31}
{'loss': 0.2082, 'learning_rate': 0.0001, 'epoch': 8.32}
{'loss': 0.155, 'learning_rate': 0.0001, 'epoch': 8.33}
{'loss': 0.2139, 'learning_rate': 0.0001, 'epoch': 8.34}
{'loss': 0.1382, 'learning_rate': 0.0001, 'epoch': 8.35}
{'loss': 0.0836, 'learning_rate': 0.0001, 'epoch': 8.36}
{'loss': 0.1806, 'learning_rate': 0.0001, 'epoch': 8.37}
{'loss': 0.2444, 'learning_rate': 0.0001, 'epoch': 8.38}
{'loss': 0.1102, 'learning_rate': 0.0001, 'epoch': 8.39}
{'loss': 0.1166, 'learning_rate': 0.0001, 'epoch': 8.4}
{'loss': 0.1177, 'learning_rate': 0.0001, 'epoch': 8.41}
{'loss': 0.0107, 'learning_rate': 0.0001, 'epoch': 8.42}
{'loss': 0.1328, 'learning_rate': 0.0001, 'epoch': 8.43}
{'loss': 0.119, 'learning_rate': 0.0001, 'epoch': 8.44}
{'loss': 0.0453, 'learning_rate': 0.0001, 'epoch': 8.45}
{'loss': 0.1702, 'learning_rate': 0.0001, 'epoch': 8.46}
{'loss': 0.1928, 'learning_rate': 0.0001, 'epoch': 8.47}
{'loss': 0.1648, 'learning_rate': 0.0001, 'epoch': 8.48}
{'loss': 0.2793, 'learning_rate': 0.0001, 'epoch': 8.49}
{'loss': 0.0129, 'learning_rate': 0.0001, 'epoch': 8.5}
{'loss': 0.3242, 'learning_rate': 0.0001, 'epoch': 8.51}
{'loss': 0.1276, 'learning_rate': 0.0001, 'epoch': 8.52}
{'loss': 0.1031, 'learning_rate': 0.0001, 'epoch': 8.53}
{'loss': 0.1381, 'learning_rate': 0.0001, 'epoch': 8.54}
{'loss': 0.0748, 'learning_rate': 0.0001, 'epoch': 8.55}
{'loss': 0.1565, 'learning_rate': 0.0001, 'epoch': 8.56}
{'loss': 0.2665, 'learning_rate': 0.0001, 'epoch': 8.57}
{'loss': 0.114, 'learning_rate': 0.0001, 'epoch': 8.58}
{'loss': 0.0015, 'learning_rate': 0.0001, 'epoch': 8.59}
{'loss': 0.3773, 'learning_rate': 0.0001, 'epoch': 8.6}
{'loss': 0.2225, 'learning_rate': 0.0001, 'epoch': 8.61}
{'loss': 0.2569, 'learning_rate': 0.0001, 'epoch': 8.62}
{'loss': 0.1342, 'learning_rate': 0.0001, 'epoch': 8.63}
{'loss': 0.4408, 'learning_rate': 0.0001, 'epoch': 8.64}
{'loss': 0.2485, 'learning_rate': 0.0001, 'epoch': 8.65}
{'loss': 0.1163, 'learning_rate': 0.0001, 'epoch': 8.66}
{'loss': 0.2935, 'learning_rate': 0.0001, 'epoch': 8.67}
{'loss': 0.1392, 'learning_rate': 0.0001, 'epoch': 8.68}
{'loss': 0.1486, 'learning_rate': 0.0001, 'epoch': 8.69}
{'loss': 0.3179, 'learning_rate': 0.0001, 'epoch': 8.7}
{'loss': 0.2534, 'learning_rate': 0.0001, 'epoch': 8.71}
{'loss': 0.1465, 'learning_rate': 0.0001, 'epoch': 8.72}
{'loss': 0.3016, 'learning_rate': 0.0001, 'epoch': 8.73}
{'loss': 0.1985, 'learning_rate': 0.0001, 'epoch': 8.74}
{'loss': 0.1049, 'learning_rate': 0.0001, 'epoch': 8.75}
{'loss': 0.1408, 'learning_rate': 0.0001, 'epoch': 8.76}
{'loss': 0.3219, 'learning_rate': 0.0001, 'epoch': 8.77}
{'loss': 0.1306, 'learning_rate': 0.0001, 'epoch': 8.78}
{'loss': 0.1186, 'learning_rate': 0.0001, 'epoch': 8.79}
{'loss': 0.2232, 'learning_rate': 0.0001, 'epoch': 8.8}
{'loss': 0.1501, 'learning_rate': 0.0001, 'epoch': 8.81}
{'loss': 0.201, 'learning_rate': 0.0001, 'epoch': 8.82}
{'loss': 0.1656, 'learning_rate': 0.0001, 'epoch': 8.83}
{'loss': 0.1731, 'learning_rate': 0.0001, 'epoch': 8.84}
{'loss': 0.0001, 'learning_rate': 0.0001, 'epoch': 8.85}
{'loss': 0.1998, 'learning_rate': 0.0001, 'epoch': 8.86}
{'loss': 0.1381, 'learning_rate': 0.0001, 'epoch': 8.87}
{'loss': 0.2235, 'learning_rate': 0.0001, 'epoch': 8.88}
{'loss': 0.3339, 'learning_rate': 0.0001, 'epoch': 8.89}
{'loss': 0.1644, 'learning_rate': 0.0001, 'epoch': 8.9}
{'loss': 0.1431, 'learning_rate': 0.0001, 'epoch': 8.91}
{'loss': 0.0892, 'learning_rate': 0.0001, 'epoch': 8.92}
{'loss': 0.1782, 'learning_rate': 0.0001, 'epoch': 8.93}
{'loss': 0.278, 'learning_rate': 0.0001, 'epoch': 8.94}
{'loss': 0.1294, 'learning_rate': 0.0001, 'epoch': 8.95}
{'loss': 0.0002, 'learning_rate': 0.0001, 'epoch': 8.96}
{'loss': 0.2239, 'learning_rate': 0.0001, 'epoch': 8.97}
{'loss': 0.0924, 'learning_rate': 0.0001, 'epoch': 8.98}
{'loss': 0.1708, 'learning_rate': 0.0001, 'epoch': 8.99}
{'loss': 0.1955, 'learning_rate': 0.0001, 'epoch': 9.0}
{'loss': 0.1167, 'learning_rate': 0.0001, 'epoch': 9.01}
{'loss': 0.2032, 'learning_rate': 0.0001, 'epoch': 9.02}
{'loss': 0.101, 'learning_rate': 0.0001, 'epoch': 9.03}
{'loss': 0.3518, 'learning_rate': 0.0001, 'epoch': 9.04}
{'loss': 0.1197, 'learning_rate': 0.0001, 'epoch': 9.05}
{'loss': 0.1433, 'learning_rate': 0.0001, 'epoch': 9.06}
{'loss': 0.1801, 'learning_rate': 0.0001, 'epoch': 9.07}
{'loss': 0.1025, 'learning_rate': 0.0001, 'epoch': 9.08}
{'loss': 0.0843, 'learning_rate': 0.0001, 'epoch': 9.09}
{'loss': 0.2932, 'learning_rate': 0.0001, 'epoch': 9.1}
{'loss': 0.0845, 'learning_rate': 0.0001, 'epoch': 9.11}
{'loss': 0.0958, 'learning_rate': 0.0001, 'epoch': 9.12}
{'loss': 0.0667, 'learning_rate': 0.0001, 'epoch': 9.13}
{'loss': 0.1771, 'learning_rate': 0.0001, 'epoch': 9.14}
{'loss': 0.071, 'learning_rate': 0.0001, 'epoch': 9.15}
{'loss': 0.0658, 'learning_rate': 0.0001, 'epoch': 9.16}
{'loss': 0.0351, 'learning_rate': 0.0001, 'epoch': 9.17}
{'loss': 0.097, 'learning_rate': 0.0001, 'epoch': 9.18}
{'loss': 0.2154, 'learning_rate': 0.0001, 'epoch': 9.19}
{'loss': 0.0849, 'learning_rate': 0.0001, 'epoch': 9.2}
{'loss': 0.0818, 'learning_rate': 0.0001, 'epoch': 9.21}
{'loss': 0.1509, 'learning_rate': 0.0001, 'epoch': 9.22}
{'loss': 0.0395, 'learning_rate': 0.0001, 'epoch': 9.23}
{'loss': 0.1136, 'learning_rate': 0.0001, 'epoch': 9.24}
{'loss': 0.2019, 'learning_rate': 0.0001, 'epoch': 9.25}
{'loss': 0.0716, 'learning_rate': 0.0001, 'epoch': 9.26}
{'loss': 0.1616, 'learning_rate': 0.0001, 'epoch': 9.27}
{'loss': 0.1101, 'learning_rate': 0.0001, 'epoch': 9.28}
{'loss': 0.0132, 'learning_rate': 0.0001, 'epoch': 9.29}
{'loss': 0.175, 'learning_rate': 0.0001, 'epoch': 9.3}
{'loss': 0.1073, 'learning_rate': 0.0001, 'epoch': 9.31}
{'loss': 0.0422, 'learning_rate': 0.0001, 'epoch': 9.32}
{'loss': 0.2602, 'learning_rate': 0.0001, 'epoch': 9.33}
{'loss': 0.0069, 'learning_rate': 0.0001, 'epoch': 9.34}
{'loss': 0.1909, 'learning_rate': 0.0001, 'epoch': 9.35}
{'loss': 0.2505, 'learning_rate': 0.0001, 'epoch': 9.36}
{'loss': 0.1101, 'learning_rate': 0.0001, 'epoch': 9.37}
{'loss': 0.1671, 'learning_rate': 0.0001, 'epoch': 9.38}
{'loss': 0.077, 'learning_rate': 0.0001, 'epoch': 9.39}
{'loss': 0.2832, 'learning_rate': 0.0001, 'epoch': 9.4}
{'loss': 0.2009, 'learning_rate': 0.0001, 'epoch': 9.41}
{'loss': 0.0367, 'learning_rate': 0.0001, 'epoch': 9.42}
{'loss': 0.1546, 'learning_rate': 0.0001, 'epoch': 9.43}
{'loss': 0.1235, 'learning_rate': 0.0001, 'epoch': 9.44}
{'loss': 0.0297, 'learning_rate': 0.0001, 'epoch': 9.45}
{'loss': 0.0536, 'learning_rate': 0.0001, 'epoch': 9.46}
{'loss': 0.135, 'learning_rate': 0.0001, 'epoch': 9.47}
{'loss': 0.1252, 'learning_rate': 0.0001, 'epoch': 9.48}
{'loss': 0.0432, 'learning_rate': 0.0001, 'epoch': 9.49}
{'loss': 0.0447, 'learning_rate': 0.0001, 'epoch': 9.5}
{'loss': 0.1328, 'learning_rate': 0.0001, 'epoch': 9.51}
{'loss': 0.0995, 'learning_rate': 0.0001, 'epoch': 9.52}
{'loss': 0.085, 'learning_rate': 0.0001, 'epoch': 9.53}
{'loss': 0.1779, 'learning_rate': 0.0001, 'epoch': 9.54}
{'loss': 0.2754, 'learning_rate': 0.0001, 'epoch': 9.55}
{'loss': 0.1609, 'learning_rate': 0.0001, 'epoch': 9.56}
{'loss': 0.1653, 'learning_rate': 0.0001, 'epoch': 9.57}
{'loss': 0.0874, 'learning_rate': 0.0001, 'epoch': 9.58}
{'loss': 0.2011, 'learning_rate': 0.0001, 'epoch': 9.59}
{'loss': 0.0421, 'learning_rate': 0.0001, 'epoch': 9.6}
{'loss': 0.1642, 'learning_rate': 0.0001, 'epoch': 9.61}
{'loss': 0.0094, 'learning_rate': 0.0001, 'epoch': 9.62}
{'loss': 0.154, 'learning_rate': 0.0001, 'epoch': 9.63}
{'loss': 0.1247, 'learning_rate': 0.0001, 'epoch': 9.64}
{'loss': 0.076, 'learning_rate': 0.0001, 'epoch': 9.65}
{'loss': 0.1211, 'learning_rate': 0.0001, 'epoch': 9.66}
{'loss': 0.296, 'learning_rate': 0.0001, 'epoch': 9.67}
{'loss': 0.2288, 'learning_rate': 0.0001, 'epoch': 9.68}
{'loss': 0.1071, 'learning_rate': 0.0001, 'epoch': 9.69}
{'loss': 0.0709, 'learning_rate': 0.0001, 'epoch': 9.7}
{'loss': 0.058, 'learning_rate': 0.0001, 'epoch': 9.71}
{'loss': 0.2687, 'learning_rate': 0.0001, 'epoch': 9.72}
{'loss': 0.2402, 'learning_rate': 0.0001, 'epoch': 9.73}
{'loss': 0.0865, 'learning_rate': 0.0001, 'epoch': 9.74}
{'loss': 0.1661, 'learning_rate': 0.0001, 'epoch': 9.75}
{'loss': 0.1625, 'learning_rate': 0.0001, 'epoch': 9.76}
{'loss': 0.2011, 'learning_rate': 0.0001, 'epoch': 9.77}
{'loss': 0.1158, 'learning_rate': 0.0001, 'epoch': 9.78}
{'loss': 0.1089, 'learning_rate': 0.0001, 'epoch': 9.79}
{'loss': 0.1743, 'learning_rate': 0.0001, 'epoch': 9.8}
{'loss': 0.0253, 'learning_rate': 0.0001, 'epoch': 9.81}
{'loss': 0.0884, 'learning_rate': 0.0001, 'epoch': 9.82}
{'loss': 0.1231, 'learning_rate': 0.0001, 'epoch': 9.83}
{'loss': 0.0638, 'learning_rate': 0.0001, 'epoch': 9.84}
{'loss': 0.0414, 'learning_rate': 0.0001, 'epoch': 9.85}
{'loss': 0.1282, 'learning_rate': 0.0001, 'epoch': 9.86}
{'loss': 0.154, 'learning_rate': 0.0001, 'epoch': 9.87}
{'loss': 0.2229, 'learning_rate': 0.0001, 'epoch': 9.88}
{'loss': 0.0619, 'learning_rate': 0.0001, 'epoch': 9.89}
{'loss': 0.2088, 'learning_rate': 0.0001, 'epoch': 9.9}
{'loss': 0.121, 'learning_rate': 0.0001, 'epoch': 9.91}
{'loss': 0.1774, 'learning_rate': 0.0001, 'epoch': 9.92}
{'loss': 0.1491, 'learning_rate': 0.0001, 'epoch': 9.93}
{'loss': 0.1532, 'learning_rate': 0.0001, 'epoch': 9.94}
{'loss': 0.0698, 'learning_rate': 0.0001, 'epoch': 9.95}
{'loss': 0.1118, 'learning_rate': 0.0001, 'epoch': 9.96}
{'loss': 0.2021, 'learning_rate': 0.0001, 'epoch': 9.97}
{'loss': 0.0687, 'learning_rate': 0.0001, 'epoch': 9.98}
{'loss': 0.2458, 'learning_rate': 0.0001, 'epoch': 9.99}
{'loss': 0.1243, 'learning_rate': 0.0001, 'epoch': 10.0}
{'eval_loss': 1.8450876474380493, 'eval_runtime': 87.0787, 'eval_samples_per_second': 57.419, 'eval_steps_per_second': 11.484, 'epoch': 10.0}
{'loss': 0.15, 'learning_rate': 0.0001, 'epoch': 10.01}
{'loss': 0.051, 'learning_rate': 0.0001, 'epoch': 10.02}
{'loss': 0.0954, 'learning_rate': 0.0001, 'epoch': 10.03}
{'loss': 0.1184, 'learning_rate': 0.0001, 'epoch': 10.04}
{'loss': 0.0383, 'learning_rate': 0.0001, 'epoch': 10.05}
{'loss': 0.0527, 'learning_rate': 0.0001, 'epoch': 10.06}
{'loss': 0.0257, 'learning_rate': 0.0001, 'epoch': 10.07}
{'loss': 0.1897, 'learning_rate': 0.0001, 'epoch': 10.08}
{'loss': 0.1114, 'learning_rate': 0.0001, 'epoch': 10.09}
{'loss': 0.1648, 'learning_rate': 0.0001, 'epoch': 10.1}
{'loss': 0.071, 'learning_rate': 0.0001, 'epoch': 10.11}
{'loss': 0.0971, 'learning_rate': 0.0001, 'epoch': 10.12}
{'loss': 0.0492, 'learning_rate': 0.0001, 'epoch': 10.13}
{'loss': 0.0788, 'learning_rate': 0.0001, 'epoch': 10.14}
{'loss': 0.054, 'learning_rate': 0.0001, 'epoch': 10.15}
{'loss': 0.0285, 'learning_rate': 0.0001, 'epoch': 10.16}
{'loss': 0.1968, 'learning_rate': 0.0001, 'epoch': 10.17}
{'loss': 0.2639, 'learning_rate': 0.0001, 'epoch': 10.18}
{'loss': 0.0798, 'learning_rate': 0.0001, 'epoch': 10.19}
{'loss': 0.0346, 'learning_rate': 0.0001, 'epoch': 10.2}
{'loss': 0.0999, 'learning_rate': 0.0001, 'epoch': 10.21}
{'loss': 0.1365, 'learning_rate': 0.0001, 'epoch': 10.22}
{'loss': 0.0231, 'learning_rate': 0.0001, 'epoch': 10.23}
{'loss': 0.0349, 'learning_rate': 0.0001, 'epoch': 10.24}
{'loss': 0.0564, 'learning_rate': 0.0001, 'epoch': 10.25}
{'loss': 0.0903, 'learning_rate': 0.0001, 'epoch': 10.26}
{'loss': 0.2167, 'learning_rate': 0.0001, 'epoch': 10.27}
{'loss': 0.134, 'learning_rate': 0.0001, 'epoch': 10.28}
{'loss': 0.0964, 'learning_rate': 0.0001, 'epoch': 10.29}
{'loss': 0.2042, 'learning_rate': 0.0001, 'epoch': 10.3}
{'loss': 0.0982, 'learning_rate': 0.0001, 'epoch': 10.31}
{'loss': 0.0168, 'learning_rate': 0.0001, 'epoch': 10.32}
{'loss': 0.1028, 'learning_rate': 0.0001, 'epoch': 10.33}
{'loss': 0.0459, 'learning_rate': 0.0001, 'epoch': 10.34}
{'loss': 0.1217, 'learning_rate': 0.0001, 'epoch': 10.35}
{'loss': 0.2458, 'learning_rate': 0.0001, 'epoch': 10.36}
{'loss': 0.1086, 'learning_rate': 0.0001, 'epoch': 10.37}
{'loss': 0.0802, 'learning_rate': 0.0001, 'epoch': 10.38}
{'loss': 0.0972, 'learning_rate': 0.0001, 'epoch': 10.39}
{'loss': 0.099, 'learning_rate': 0.0001, 'epoch': 10.4}
{'loss': 0.0478, 'learning_rate': 0.0001, 'epoch': 10.41}
{'loss': 0.1806, 'learning_rate': 0.0001, 'epoch': 10.42}
{'loss': 0.1416, 'learning_rate': 0.0001, 'epoch': 10.43}
{'loss': 0.0613, 'learning_rate': 0.0001, 'epoch': 10.44}
{'loss': 0.2439, 'learning_rate': 0.0001, 'epoch': 10.45}
{'loss': 0.0712, 'learning_rate': 0.0001, 'epoch': 10.46}
{'loss': 0.1322, 'learning_rate': 0.0001, 'epoch': 10.47}
{'loss': 0.07, 'learning_rate': 0.0001, 'epoch': 10.48}
{'loss': 0.1513, 'learning_rate': 0.0001, 'epoch': 10.49}
{'loss': 0.1183, 'learning_rate': 0.0001, 'epoch': 10.5}
{'loss': 0.0766, 'learning_rate': 0.0001, 'epoch': 10.51}
{'loss': 0.1444, 'learning_rate': 0.0001, 'epoch': 10.52}
{'loss': 0.0973, 'learning_rate': 0.0001, 'epoch': 10.53}
{'loss': 0.1048, 'learning_rate': 0.0001, 'epoch': 10.54}
{'loss': 0.0803, 'learning_rate': 0.0001, 'epoch': 10.55}
{'loss': 0.0833, 'learning_rate': 0.0001, 'epoch': 10.56}
{'loss': 0.0321, 'learning_rate': 0.0001, 'epoch': 10.57}
{'loss': 0.1575, 'learning_rate': 0.0001, 'epoch': 10.58}
{'loss': 0.1254, 'learning_rate': 0.0001, 'epoch': 10.59}
{'loss': 0.2474, 'learning_rate': 0.0001, 'epoch': 10.6}
{'loss': 0.0715, 'learning_rate': 0.0001, 'epoch': 10.61}
{'loss': 0.0663, 'learning_rate': 0.0001, 'epoch': 10.62}
{'loss': 0.0766, 'learning_rate': 0.0001, 'epoch': 10.63}
{'loss': 0.1541, 'learning_rate': 0.0001, 'epoch': 10.64}
{'loss': 0.0933, 'learning_rate': 0.0001, 'epoch': 10.65}
{'loss': 0.2265, 'learning_rate': 0.0001, 'epoch': 10.66}
{'loss': 0.2054, 'learning_rate': 0.0001, 'epoch': 10.67}
{'loss': 0.0, 'learning_rate': 0.0001, 'epoch': 10.68}
{'loss': 0.0416, 'learning_rate': 0.0001, 'epoch': 10.69}
{'loss': 0.1433, 'learning_rate': 0.0001, 'epoch': 10.7}
{'loss': 0.153, 'learning_rate': 0.0001, 'epoch': 10.71}
{'loss': 0.0906, 'learning_rate': 0.0001, 'epoch': 10.72}
{'loss': 0.1774, 'learning_rate': 0.0001, 'epoch': 10.73}
{'loss': 0.008, 'learning_rate': 0.0001, 'epoch': 10.74}
{'loss': 0.1095, 'learning_rate': 0.0001, 'epoch': 10.75}
{'loss': 0.1611, 'learning_rate': 0.0001, 'epoch': 10.76}
{'loss': 0.0374, 'learning_rate': 0.0001, 'epoch': 10.77}
{'loss': 0.1207, 'learning_rate': 0.0001, 'epoch': 10.78}
{'loss': 0.1417, 'learning_rate': 0.0001, 'epoch': 10.79}
{'loss': 0.0721, 'learning_rate': 0.0001, 'epoch': 10.8}
{'loss': 0.0652, 'learning_rate': 0.0001, 'epoch': 10.81}
{'loss': 0.0788, 'learning_rate': 0.0001, 'epoch': 10.82}
{'loss': 0.1067, 'learning_rate': 0.0001, 'epoch': 10.83}
{'loss': 0.0393, 'learning_rate': 0.0001, 'epoch': 10.84}
{'loss': 0.2266, 'learning_rate': 0.0001, 'epoch': 10.85}
{'loss': 0.0625, 'learning_rate': 0.0001, 'epoch': 10.86}
{'loss': 0.0845, 'learning_rate': 0.0001, 'epoch': 10.87}
{'loss': 0.0565, 'learning_rate': 0.0001, 'epoch': 10.88}
{'loss': 0.1529, 'learning_rate': 0.0001, 'epoch': 10.89}
{'loss': 0.1332, 'learning_rate': 0.0001, 'epoch': 10.9}
{'loss': 0.0866, 'learning_rate': 0.0001, 'epoch': 10.91}
{'loss': 0.0404, 'learning_rate': 0.0001, 'epoch': 10.92}
{'loss': 0.1069, 'learning_rate': 0.0001, 'epoch': 10.93}
{'loss': 0.0286, 'learning_rate': 0.0001, 'epoch': 10.94}
{'loss': 0.169, 'learning_rate': 0.0001, 'epoch': 10.95}
{'loss': 0.0647, 'learning_rate': 0.0001, 'epoch': 10.96}
{'loss': 0.0686, 'learning_rate': 0.0001, 'epoch': 10.97}
{'loss': 0.0879, 'learning_rate': 0.0001, 'epoch': 10.98}
{'loss': 0.1666, 'learning_rate': 0.0001, 'epoch': 10.99}
{'loss': 0.2013, 'learning_rate': 0.0001, 'epoch': 11.0}
{'loss': 0.091, 'learning_rate': 0.0001, 'epoch': 11.01}
{'loss': 0.1057, 'learning_rate': 0.0001, 'epoch': 11.02}
{'loss': 0.0354, 'learning_rate': 0.0001, 'epoch': 11.03}
{'loss': 0.0625, 'learning_rate': 0.0001, 'epoch': 11.04}
{'loss': 0.0589, 'learning_rate': 0.0001, 'epoch': 11.05}
{'loss': 0.0066, 'learning_rate': 0.0001, 'epoch': 11.06}
{'loss': 0.0516, 'learning_rate': 0.0001, 'epoch': 11.07}
{'loss': 0.1379, 'learning_rate': 0.0001, 'epoch': 11.08}
{'loss': 0.024, 'learning_rate': 0.0001, 'epoch': 11.09}
{'loss': 0.04, 'learning_rate': 0.0001, 'epoch': 11.1}
{'loss': 0.1134, 'learning_rate': 0.0001, 'epoch': 11.11}
{'loss': 0.159, 'learning_rate': 0.0001, 'epoch': 11.12}
{'loss': 0.1306, 'learning_rate': 0.0001, 'epoch': 11.13}
{'loss': 0.1057, 'learning_rate': 0.0001, 'epoch': 11.14}
{'loss': 0.1058, 'learning_rate': 0.0001, 'epoch': 11.15}
{'loss': 0.0326, 'learning_rate': 0.0001, 'epoch': 11.16}
{'loss': 0.0801, 'learning_rate': 0.0001, 'epoch': 11.17}
{'loss': 0.0622, 'learning_rate': 0.0001, 'epoch': 11.18}
{'loss': 0.0749, 'learning_rate': 0.0001, 'epoch': 11.19}
{'loss': 0.1044, 'learning_rate': 0.0001, 'epoch': 11.2}
{'loss': 0.0819, 'learning_rate': 0.0001, 'epoch': 11.21}
{'loss': 0.0453, 'learning_rate': 0.0001, 'epoch': 11.22}
{'loss': 0.1465, 'learning_rate': 0.0001, 'epoch': 11.23}
{'loss': 0.0761, 'learning_rate': 0.0001, 'epoch': 11.24}
{'loss': 0.1332, 'learning_rate': 0.0001, 'epoch': 11.25}
{'loss': 0.0833, 'learning_rate': 0.0001, 'epoch': 11.26}
{'loss': 0.0325, 'learning_rate': 0.0001, 'epoch': 11.27}
{'loss': 0.1251, 'learning_rate': 0.0001, 'epoch': 11.28}
{'loss': 0.0841, 'learning_rate': 0.0001, 'epoch': 11.29}
{'loss': 0.0677, 'learning_rate': 0.0001, 'epoch': 11.3}
{'loss': 0.1581, 'learning_rate': 0.0001, 'epoch': 11.31}
{'loss': 0.1171, 'learning_rate': 0.0001, 'epoch': 11.32}
{'loss': 0.1217, 'learning_rate': 0.0001, 'epoch': 11.33}
{'loss': 0.066, 'learning_rate': 0.0001, 'epoch': 11.34}
{'loss': 0.0198, 'learning_rate': 0.0001, 'epoch': 11.35}
{'loss': 0.0001, 'learning_rate': 0.0001, 'epoch': 11.36}
{'loss': 0.1079, 'learning_rate': 0.0001, 'epoch': 11.37}
{'loss': 0.1061, 'learning_rate': 0.0001, 'epoch': 11.38}
{'loss': 0.0674, 'learning_rate': 0.0001, 'epoch': 11.39}
{'loss': 0.1598, 'learning_rate': 0.0001, 'epoch': 11.4}
{'loss': 0.028, 'learning_rate': 0.0001, 'epoch': 11.41}
{'loss': 0.0755, 'learning_rate': 0.0001, 'epoch': 11.42}
{'loss': 0.0416, 'learning_rate': 0.0001, 'epoch': 11.43}
{'loss': 0.0461, 'learning_rate': 0.0001, 'epoch': 11.44}
{'loss': 0.087, 'learning_rate': 0.0001, 'epoch': 11.45}
{'loss': 0.0562, 'learning_rate': 0.0001, 'epoch': 11.46}
{'loss': 0.0852, 'learning_rate': 0.0001, 'epoch': 11.47}
{'loss': 0.1312, 'learning_rate': 0.0001, 'epoch': 11.48}
{'loss': 0.1202, 'learning_rate': 0.0001, 'epoch': 11.49}
{'loss': 0.0663, 'learning_rate': 0.0001, 'epoch': 11.5}
{'loss': 0.0652, 'learning_rate': 0.0001, 'epoch': 11.51}
{'loss': 0.1329, 'learning_rate': 0.0001, 'epoch': 11.52}
{'loss': 0.0305, 'learning_rate': 0.0001, 'epoch': 11.53}
{'loss': 0.0612, 'learning_rate': 0.0001, 'epoch': 11.54}
{'loss': 0.2213, 'learning_rate': 0.0001, 'epoch': 11.55}
{'loss': 0.1198, 'learning_rate': 0.0001, 'epoch': 11.56}
{'loss': 0.1154, 'learning_rate': 0.0001, 'epoch': 11.57}
{'loss': 0.0782, 'learning_rate': 0.0001, 'epoch': 11.58}
{'loss': 0.0437, 'learning_rate': 0.0001, 'epoch': 11.59}
{'loss': 0.0622, 'learning_rate': 0.0001, 'epoch': 11.6}
{'loss': 0.0173, 'learning_rate': 0.0001, 'epoch': 11.61}
{'loss': 0.1793, 'learning_rate': 0.0001, 'epoch': 11.62}
{'loss': 0.0424, 'learning_rate': 0.0001, 'epoch': 11.63}
{'loss': 0.0076, 'learning_rate': 0.0001, 'epoch': 11.64}
{'loss': 0.1673, 'learning_rate': 0.0001, 'epoch': 11.65}
{'loss': 0.1099, 'learning_rate': 0.0001, 'epoch': 11.66}
{'loss': 0.1326, 'learning_rate': 0.0001, 'epoch': 11.67}
{'loss': 0.211, 'learning_rate': 0.0001, 'epoch': 11.68}
{'loss': 0.0034, 'learning_rate': 0.0001, 'epoch': 11.69}
{'loss': 0.1171, 'learning_rate': 0.0001, 'epoch': 11.7}
{'loss': 0.0962, 'learning_rate': 0.0001, 'epoch': 11.71}
{'loss': 0.1013, 'learning_rate': 0.0001, 'epoch': 11.72}
{'loss': 0.1032, 'learning_rate': 0.0001, 'epoch': 11.73}
{'loss': 0.0543, 'learning_rate': 0.0001, 'epoch': 11.74}
{'loss': 0.1174, 'learning_rate': 0.0001, 'epoch': 11.75}
{'loss': 0.0509, 'learning_rate': 0.0001, 'epoch': 11.76}
{'loss': 0.0608, 'learning_rate': 0.0001, 'epoch': 11.77}
{'loss': 0.1162, 'learning_rate': 0.0001, 'epoch': 11.78}
{'loss': 0.0772, 'learning_rate': 0.0001, 'epoch': 11.79}
{'loss': 0.078, 'learning_rate': 0.0001, 'epoch': 11.8}
{'loss': 0.1138, 'learning_rate': 0.0001, 'epoch': 11.81}
{'loss': 0.1045, 'learning_rate': 0.0001, 'epoch': 11.82}
{'loss': 0.0796, 'learning_rate': 0.0001, 'epoch': 11.83}
{'loss': 0.1301, 'learning_rate': 0.0001, 'epoch': 11.84}
{'loss': 0.1358, 'learning_rate': 0.0001, 'epoch': 11.85}
{'loss': 0.0685, 'learning_rate': 0.0001, 'epoch': 11.86}
{'loss': 0.0903, 'learning_rate': 0.0001, 'epoch': 11.87}
{'loss': 0.1877, 'learning_rate': 0.0001, 'epoch': 11.88}
{'loss': 0.0677, 'learning_rate': 0.0001, 'epoch': 11.89}
{'loss': 0.2041, 'learning_rate': 0.0001, 'epoch': 11.9}
{'loss': 0.1484, 'learning_rate': 0.0001, 'epoch': 11.91}
{'loss': 0.0474, 'learning_rate': 0.0001, 'epoch': 11.92}
{'loss': 0.1271, 'learning_rate': 0.0001, 'epoch': 11.93}
{'loss': 0.0093, 'learning_rate': 0.0001, 'epoch': 11.94}
{'loss': 0.0396, 'learning_rate': 0.0001, 'epoch': 11.95}
{'loss': 0.1211, 'learning_rate': 0.0001, 'epoch': 11.96}
{'loss': 0.0715, 'learning_rate': 0.0001, 'epoch': 11.97}
{'loss': 0.036, 'learning_rate': 0.0001, 'epoch': 11.98}
{'loss': 0.0707, 'learning_rate': 0.0001, 'epoch': 11.99}
{'loss': 0.1812, 'learning_rate': 0.0001, 'epoch': 12.0}
{'eval_loss': 2.088594436645508, 'eval_runtime': 84.9446, 'eval_samples_per_second': 58.862, 'eval_steps_per_second': 11.772, 'epoch': 12.0}
{'loss': 0.0135, 'learning_rate': 0.0001, 'epoch': 12.01}
{'loss': 0.0423, 'learning_rate': 0.0001, 'epoch': 12.02}
{'loss': 0.0098, 'learning_rate': 0.0001, 'epoch': 12.03}
{'loss': 0.0965, 'learning_rate': 0.0001, 'epoch': 12.04}
{'loss': 0.0299, 'learning_rate': 0.0001, 'epoch': 12.05}
{'loss': 0.0217, 'learning_rate': 0.0001, 'epoch': 12.06}
{'loss': 0.0307, 'learning_rate': 0.0001, 'epoch': 12.07}
{'loss': 0.0788, 'learning_rate': 0.0001, 'epoch': 12.08}
{'loss': 0.054, 'learning_rate': 0.0001, 'epoch': 12.09}
{'loss': 0.0269, 'learning_rate': 0.0001, 'epoch': 12.1}
{'loss': 0.1575, 'learning_rate': 0.0001, 'epoch': 12.11}
{'loss': 0.0822, 'learning_rate': 0.0001, 'epoch': 12.12}
{'loss': 0.0535, 'learning_rate': 0.0001, 'epoch': 12.13}
{'loss': 0.0217, 'learning_rate': 0.0001, 'epoch': 12.14}
{'loss': 0.0766, 'learning_rate': 0.0001, 'epoch': 12.15}
{'loss': 0.0813, 'learning_rate': 0.0001, 'epoch': 12.16}
{'loss': 0.0375, 'learning_rate': 0.0001, 'epoch': 12.17}
{'loss': 0.0531, 'learning_rate': 0.0001, 'epoch': 12.18}
{'loss': 0.0111, 'learning_rate': 0.0001, 'epoch': 12.19}
{'loss': 0.0683, 'learning_rate': 0.0001, 'epoch': 12.2}
{'loss': 0.0472, 'learning_rate': 0.0001, 'epoch': 12.21}
{'loss': 0.0516, 'learning_rate': 0.0001, 'epoch': 12.22}
{'loss': 0.0255, 'learning_rate': 0.0001, 'epoch': 12.23}
{'loss': 0.1145, 'learning_rate': 0.0001, 'epoch': 12.24}
{'loss': 0.1701, 'learning_rate': 0.0001, 'epoch': 12.25}
{'loss': 0.0319, 'learning_rate': 0.0001, 'epoch': 12.26}
{'loss': 0.1098, 'learning_rate': 0.0001, 'epoch': 12.27}
{'loss': 0.054, 'learning_rate': 0.0001, 'epoch': 12.28}
{'loss': 0.0801, 'learning_rate': 0.0001, 'epoch': 12.29}
{'loss': 0.0293, 'learning_rate': 0.0001, 'epoch': 12.3}
{'loss': 0.0047, 'learning_rate': 0.0001, 'epoch': 12.31}
{'loss': 0.0725, 'learning_rate': 0.0001, 'epoch': 12.32}
{'loss': 0.1206, 'learning_rate': 0.0001, 'epoch': 12.33}
{'loss': 0.0384, 'learning_rate': 0.0001, 'epoch': 12.34}
{'loss': 0.0666, 'learning_rate': 0.0001, 'epoch': 12.35}
{'loss': 0.0325, 'learning_rate': 0.0001, 'epoch': 12.36}
{'loss': 0.0573, 'learning_rate': 0.0001, 'epoch': 12.37}
{'loss': 0.0311, 'learning_rate': 0.0001, 'epoch': 12.38}
{'loss': 0.0816, 'learning_rate': 0.0001, 'epoch': 12.39}
{'loss': 0.0682, 'learning_rate': 0.0001, 'epoch': 12.4}
{'loss': 0.0587, 'learning_rate': 0.0001, 'epoch': 12.41}
{'loss': 0.0499, 'learning_rate': 0.0001, 'epoch': 12.42}
{'loss': 0.0787, 'learning_rate': 0.0001, 'epoch': 12.43}
{'loss': 0.0412, 'learning_rate': 0.0001, 'epoch': 12.44}
{'loss': 0.0907, 'learning_rate': 0.0001, 'epoch': 12.45}
{'loss': 0.1111, 'learning_rate': 0.0001, 'epoch': 12.46}
{'loss': 0.0161, 'learning_rate': 0.0001, 'epoch': 12.47}
{'loss': 0.1141, 'learning_rate': 0.0001, 'epoch': 12.48}
{'loss': 0.023, 'learning_rate': 0.0001, 'epoch': 12.49}
{'loss': 0.0222, 'learning_rate': 0.0001, 'epoch': 12.5}
{'loss': 0.1151, 'learning_rate': 0.0001, 'epoch': 12.51}
{'loss': 0.086, 'learning_rate': 0.0001, 'epoch': 12.52}
{'loss': 0.0296, 'learning_rate': 0.0001, 'epoch': 12.53}
{'loss': 0.0654, 'learning_rate': 0.0001, 'epoch': 12.54}
{'loss': 0.0297, 'learning_rate': 0.0001, 'epoch': 12.55}
{'loss': 0.1781, 'learning_rate': 0.0001, 'epoch': 12.56}
{'loss': 0.0983, 'learning_rate': 0.0001, 'epoch': 12.57}
{'loss': 0.0634, 'learning_rate': 0.0001, 'epoch': 12.58}
{'loss': 0.0709, 'learning_rate': 0.0001, 'epoch': 12.59}
{'loss': 0.0627, 'learning_rate': 0.0001, 'epoch': 12.6}
{'loss': 0.0628, 'learning_rate': 0.0001, 'epoch': 12.61}
{'loss': 0.0604, 'learning_rate': 0.0001, 'epoch': 12.62}
{'loss': 0.0074, 'learning_rate': 0.0001, 'epoch': 12.63}
{'loss': 0.1013, 'learning_rate': 0.0001, 'epoch': 12.64}
{'loss': 0.0666, 'learning_rate': 0.0001, 'epoch': 12.65}
{'loss': 0.0519, 'learning_rate': 0.0001, 'epoch': 12.66}
{'loss': 0.0356, 'learning_rate': 0.0001, 'epoch': 12.67}
{'loss': 0.0279, 'learning_rate': 0.0001, 'epoch': 12.68}
{'loss': 0.0559, 'learning_rate': 0.0001, 'epoch': 12.69}
{'loss': 0.0751, 'learning_rate': 0.0001, 'epoch': 12.7}
{'loss': 0.0221, 'learning_rate': 0.0001, 'epoch': 12.71}
{'loss': 0.0627, 'learning_rate': 0.0001, 'epoch': 12.72}
{'loss': 0.0416, 'learning_rate': 0.0001, 'epoch': 12.73}
{'loss': 0.0214, 'learning_rate': 0.0001, 'epoch': 12.74}
{'loss': 0.1387, 'learning_rate': 0.0001, 'epoch': 12.75}
{'loss': 0.0605, 'learning_rate': 0.0001, 'epoch': 12.76}
{'loss': 0.1068, 'learning_rate': 0.0001, 'epoch': 12.77}
{'loss': 0.0207, 'learning_rate': 0.0001, 'epoch': 12.78}
{'loss': 0.1579, 'learning_rate': 0.0001, 'epoch': 12.79}
{'loss': 0.0532, 'learning_rate': 0.0001, 'epoch': 12.8}
{'loss': 0.0787, 'learning_rate': 0.0001, 'epoch': 12.81}
{'loss': 0.0418, 'learning_rate': 0.0001, 'epoch': 12.82}
{'loss': 0.2081, 'learning_rate': 0.0001, 'epoch': 12.83}
{'loss': 0.0909, 'learning_rate': 0.0001, 'epoch': 12.84}
{'loss': 0.0781, 'learning_rate': 0.0001, 'epoch': 12.85}
{'loss': 0.1465, 'learning_rate': 0.0001, 'epoch': 12.86}
{'loss': 0.0647, 'learning_rate': 0.0001, 'epoch': 12.87}
{'loss': 0.0203, 'learning_rate': 0.0001, 'epoch': 12.88}
{'loss': 0.075, 'learning_rate': 0.0001, 'epoch': 12.89}
{'loss': 0.0276, 'learning_rate': 0.0001, 'epoch': 12.9}
{'loss': 0.0628, 'learning_rate': 0.0001, 'epoch': 12.91}
{'loss': 0.0714, 'learning_rate': 0.0001, 'epoch': 12.92}
{'loss': 0.0457, 'learning_rate': 0.0001, 'epoch': 12.93}
{'loss': 0.087, 'learning_rate': 0.0001, 'epoch': 12.94}
{'loss': 0.0361, 'learning_rate': 0.0001, 'epoch': 12.95}
{'loss': 0.1502, 'learning_rate': 0.0001, 'epoch': 12.96}
{'loss': 0.0149, 'learning_rate': 0.0001, 'epoch': 12.97}
{'loss': 0.0825, 'learning_rate': 0.0001, 'epoch': 12.98}
{'loss': 0.1598, 'learning_rate': 0.0001, 'epoch': 12.99}
{'loss': 0.0125, 'learning_rate': 0.0001, 'epoch': 13.0}
{'loss': 0.0204, 'learning_rate': 0.0001, 'epoch': 13.01}
{'loss': 0.0236, 'learning_rate': 0.0001, 'epoch': 13.02}
{'loss': 0.0113, 'learning_rate': 0.0001, 'epoch': 13.03}
{'loss': 0.0735, 'learning_rate': 0.0001, 'epoch': 13.04}
{'loss': 0.0451, 'learning_rate': 0.0001, 'epoch': 13.05}
{'loss': 0.0182, 'learning_rate': 0.0001, 'epoch': 13.06}
{'loss': 0.0476, 'learning_rate': 0.0001, 'epoch': 13.07}
{'loss': 0.02, 'learning_rate': 0.0001, 'epoch': 13.08}
{'loss': 0.0392, 'learning_rate': 0.0001, 'epoch': 13.09}
{'loss': 0.1396, 'learning_rate': 0.0001, 'epoch': 13.1}
{'loss': 0.0709, 'learning_rate': 0.0001, 'epoch': 13.11}
{'loss': 0.0483, 'learning_rate': 0.0001, 'epoch': 13.12}
{'loss': 0.0607, 'learning_rate': 0.0001, 'epoch': 13.13}
{'loss': 0.0039, 'learning_rate': 0.0001, 'epoch': 13.14}
{'loss': 0.0622, 'learning_rate': 0.0001, 'epoch': 13.15}
{'loss': 0.0585, 'learning_rate': 0.0001, 'epoch': 13.16}
{'loss': 0.0864, 'learning_rate': 0.0001, 'epoch': 13.17}
{'loss': 0.0627, 'learning_rate': 0.0001, 'epoch': 13.18}
{'loss': 0.0254, 'learning_rate': 0.0001, 'epoch': 13.19}
{'loss': 0.0592, 'learning_rate': 0.0001, 'epoch': 13.2}
{'loss': 0.0575, 'learning_rate': 0.0001, 'epoch': 13.21}
{'loss': 0.0784, 'learning_rate': 0.0001, 'epoch': 13.22}
{'loss': 0.0936, 'learning_rate': 0.0001, 'epoch': 13.23}
{'loss': 0.0307, 'learning_rate': 0.0001, 'epoch': 13.24}
{'loss': 0.0359, 'learning_rate': 0.0001, 'epoch': 13.25}
{'loss': 0.0519, 'learning_rate': 0.0001, 'epoch': 13.26}
{'loss': 0.0467, 'learning_rate': 0.0001, 'epoch': 13.27}
{'loss': 0.0443, 'learning_rate': 0.0001, 'epoch': 13.28}
{'loss': 0.0831, 'learning_rate': 0.0001, 'epoch': 13.29}
{'loss': 0.0743, 'learning_rate': 0.0001, 'epoch': 13.3}
{'loss': 0.0235, 'learning_rate': 0.0001, 'epoch': 13.31}
{'loss': 0.0436, 'learning_rate': 0.0001, 'epoch': 13.32}
{'loss': 0.0767, 'learning_rate': 0.0001, 'epoch': 13.33}
{'loss': 0.0171, 'learning_rate': 0.0001, 'epoch': 13.34}
{'loss': 0.1091, 'learning_rate': 0.0001, 'epoch': 13.35}
{'loss': 0.0324, 'learning_rate': 0.0001, 'epoch': 13.36}
{'loss': 0.0483, 'learning_rate': 0.0001, 'epoch': 13.37}
{'loss': 0.0369, 'learning_rate': 0.0001, 'epoch': 13.38}
{'loss': 0.0322, 'learning_rate': 0.0001, 'epoch': 13.39}
{'loss': 0.031, 'learning_rate': 0.0001, 'epoch': 13.4}
{'loss': 0.079, 'learning_rate': 0.0001, 'epoch': 13.41}
{'loss': 0.0481, 'learning_rate': 0.0001, 'epoch': 13.42}
{'loss': 0.006, 'learning_rate': 0.0001, 'epoch': 13.43}
{'loss': 0.0412, 'learning_rate': 0.0001, 'epoch': 13.44}
{'loss': 0.007, 'learning_rate': 0.0001, 'epoch': 13.45}
{'loss': 0.0727, 'learning_rate': 0.0001, 'epoch': 13.46}
{'loss': 0.0666, 'learning_rate': 0.0001, 'epoch': 13.47}
{'loss': 0.0143, 'learning_rate': 0.0001, 'epoch': 13.48}
{'loss': 0.105, 'learning_rate': 0.0001, 'epoch': 13.49}
{'loss': 0.0538, 'learning_rate': 0.0001, 'epoch': 13.5}
{'loss': 0.0318, 'learning_rate': 0.0001, 'epoch': 13.51}
{'loss': 0.0283, 'learning_rate': 0.0001, 'epoch': 13.52}
{'loss': 0.0088, 'learning_rate': 0.0001, 'epoch': 13.53}
{'loss': 0.0509, 'learning_rate': 0.0001, 'epoch': 13.54}
{'loss': 0.0518, 'learning_rate': 0.0001, 'epoch': 13.55}
{'loss': 0.0681, 'learning_rate': 0.0001, 'epoch': 13.56}
{'loss': 0.0522, 'learning_rate': 0.0001, 'epoch': 13.57}
{'loss': 0.0318, 'learning_rate': 0.0001, 'epoch': 13.58}
{'loss': 0.0518, 'learning_rate': 0.0001, 'epoch': 13.59}
{'loss': 0.057, 'learning_rate': 0.0001, 'epoch': 13.6}
{'loss': 0.0464, 'learning_rate': 0.0001, 'epoch': 13.61}
{'loss': 0.0875, 'learning_rate': 0.0001, 'epoch': 13.62}
{'loss': 0.0646, 'learning_rate': 0.0001, 'epoch': 13.63}
{'loss': 0.0738, 'learning_rate': 0.0001, 'epoch': 13.64}
{'loss': 0.077, 'learning_rate': 0.0001, 'epoch': 13.65}
{'loss': 0.0486, 'learning_rate': 0.0001, 'epoch': 13.66}
{'loss': 0.0364, 'learning_rate': 0.0001, 'epoch': 13.67}
{'loss': 0.1976, 'learning_rate': 0.0001, 'epoch': 13.68}
{'loss': 0.0811, 'learning_rate': 0.0001, 'epoch': 13.69}
{'loss': 0.0835, 'learning_rate': 0.0001, 'epoch': 13.7}
{'loss': 0.0227, 'learning_rate': 0.0001, 'epoch': 13.71}
{'loss': 0.0254, 'learning_rate': 0.0001, 'epoch': 13.72}
{'loss': 0.0199, 'learning_rate': 0.0001, 'epoch': 13.73}
{'loss': 0.12, 'learning_rate': 0.0001, 'epoch': 13.74}
{'loss': 0.0553, 'learning_rate': 0.0001, 'epoch': 13.75}
{'loss': 0.0511, 'learning_rate': 0.0001, 'epoch': 13.76}
{'loss': 0.0303, 'learning_rate': 0.0001, 'epoch': 13.77}
{'loss': 0.0415, 'learning_rate': 0.0001, 'epoch': 13.78}
{'loss': 0.0872, 'learning_rate': 0.0001, 'epoch': 13.79}
{'loss': 0.0555, 'learning_rate': 0.0001, 'epoch': 13.8}
{'loss': 0.0453, 'learning_rate': 0.0001, 'epoch': 13.81}
{'loss': 0.0455, 'learning_rate': 0.0001, 'epoch': 13.82}
{'loss': 0.0361, 'learning_rate': 0.0001, 'epoch': 13.83}
{'loss': 0.0338, 'learning_rate': 0.0001, 'epoch': 13.84}
{'loss': 0.0315, 'learning_rate': 0.0001, 'epoch': 13.85}
{'loss': 0.0296, 'learning_rate': 0.0001, 'epoch': 13.86}
{'loss': 0.0658, 'learning_rate': 0.0001, 'epoch': 13.87}
{'loss': 0.036, 'learning_rate': 0.0001, 'epoch': 13.88}
{'loss': 0.0861, 'learning_rate': 0.0001, 'epoch': 13.89}
{'loss': 0.1195, 'learning_rate': 0.0001, 'epoch': 13.9}
{'loss': 0.0532, 'learning_rate': 0.0001, 'epoch': 13.91}
{'loss': 0.0506, 'learning_rate': 0.0001, 'epoch': 13.92}
{'loss': 0.0719, 'learning_rate': 0.0001, 'epoch': 13.93}
{'loss': 0.009, 'learning_rate': 0.0001, 'epoch': 13.94}
{'loss': 0.0537, 'learning_rate': 0.0001, 'epoch': 13.95}
{'loss': 0.1663, 'learning_rate': 0.0001, 'epoch': 13.96}
{'loss': 0.0355, 'learning_rate': 0.0001, 'epoch': 13.97}
{'loss': 0.0655, 'learning_rate': 0.0001, 'epoch': 13.98}
{'loss': 0.1001, 'learning_rate': 0.0001, 'epoch': 13.99}
{'loss': 0.0562, 'learning_rate': 0.0001, 'epoch': 14.0}
{'eval_loss': 2.2863752841949463, 'eval_runtime': 84.4628, 'eval_samples_per_second': 59.198, 'eval_steps_per_second': 11.84, 'epoch': 14.0}
{'loss': 0.0266, 'learning_rate': 0.0001, 'epoch': 14.01}
{'loss': 0.0677, 'learning_rate': 0.0001, 'epoch': 14.02}
{'loss': 0.0399, 'learning_rate': 0.0001, 'epoch': 14.03}
{'loss': 0.0153, 'learning_rate': 0.0001, 'epoch': 14.04}
{'loss': 0.0461, 'learning_rate': 0.0001, 'epoch': 14.05}
{'loss': 0.0245, 'learning_rate': 0.0001, 'epoch': 14.06}
{'loss': 0.0117, 'learning_rate': 0.0001, 'epoch': 14.07}
{'loss': 0.0659, 'learning_rate': 0.0001, 'epoch': 14.08}
{'loss': 0.0281, 'learning_rate': 0.0001, 'epoch': 14.09}
{'loss': 0.0177, 'learning_rate': 0.0001, 'epoch': 14.1}
{'loss': 0.0616, 'learning_rate': 0.0001, 'epoch': 14.11}
{'loss': 0.0285, 'learning_rate': 0.0001, 'epoch': 14.12}
{'loss': 0.0263, 'learning_rate': 0.0001, 'epoch': 14.13}
{'loss': 0.0421, 'learning_rate': 0.0001, 'epoch': 14.14}
{'loss': 0.0719, 'learning_rate': 0.0001, 'epoch': 14.15}
{'loss': 0.0417, 'learning_rate': 0.0001, 'epoch': 14.16}
{'loss': 0.0172, 'learning_rate': 0.0001, 'epoch': 14.17}
{'loss': 0.0217, 'learning_rate': 0.0001, 'epoch': 14.18}
{'loss': 0.0195, 'learning_rate': 0.0001, 'epoch': 14.19}
{'loss': 0.0122, 'learning_rate': 0.0001, 'epoch': 14.2}
{'loss': 0.0483, 'learning_rate': 0.0001, 'epoch': 14.21}
{'loss': 0.008, 'learning_rate': 0.0001, 'epoch': 14.22}
{'loss': 0.0296, 'learning_rate': 0.0001, 'epoch': 14.23}
{'loss': 0.0492, 'learning_rate': 0.0001, 'epoch': 14.24}
{'loss': 0.0101, 'learning_rate': 0.0001, 'epoch': 14.25}
{'loss': 0.0539, 'learning_rate': 0.0001, 'epoch': 14.26}
{'loss': 0.0086, 'learning_rate': 0.0001, 'epoch': 14.27}
{'loss': 0.0463, 'learning_rate': 0.0001, 'epoch': 14.28}
{'loss': 0.0736, 'learning_rate': 0.0001, 'epoch': 14.29}
{'loss': 0.0405, 'learning_rate': 0.0001, 'epoch': 14.3}
{'loss': 0.0435, 'learning_rate': 0.0001, 'epoch': 14.31}
{'loss': 0.0395, 'learning_rate': 0.0001, 'epoch': 14.32}
{'loss': 0.0629, 'learning_rate': 0.0001, 'epoch': 14.33}
{'loss': 0.0524, 'learning_rate': 0.0001, 'epoch': 14.34}
{'loss': 0.0279, 'learning_rate': 0.0001, 'epoch': 14.35}
{'loss': 0.0369, 'learning_rate': 0.0001, 'epoch': 14.36}
{'loss': 0.031, 'learning_rate': 0.0001, 'epoch': 14.37}
{'loss': 0.0408, 'learning_rate': 0.0001, 'epoch': 14.38}
{'loss': 0.0508, 'learning_rate': 0.0001, 'epoch': 14.39}
{'loss': 0.1244, 'learning_rate': 0.0001, 'epoch': 14.4}
{'loss': 0.0951, 'learning_rate': 0.0001, 'epoch': 14.41}
{'loss': 0.0258, 'learning_rate': 0.0001, 'epoch': 14.42}
{'loss': 0.0235, 'learning_rate': 0.0001, 'epoch': 14.43}
{'loss': 0.0609, 'learning_rate': 0.0001, 'epoch': 14.44}
{'loss': 0.0288, 'learning_rate': 0.0001, 'epoch': 14.45}
{'loss': 0.0599, 'learning_rate': 0.0001, 'epoch': 14.46}
{'loss': 0.0381, 'learning_rate': 0.0001, 'epoch': 14.47}
{'loss': 0.0153, 'learning_rate': 0.0001, 'epoch': 14.48}
{'loss': 0.0763, 'learning_rate': 0.0001, 'epoch': 14.49}
{'loss': 0.0237, 'learning_rate': 0.0001, 'epoch': 14.5}
{'loss': 0.0499, 'learning_rate': 0.0001, 'epoch': 14.51}
{'loss': 0.0639, 'learning_rate': 0.0001, 'epoch': 14.52}
{'loss': 0.0411, 'learning_rate': 0.0001, 'epoch': 14.53}
{'loss': 0.0378, 'learning_rate': 0.0001, 'epoch': 14.54}
{'loss': 0.0308, 'learning_rate': 0.0001, 'epoch': 14.55}
{'loss': 0.0348, 'learning_rate': 0.0001, 'epoch': 14.56}
{'loss': 0.095, 'learning_rate': 0.0001, 'epoch': 14.57}
{'loss': 0.0273, 'learning_rate': 0.0001, 'epoch': 14.58}
{'loss': 0.0609, 'learning_rate': 0.0001, 'epoch': 14.59}
{'loss': 0.0522, 'learning_rate': 0.0001, 'epoch': 14.6}
{'loss': 0.0433, 'learning_rate': 0.0001, 'epoch': 14.61}
{'loss': 0.0151, 'learning_rate': 0.0001, 'epoch': 14.62}
{'loss': 0.0401, 'learning_rate': 0.0001, 'epoch': 14.63}
{'loss': 0.0357, 'learning_rate': 0.0001, 'epoch': 14.64}
{'loss': 0.0307, 'learning_rate': 0.0001, 'epoch': 14.65}
{'loss': 0.0263, 'learning_rate': 0.0001, 'epoch': 14.66}
{'loss': 0.0122, 'learning_rate': 0.0001, 'epoch': 14.67}
{'loss': 0.0682, 'learning_rate': 0.0001, 'epoch': 14.68}
{'loss': 0.0722, 'learning_rate': 0.0001, 'epoch': 14.69}
{'loss': 0.0343, 'learning_rate': 0.0001, 'epoch': 14.7}
{'loss': 0.0946, 'learning_rate': 0.0001, 'epoch': 14.71}
{'loss': 0.0251, 'learning_rate': 0.0001, 'epoch': 14.72}
{'loss': 0.0752, 'learning_rate': 0.0001, 'epoch': 14.73}
{'loss': 0.0067, 'learning_rate': 0.0001, 'epoch': 14.74}
{'loss': 0.1009, 'learning_rate': 0.0001, 'epoch': 14.75}
{'loss': 0.0283, 'learning_rate': 0.0001, 'epoch': 14.76}
{'loss': 0.0905, 'learning_rate': 0.0001, 'epoch': 14.77}
{'loss': 0.0751, 'learning_rate': 0.0001, 'epoch': 14.78}
{'loss': 0.036, 'learning_rate': 0.0001, 'epoch': 14.79}
{'loss': 0.0092, 'learning_rate': 0.0001, 'epoch': 14.8}
{'loss': 0.0875, 'learning_rate': 0.0001, 'epoch': 14.81}
{'loss': 0.0015, 'learning_rate': 0.0001, 'epoch': 14.82}
{'loss': 0.0185, 'learning_rate': 0.0001, 'epoch': 14.83}
{'loss': 0.0018, 'learning_rate': 0.0001, 'epoch': 14.84}
{'loss': 0.0476, 'learning_rate': 0.0001, 'epoch': 14.85}
{'loss': 0.022, 'learning_rate': 0.0001, 'epoch': 14.86}
{'loss': 0.0404, 'learning_rate': 0.0001, 'epoch': 14.87}
{'loss': 0.0401, 'learning_rate': 0.0001, 'epoch': 14.88}
{'loss': 0.051, 'learning_rate': 0.0001, 'epoch': 14.89}
{'loss': 0.019, 'learning_rate': 0.0001, 'epoch': 14.9}
{'loss': 0.0977, 'learning_rate': 0.0001, 'epoch': 14.91}
{'loss': 0.0501, 'learning_rate': 0.0001, 'epoch': 14.92}
{'loss': 0.1036, 'learning_rate': 0.0001, 'epoch': 14.93}
{'loss': 0.0717, 'learning_rate': 0.0001, 'epoch': 14.94}
{'loss': 0.026, 'learning_rate': 0.0001, 'epoch': 14.95}
{'loss': 0.0552, 'learning_rate': 0.0001, 'epoch': 14.96}
{'loss': 0.0869, 'learning_rate': 0.0001, 'epoch': 14.97}
{'loss': 0.0465, 'learning_rate': 0.0001, 'epoch': 14.98}
{'loss': 0.0123, 'learning_rate': 0.0001, 'epoch': 14.99}
{'loss': 0.0319, 'learning_rate': 0.0001, 'epoch': 15.0}
{'loss': 0.0186, 'learning_rate': 0.0001, 'epoch': 15.01}
{'loss': 0.0688, 'learning_rate': 0.0001, 'epoch': 15.02}
{'loss': 0.0235, 'learning_rate': 0.0001, 'epoch': 15.03}
{'loss': 0.0429, 'learning_rate': 0.0001, 'epoch': 15.04}
{'loss': 0.052, 'learning_rate': 0.0001, 'epoch': 15.05}
{'loss': 0.0852, 'learning_rate': 0.0001, 'epoch': 15.06}
{'loss': 0.0524, 'learning_rate': 0.0001, 'epoch': 15.07}
{'loss': 0.0199, 'learning_rate': 0.0001, 'epoch': 15.08}
{'loss': 0.0194, 'learning_rate': 0.0001, 'epoch': 15.09}
{'loss': 0.0444, 'learning_rate': 0.0001, 'epoch': 15.1}
{'loss': 0.0101, 'learning_rate': 0.0001, 'epoch': 15.11}
{'loss': 0.0129, 'learning_rate': 0.0001, 'epoch': 15.12}
{'loss': 0.018, 'learning_rate': 0.0001, 'epoch': 15.13}
{'loss': 0.0955, 'learning_rate': 0.0001, 'epoch': 15.14}
{'loss': 0.0074, 'learning_rate': 0.0001, 'epoch': 15.15}
{'loss': 0.0605, 'learning_rate': 0.0001, 'epoch': 15.16}
{'loss': 0.0336, 'learning_rate': 0.0001, 'epoch': 15.17}
{'loss': 0.0022, 'learning_rate': 0.0001, 'epoch': 15.18}
{'loss': 0.049, 'learning_rate': 0.0001, 'epoch': 15.19}
{'loss': 0.0068, 'learning_rate': 0.0001, 'epoch': 15.2}
{'loss': 0.0203, 'learning_rate': 0.0001, 'epoch': 15.21}
{'loss': 0.0266, 'learning_rate': 0.0001, 'epoch': 15.22}
{'loss': 0.0283, 'learning_rate': 0.0001, 'epoch': 15.23}
{'loss': 0.0142, 'learning_rate': 0.0001, 'epoch': 15.24}
{'loss': 0.0696, 'learning_rate': 0.0001, 'epoch': 15.25}
{'loss': 0.028, 'learning_rate': 0.0001, 'epoch': 15.26}
{'loss': 0.0141, 'learning_rate': 0.0001, 'epoch': 15.27}
{'loss': 0.0198, 'learning_rate': 0.0001, 'epoch': 15.28}
{'loss': 0.0291, 'learning_rate': 0.0001, 'epoch': 15.29}
{'loss': 0.0568, 'learning_rate': 0.0001, 'epoch': 15.3}
{'loss': 0.0007, 'learning_rate': 0.0001, 'epoch': 15.31}
{'loss': 0.0, 'learning_rate': 0.0001, 'epoch': 15.32}
{'loss': 0.0389, 'learning_rate': 0.0001, 'epoch': 15.33}
{'loss': 0.0439, 'learning_rate': 0.0001, 'epoch': 15.34}
{'loss': 0.0377, 'learning_rate': 0.0001, 'epoch': 15.35}
{'loss': 0.0015, 'learning_rate': 0.0001, 'epoch': 15.36}
{'loss': 0.0131, 'learning_rate': 0.0001, 'epoch': 15.37}
{'loss': 0.076, 'learning_rate': 0.0001, 'epoch': 15.38}
{'loss': 0.0339, 'learning_rate': 0.0001, 'epoch': 15.39}
{'loss': 0.0274, 'learning_rate': 0.0001, 'epoch': 15.4}
{'loss': 0.0183, 'learning_rate': 0.0001, 'epoch': 15.41}
{'loss': 0.0123, 'learning_rate': 0.0001, 'epoch': 15.42}
{'loss': 0.0355, 'learning_rate': 0.0001, 'epoch': 15.43}
{'loss': 0.0425, 'learning_rate': 0.0001, 'epoch': 15.44}
{'loss': 0.1095, 'learning_rate': 0.0001, 'epoch': 15.45}
{'loss': 0.0318, 'learning_rate': 0.0001, 'epoch': 15.46}
{'loss': 0.0323, 'learning_rate': 0.0001, 'epoch': 15.47}
{'loss': 0.0144, 'learning_rate': 0.0001, 'epoch': 15.48}
{'loss': 0.031, 'learning_rate': 0.0001, 'epoch': 15.49}
{'loss': 0.0111, 'learning_rate': 0.0001, 'epoch': 15.5}
{'loss': 0.0073, 'learning_rate': 0.0001, 'epoch': 15.51}
{'loss': 0.0358, 'learning_rate': 0.0001, 'epoch': 15.52}
{'loss': 0.0121, 'learning_rate': 0.0001, 'epoch': 15.53}
{'loss': 0.0344, 'learning_rate': 0.0001, 'epoch': 15.54}
{'loss': 0.0744, 'learning_rate': 0.0001, 'epoch': 15.55}
{'loss': 0.057, 'learning_rate': 0.0001, 'epoch': 15.56}
{'loss': 0.0504, 'learning_rate': 0.0001, 'epoch': 15.57}
{'loss': 0.0203, 'learning_rate': 0.0001, 'epoch': 15.58}
{'loss': 0.0626, 'learning_rate': 0.0001, 'epoch': 15.59}
{'loss': 0.1067, 'learning_rate': 0.0001, 'epoch': 15.6}
{'loss': 0.064, 'learning_rate': 0.0001, 'epoch': 15.61}
{'loss': 0.0525, 'learning_rate': 0.0001, 'epoch': 15.62}
{'loss': 0.0007, 'learning_rate': 0.0001, 'epoch': 15.63}
{'loss': 0.0117, 'learning_rate': 0.0001, 'epoch': 15.64}
{'loss': 0.037, 'learning_rate': 0.0001, 'epoch': 15.65}
{'loss': 0.0419, 'learning_rate': 0.0001, 'epoch': 15.66}
{'loss': 0.0262, 'learning_rate': 0.0001, 'epoch': 15.67}
{'loss': 0.0352, 'learning_rate': 0.0001, 'epoch': 15.68}
{'loss': 0.0378, 'learning_rate': 0.0001, 'epoch': 15.69}
{'loss': 0.0081, 'learning_rate': 0.0001, 'epoch': 15.7}
{'loss': 0.0865, 'learning_rate': 0.0001, 'epoch': 15.71}
{'loss': 0.0759, 'learning_rate': 0.0001, 'epoch': 15.72}
{'loss': 0.0361, 'learning_rate': 0.0001, 'epoch': 15.73}
{'loss': 0.0168, 'learning_rate': 0.0001, 'epoch': 15.74}
{'loss': 0.039, 'learning_rate': 0.0001, 'epoch': 15.75}
{'loss': 0.0443, 'learning_rate': 0.0001, 'epoch': 15.76}
{'loss': 0.0318, 'learning_rate': 0.0001, 'epoch': 15.77}
{'loss': 0.1346, 'learning_rate': 0.0001, 'epoch': 15.78}
{'loss': 0.0285, 'learning_rate': 0.0001, 'epoch': 15.79}
{'loss': 0.0668, 'learning_rate': 0.0001, 'epoch': 15.8}
{'loss': 0.0421, 'learning_rate': 0.0001, 'epoch': 15.81}
{'loss': 0.0509, 'learning_rate': 0.0001, 'epoch': 15.82}
{'loss': 0.0368, 'learning_rate': 0.0001, 'epoch': 15.83}
{'loss': 0.0284, 'learning_rate': 0.0001, 'epoch': 15.84}
{'loss': 0.0257, 'learning_rate': 0.0001, 'epoch': 15.85}
{'loss': 0.0184, 'learning_rate': 0.0001, 'epoch': 15.86}
{'loss': 0.0348, 'learning_rate': 0.0001, 'epoch': 15.87}
{'loss': 0.0421, 'learning_rate': 0.0001, 'epoch': 15.88}
{'loss': 0.0798, 'learning_rate': 0.0001, 'epoch': 15.89}
{'loss': 0.0533, 'learning_rate': 0.0001, 'epoch': 15.9}
{'loss': 0.0547, 'learning_rate': 0.0001, 'epoch': 15.91}
{'loss': 0.043, 'learning_rate': 0.0001, 'epoch': 15.92}
{'loss': 0.067, 'learning_rate': 0.0001, 'epoch': 15.93}
{'loss': 0.0233, 'learning_rate': 0.0001, 'epoch': 15.94}
{'loss': 0.0315, 'learning_rate': 0.0001, 'epoch': 15.95}
{'loss': 0.0793, 'learning_rate': 0.0001, 'epoch': 15.96}
{'loss': 0.0294, 'learning_rate': 0.0001, 'epoch': 15.97}
{'loss': 0.0124, 'learning_rate': 0.0001, 'epoch': 15.98}
{'loss': 0.0411, 'learning_rate': 0.0001, 'epoch': 15.99}
{'loss': 0.0474, 'learning_rate': 0.0001, 'epoch': 16.0}
{'eval_loss': 2.5070879459381104, 'eval_runtime': 84.854, 'eval_samples_per_second': 58.925, 'eval_steps_per_second': 11.785, 'epoch': 16.0}
{'loss': 0.0214, 'learning_rate': 0.0001, 'epoch': 16.01}
{'loss': 0.0168, 'learning_rate': 0.0001, 'epoch': 16.02}
{'loss': 0.048, 'learning_rate': 0.0001, 'epoch': 16.03}
{'loss': 0.0549, 'learning_rate': 0.0001, 'epoch': 16.04}
{'loss': 0.0348, 'learning_rate': 0.0001, 'epoch': 16.05}
{'loss': 0.0417, 'learning_rate': 0.0001, 'epoch': 16.06}
{'loss': 0.0244, 'learning_rate': 0.0001, 'epoch': 16.07}
{'loss': 0.0207, 'learning_rate': 0.0001, 'epoch': 16.08}
{'loss': 0.0386, 'learning_rate': 0.0001, 'epoch': 16.09}
{'loss': 0.0319, 'learning_rate': 0.0001, 'epoch': 16.1}
{'loss': 0.0385, 'learning_rate': 0.0001, 'epoch': 16.11}
{'loss': 0.0571, 'learning_rate': 0.0001, 'epoch': 16.12}
{'loss': 0.0248, 'learning_rate': 0.0001, 'epoch': 16.13}
{'loss': 0.0258, 'learning_rate': 0.0001, 'epoch': 16.14}
{'loss': 0.0349, 'learning_rate': 0.0001, 'epoch': 16.15}
{'loss': 0.0465, 'learning_rate': 0.0001, 'epoch': 16.16}
{'loss': 0.0392, 'learning_rate': 0.0001, 'epoch': 16.17}
{'loss': 0.0375, 'learning_rate': 0.0001, 'epoch': 16.18}
{'loss': 0.0378, 'learning_rate': 0.0001, 'epoch': 16.19}
{'loss': 0.0028, 'learning_rate': 0.0001, 'epoch': 16.2}
{'loss': 0.0299, 'learning_rate': 0.0001, 'epoch': 16.21}
{'loss': 0.0043, 'learning_rate': 0.0001, 'epoch': 16.22}
{'loss': 0.0047, 'learning_rate': 0.0001, 'epoch': 16.23}
{'loss': 0.0557, 'learning_rate': 0.0001, 'epoch': 16.24}
{'loss': 0.0532, 'learning_rate': 0.0001, 'epoch': 16.25}
{'loss': 0.024, 'learning_rate': 0.0001, 'epoch': 16.26}
{'loss': 0.0167, 'learning_rate': 0.0001, 'epoch': 16.27}
{'loss': 0.0168, 'learning_rate': 0.0001, 'epoch': 16.28}
{'loss': 0.033, 'learning_rate': 0.0001, 'epoch': 16.29}
{'loss': 0.0385, 'learning_rate': 0.0001, 'epoch': 16.3}
{'loss': 0.1026, 'learning_rate': 0.0001, 'epoch': 16.31}
{'loss': 0.0042, 'learning_rate': 0.0001, 'epoch': 16.32}
{'loss': 0.0337, 'learning_rate': 0.0001, 'epoch': 16.33}
{'loss': 0.0231, 'learning_rate': 0.0001, 'epoch': 16.34}
{'loss': 0.0611, 'learning_rate': 0.0001, 'epoch': 16.35}
{'loss': 0.0885, 'learning_rate': 0.0001, 'epoch': 16.36}
{'loss': 0.0444, 'learning_rate': 0.0001, 'epoch': 16.37}
{'loss': 0.0199, 'learning_rate': 0.0001, 'epoch': 16.38}
{'loss': 0.043, 'learning_rate': 0.0001, 'epoch': 16.39}
{'loss': 0.0279, 'learning_rate': 0.0001, 'epoch': 16.4}
{'loss': 0.1072, 'learning_rate': 0.0001, 'epoch': 16.41}
{'loss': 0.0436, 'learning_rate': 0.0001, 'epoch': 16.42}
{'loss': 0.0492, 'learning_rate': 0.0001, 'epoch': 16.43}
{'loss': 0.0293, 'learning_rate': 0.0001, 'epoch': 16.44}
{'loss': 0.0165, 'learning_rate': 0.0001, 'epoch': 16.45}
{'loss': 0.0345, 'learning_rate': 0.0001, 'epoch': 16.46}
{'loss': 0.0534, 'learning_rate': 0.0001, 'epoch': 16.47}
{'loss': 0.0313, 'learning_rate': 0.0001, 'epoch': 16.48}
{'loss': 0.0062, 'learning_rate': 0.0001, 'epoch': 16.49}
{'loss': 0.0176, 'learning_rate': 0.0001, 'epoch': 16.5}
{'loss': 0.0345, 'learning_rate': 0.0001, 'epoch': 16.51}
{'loss': 0.0335, 'learning_rate': 0.0001, 'epoch': 16.52}
{'loss': 0.0488, 'learning_rate': 0.0001, 'epoch': 16.53}
{'loss': 0.0423, 'learning_rate': 0.0001, 'epoch': 16.54}
{'loss': 0.0219, 'learning_rate': 0.0001, 'epoch': 16.55}
{'loss': 0.0458, 'learning_rate': 0.0001, 'epoch': 16.56}
{'loss': 0.035, 'learning_rate': 0.0001, 'epoch': 16.57}
{'loss': 0.0323, 'learning_rate': 0.0001, 'epoch': 16.58}
{'loss': 0.0414, 'learning_rate': 0.0001, 'epoch': 16.59}
{'loss': 0.0224, 'learning_rate': 0.0001, 'epoch': 16.6}
{'loss': 0.0232, 'learning_rate': 0.0001, 'epoch': 16.61}
{'loss': 0.0083, 'learning_rate': 0.0001, 'epoch': 16.62}
{'loss': 0.0312, 'learning_rate': 0.0001, 'epoch': 16.63}
{'loss': 0.0266, 'learning_rate': 0.0001, 'epoch': 16.64}
{'loss': 0.0364, 'learning_rate': 0.0001, 'epoch': 16.65}
{'loss': 0.0242, 'learning_rate': 0.0001, 'epoch': 16.66}
{'loss': 0.0474, 'learning_rate': 0.0001, 'epoch': 16.67}
{'loss': 0.0382, 'learning_rate': 0.0001, 'epoch': 16.68}
{'loss': 0.0521, 'learning_rate': 0.0001, 'epoch': 16.69}
{'loss': 0.0163, 'learning_rate': 0.0001, 'epoch': 16.7}
{'loss': 0.0404, 'learning_rate': 0.0001, 'epoch': 16.71}
{'loss': 0.0407, 'learning_rate': 0.0001, 'epoch': 16.72}
{'loss': 0.0652, 'learning_rate': 0.0001, 'epoch': 16.73}
{'loss': 0.0699, 'learning_rate': 0.0001, 'epoch': 16.74}
{'loss': 0.0192, 'learning_rate': 0.0001, 'epoch': 16.75}
{'loss': 0.0535, 'learning_rate': 0.0001, 'epoch': 16.76}
{'loss': 0.05, 'learning_rate': 0.0001, 'epoch': 16.77}
{'loss': 0.0231, 'learning_rate': 0.0001, 'epoch': 16.78}
{'loss': 0.0122, 'learning_rate': 0.0001, 'epoch': 16.79}
{'loss': 0.0283, 'learning_rate': 0.0001, 'epoch': 16.8}
{'loss': 0.0354, 'learning_rate': 0.0001, 'epoch': 16.81}
{'loss': 0.0244, 'learning_rate': 0.0001, 'epoch': 16.82}
{'loss': 0.0085, 'learning_rate': 0.0001, 'epoch': 16.83}
{'loss': 0.0973, 'learning_rate': 0.0001, 'epoch': 16.84}
{'loss': 0.058, 'learning_rate': 0.0001, 'epoch': 16.85}
{'loss': 0.0323, 'learning_rate': 0.0001, 'epoch': 16.86}
{'loss': 0.0191, 'learning_rate': 0.0001, 'epoch': 16.87}
{'loss': 0.0337, 'learning_rate': 0.0001, 'epoch': 16.88}
{'loss': 0.0534, 'learning_rate': 0.0001, 'epoch': 16.89}
{'loss': 0.0889, 'learning_rate': 0.0001, 'epoch': 16.9}
{'loss': 0.0401, 'learning_rate': 0.0001, 'epoch': 16.91}
{'loss': 0.0132, 'learning_rate': 0.0001, 'epoch': 16.92}
{'loss': 0.0137, 'learning_rate': 0.0001, 'epoch': 16.93}
{'loss': 0.0004, 'learning_rate': 0.0001, 'epoch': 16.94}
{'loss': 0.089, 'learning_rate': 0.0001, 'epoch': 16.95}
{'loss': 0.0199, 'learning_rate': 0.0001, 'epoch': 16.96}
{'loss': 0.0739, 'learning_rate': 0.0001, 'epoch': 16.97}
{'loss': 0.038, 'learning_rate': 0.0001, 'epoch': 16.98}
{'loss': 0.0274, 'learning_rate': 0.0001, 'epoch': 16.99}
{'loss': 0.0082, 'learning_rate': 0.0001, 'epoch': 17.0}
{'loss': 0.0484, 'learning_rate': 0.0001, 'epoch': 17.01}
{'loss': 0.0219, 'learning_rate': 0.0001, 'epoch': 17.02}
{'loss': 0.0292, 'learning_rate': 0.0001, 'epoch': 17.03}
{'loss': 0.0108, 'learning_rate': 0.0001, 'epoch': 17.04}
{'loss': 0.0305, 'learning_rate': 0.0001, 'epoch': 17.05}
{'loss': 0.0842, 'learning_rate': 0.0001, 'epoch': 17.06}
{'loss': 0.0129, 'learning_rate': 0.0001, 'epoch': 17.07}
{'loss': 0.0253, 'learning_rate': 0.0001, 'epoch': 17.08}
{'loss': 0.0322, 'learning_rate': 0.0001, 'epoch': 17.09}
{'loss': 0.0259, 'learning_rate': 0.0001, 'epoch': 17.1}
{'loss': 0.0243, 'learning_rate': 0.0001, 'epoch': 17.11}
{'loss': 0.0327, 'learning_rate': 0.0001, 'epoch': 17.12}
{'loss': 0.0208, 'learning_rate': 0.0001, 'epoch': 17.13}
{'loss': 0.0114, 'learning_rate': 0.0001, 'epoch': 17.14}
{'loss': 0.0081, 'learning_rate': 0.0001, 'epoch': 17.15}
{'loss': 0.0448, 'learning_rate': 0.0001, 'epoch': 17.16}
{'loss': 0.0524, 'learning_rate': 0.0001, 'epoch': 17.17}
{'loss': 0.0145, 'learning_rate': 0.0001, 'epoch': 17.18}
{'loss': 0.0667, 'learning_rate': 0.0001, 'epoch': 17.19}
{'loss': 0.0278, 'learning_rate': 0.0001, 'epoch': 17.2}
{'loss': 0.0313, 'learning_rate': 0.0001, 'epoch': 17.21}
{'loss': 0.0558, 'learning_rate': 0.0001, 'epoch': 17.22}
{'loss': 0.0029, 'learning_rate': 0.0001, 'epoch': 17.23}
{'loss': 0.038, 'learning_rate': 0.0001, 'epoch': 17.24}
{'loss': 0.0207, 'learning_rate': 0.0001, 'epoch': 17.25}
{'loss': 0.0288, 'learning_rate': 0.0001, 'epoch': 17.26}
{'loss': 0.012, 'learning_rate': 0.0001, 'epoch': 17.27}
{'loss': 0.0242, 'learning_rate': 0.0001, 'epoch': 17.28}
{'loss': 0.0089, 'learning_rate': 0.0001, 'epoch': 17.29}
{'loss': 0.0352, 'learning_rate': 0.0001, 'epoch': 17.3}
{'loss': 0.0186, 'learning_rate': 0.0001, 'epoch': 17.31}
{'loss': 0.0457, 'learning_rate': 0.0001, 'epoch': 17.32}
{'loss': 0.0248, 'learning_rate': 0.0001, 'epoch': 17.33}
{'loss': 0.0579, 'learning_rate': 0.0001, 'epoch': 17.34}
{'loss': 0.0259, 'learning_rate': 0.0001, 'epoch': 17.35}
{'loss': 0.0179, 'learning_rate': 0.0001, 'epoch': 17.36}
{'loss': 0.0101, 'learning_rate': 0.0001, 'epoch': 17.37}
{'loss': 0.0326, 'learning_rate': 0.0001, 'epoch': 17.38}
{'loss': 0.0312, 'learning_rate': 0.0001, 'epoch': 17.39}
{'loss': 0.0275, 'learning_rate': 0.0001, 'epoch': 17.4}
{'loss': 0.0091, 'learning_rate': 0.0001, 'epoch': 17.41}
{'loss': 0.0385, 'learning_rate': 0.0001, 'epoch': 17.42}
{'loss': 0.0211, 'learning_rate': 0.0001, 'epoch': 17.43}
{'loss': 0.017, 'learning_rate': 0.0001, 'epoch': 17.44}
{'loss': 0.0458, 'learning_rate': 0.0001, 'epoch': 17.45}
{'loss': 0.0168, 'learning_rate': 0.0001, 'epoch': 17.46}
{'loss': 0.0187, 'learning_rate': 0.0001, 'epoch': 17.47}
{'loss': 0.0519, 'learning_rate': 0.0001, 'epoch': 17.48}
{'loss': 0.0092, 'learning_rate': 0.0001, 'epoch': 17.49}
{'loss': 0.0336, 'learning_rate': 0.0001, 'epoch': 17.5}
{'loss': 0.0228, 'learning_rate': 0.0001, 'epoch': 17.51}
{'loss': 0.0258, 'learning_rate': 0.0001, 'epoch': 17.52}
{'loss': 0.0694, 'learning_rate': 0.0001, 'epoch': 17.53}
{'loss': 0.024, 'learning_rate': 0.0001, 'epoch': 17.54}
{'loss': 0.019, 'learning_rate': 0.0001, 'epoch': 17.55}
{'loss': 0.0274, 'learning_rate': 0.0001, 'epoch': 17.56}
{'loss': 0.0333, 'learning_rate': 0.0001, 'epoch': 17.57}
{'loss': 0.0175, 'learning_rate': 0.0001, 'epoch': 17.58}
{'loss': 0.0572, 'learning_rate': 0.0001, 'epoch': 17.59}
{'loss': 0.0369, 'learning_rate': 0.0001, 'epoch': 17.6}
{'loss': 0.0779, 'learning_rate': 0.0001, 'epoch': 17.61}
{'loss': 0.0075, 'learning_rate': 0.0001, 'epoch': 17.62}
{'loss': 0.0142, 'learning_rate': 0.0001, 'epoch': 17.63}
{'loss': 0.0238, 'learning_rate': 0.0001, 'epoch': 17.64}
{'loss': 0.0346, 'learning_rate': 0.0001, 'epoch': 17.65}
{'loss': 0.026, 'learning_rate': 0.0001, 'epoch': 17.66}
{'loss': 0.0284, 'learning_rate': 0.0001, 'epoch': 17.67}
{'loss': 0.0274, 'learning_rate': 0.0001, 'epoch': 17.68}
{'loss': 0.027, 'learning_rate': 0.0001, 'epoch': 17.69}
{'loss': 0.0049, 'learning_rate': 0.0001, 'epoch': 17.7}
{'loss': 0.0171, 'learning_rate': 0.0001, 'epoch': 17.71}
{'loss': 0.0284, 'learning_rate': 0.0001, 'epoch': 17.72}
{'loss': 0.0471, 'learning_rate': 0.0001, 'epoch': 17.73}
{'loss': 0.0105, 'learning_rate': 0.0001, 'epoch': 17.74}
{'loss': 0.0151, 'learning_rate': 0.0001, 'epoch': 17.75}
{'loss': 0.0339, 'learning_rate': 0.0001, 'epoch': 17.76}
{'loss': 0.0286, 'learning_rate': 0.0001, 'epoch': 17.77}
{'loss': 0.047, 'learning_rate': 0.0001, 'epoch': 17.78}
{'loss': 0.0049, 'learning_rate': 0.0001, 'epoch': 17.79}
{'loss': 0.0236, 'learning_rate': 0.0001, 'epoch': 17.8}
{'loss': 0.0214, 'learning_rate': 0.0001, 'epoch': 17.81}
{'loss': 0.0205, 'learning_rate': 0.0001, 'epoch': 17.82}
{'loss': 0.02, 'learning_rate': 0.0001, 'epoch': 17.83}
{'loss': 0.04, 'learning_rate': 0.0001, 'epoch': 17.84}
{'loss': 0.0136, 'learning_rate': 0.0001, 'epoch': 17.85}
{'loss': 0.0186, 'learning_rate': 0.0001, 'epoch': 17.86}
{'loss': 0.0153, 'learning_rate': 0.0001, 'epoch': 17.87}
{'loss': 0.0271, 'learning_rate': 0.0001, 'epoch': 17.88}
{'loss': 0.0327, 'learning_rate': 0.0001, 'epoch': 17.89}
{'loss': 0.0225, 'learning_rate': 0.0001, 'epoch': 17.9}
{'loss': 0.0184, 'learning_rate': 0.0001, 'epoch': 17.91}
{'loss': 0.0296, 'learning_rate': 0.0001, 'epoch': 17.92}
{'loss': 0.0263, 'learning_rate': 0.0001, 'epoch': 17.93}
{'loss': 0.0232, 'learning_rate': 0.0001, 'epoch': 17.94}
{'loss': 0.0071, 'learning_rate': 0.0001, 'epoch': 17.95}
{'loss': 0.0631, 'learning_rate': 0.0001, 'epoch': 17.96}
{'loss': 0.008, 'learning_rate': 0.0001, 'epoch': 17.97}
{'loss': 0.0449, 'learning_rate': 0.0001, 'epoch': 17.98}
{'loss': 0.0232, 'learning_rate': 0.0001, 'epoch': 17.99}
{'loss': 0.0304, 'learning_rate': 0.0001, 'epoch': 18.0}
{'eval_loss': 2.57505202293396, 'eval_runtime': 83.6508, 'eval_samples_per_second': 59.772, 'eval_steps_per_second': 11.954, 'epoch': 18.0}
{'loss': 0.0328, 'learning_rate': 0.0001, 'epoch': 18.01}
{'loss': 0.0097, 'learning_rate': 0.0001, 'epoch': 18.02}
{'loss': 0.0286, 'learning_rate': 0.0001, 'epoch': 18.03}
{'loss': 0.0144, 'learning_rate': 0.0001, 'epoch': 18.04}
{'loss': 0.0232, 'learning_rate': 0.0001, 'epoch': 18.05}
{'loss': 0.0111, 'learning_rate': 0.0001, 'epoch': 18.06}
{'loss': 0.0118, 'learning_rate': 0.0001, 'epoch': 18.07}
{'loss': 0.0333, 'learning_rate': 0.0001, 'epoch': 18.08}
{'loss': 0.0228, 'learning_rate': 0.0001, 'epoch': 18.09}
{'loss': 0.0324, 'learning_rate': 0.0001, 'epoch': 18.1}
{'loss': 0.0518, 'learning_rate': 0.0001, 'epoch': 18.11}
{'loss': 0.0287, 'learning_rate': 0.0001, 'epoch': 18.12}
{'loss': 0.0986, 'learning_rate': 0.0001, 'epoch': 18.13}
{'loss': 0.0167, 'learning_rate': 0.0001, 'epoch': 18.14}
{'loss': 0.007, 'learning_rate': 0.0001, 'epoch': 18.15}
{'loss': 0.0237, 'learning_rate': 0.0001, 'epoch': 18.16}
{'loss': 0.0288, 'learning_rate': 0.0001, 'epoch': 18.17}
{'loss': 0.009, 'learning_rate': 0.0001, 'epoch': 18.18}
{'loss': 0.0379, 'learning_rate': 0.0001, 'epoch': 18.19}
{'loss': 0.0131, 'learning_rate': 0.0001, 'epoch': 18.2}
{'loss': 0.0953, 'learning_rate': 0.0001, 'epoch': 18.21}
{'loss': 0.0413, 'learning_rate': 0.0001, 'epoch': 18.22}
{'loss': 0.0157, 'learning_rate': 0.0001, 'epoch': 18.23}
{'loss': 0.024, 'learning_rate': 0.0001, 'epoch': 18.24}
{'loss': 0.0243, 'learning_rate': 0.0001, 'epoch': 18.25}
{'loss': 0.0143, 'learning_rate': 0.0001, 'epoch': 18.26}
{'loss': 0.0135, 'learning_rate': 0.0001, 'epoch': 18.27}
{'loss': 0.0258, 'learning_rate': 0.0001, 'epoch': 18.28}
{'loss': 0.0122, 'learning_rate': 0.0001, 'epoch': 18.29}
{'loss': 0.0205, 'learning_rate': 0.0001, 'epoch': 18.3}
{'loss': 0.0207, 'learning_rate': 0.0001, 'epoch': 18.31}
{'loss': 0.0191, 'learning_rate': 0.0001, 'epoch': 18.32}
{'loss': 0.0134, 'learning_rate': 0.0001, 'epoch': 18.33}
{'loss': 0.0267, 'learning_rate': 0.0001, 'epoch': 18.34}
{'loss': 0.0132, 'learning_rate': 0.0001, 'epoch': 18.35}
{'loss': 0.0107, 'learning_rate': 0.0001, 'epoch': 18.36}
{'loss': 0.0057, 'learning_rate': 0.0001, 'epoch': 18.37}
{'loss': 0.0436, 'learning_rate': 0.0001, 'epoch': 18.38}
{'loss': 0.0137, 'learning_rate': 0.0001, 'epoch': 18.39}
{'loss': 0.0067, 'learning_rate': 0.0001, 'epoch': 18.4}
{'loss': 0.0142, 'learning_rate': 0.0001, 'epoch': 18.41}
{'loss': 0.017, 'learning_rate': 0.0001, 'epoch': 18.42}
{'loss': 0.0444, 'learning_rate': 0.0001, 'epoch': 18.43}
{'loss': 0.0301, 'learning_rate': 0.0001, 'epoch': 18.44}
{'loss': 0.0518, 'learning_rate': 0.0001, 'epoch': 18.45}
{'loss': 0.0267, 'learning_rate': 0.0001, 'epoch': 18.46}
{'loss': 0.0153, 'learning_rate': 0.0001, 'epoch': 18.47}
{'loss': 0.0647, 'learning_rate': 0.0001, 'epoch': 18.48}
{'loss': 0.0215, 'learning_rate': 0.0001, 'epoch': 18.49}
{'loss': 0.0176, 'learning_rate': 0.0001, 'epoch': 18.5}
{'loss': 0.0221, 'learning_rate': 0.0001, 'epoch': 18.51}
{'loss': 0.0381, 'learning_rate': 0.0001, 'epoch': 18.52}
{'loss': 0.0384, 'learning_rate': 0.0001, 'epoch': 18.53}
{'loss': 0.0212, 'learning_rate': 0.0001, 'epoch': 18.54}
{'loss': 0.013, 'learning_rate': 0.0001, 'epoch': 18.55}
{'loss': 0.0235, 'learning_rate': 0.0001, 'epoch': 18.56}
{'loss': 0.0531, 'learning_rate': 0.0001, 'epoch': 18.57}
{'loss': 0.0398, 'learning_rate': 0.0001, 'epoch': 18.58}
{'loss': 0.0065, 'learning_rate': 0.0001, 'epoch': 18.59}
{'loss': 0.0233, 'learning_rate': 0.0001, 'epoch': 18.6}
{'loss': 0.0307, 'learning_rate': 0.0001, 'epoch': 18.61}
{'loss': 0.0549, 'learning_rate': 0.0001, 'epoch': 18.62}
{'loss': 0.0407, 'learning_rate': 0.0001, 'epoch': 18.63}
{'loss': 0.0126, 'learning_rate': 0.0001, 'epoch': 18.64}
{'loss': 0.0313, 'learning_rate': 0.0001, 'epoch': 18.65}
{'loss': 0.0161, 'learning_rate': 0.0001, 'epoch': 18.66}
{'loss': 0.0199, 'learning_rate': 0.0001, 'epoch': 18.67}
{'loss': 0.0352, 'learning_rate': 0.0001, 'epoch': 18.68}
{'loss': 0.008, 'learning_rate': 0.0001, 'epoch': 18.69}
{'loss': 0.0081, 'learning_rate': 0.0001, 'epoch': 18.7}
{'loss': 0.0228, 'learning_rate': 0.0001, 'epoch': 18.71}
{'loss': 0.0042, 'learning_rate': 0.0001, 'epoch': 18.72}
{'loss': 0.0501, 'learning_rate': 0.0001, 'epoch': 18.73}
{'loss': 0.0596, 'learning_rate': 0.0001, 'epoch': 18.74}
{'loss': 0.0167, 'learning_rate': 0.0001, 'epoch': 18.75}
{'loss': 0.0137, 'learning_rate': 0.0001, 'epoch': 18.76}
{'loss': 0.0063, 'learning_rate': 0.0001, 'epoch': 18.77}
{'loss': 0.031, 'learning_rate': 0.0001, 'epoch': 18.78}
{'loss': 0.0144, 'learning_rate': 0.0001, 'epoch': 18.79}
{'loss': 0.0451, 'learning_rate': 0.0001, 'epoch': 18.8}
{'loss': 0.0329, 'learning_rate': 0.0001, 'epoch': 18.81}
{'loss': 0.0454, 'learning_rate': 0.0001, 'epoch': 18.82}
{'loss': 0.0051, 'learning_rate': 0.0001, 'epoch': 18.83}
{'loss': 0.0194, 'learning_rate': 0.0001, 'epoch': 18.84}
{'loss': 0.0423, 'learning_rate': 0.0001, 'epoch': 18.85}
{'loss': 0.0105, 'learning_rate': 0.0001, 'epoch': 18.86}
{'loss': 0.0135, 'learning_rate': 0.0001, 'epoch': 18.87}
{'loss': 0.0258, 'learning_rate': 0.0001, 'epoch': 18.88}
{'loss': 0.026, 'learning_rate': 0.0001, 'epoch': 18.89}
{'loss': 0.0612, 'learning_rate': 0.0001, 'epoch': 18.9}
{'loss': 0.0279, 'learning_rate': 0.0001, 'epoch': 18.91}
{'loss': 0.038, 'learning_rate': 0.0001, 'epoch': 18.92}
{'loss': 0.0052, 'learning_rate': 0.0001, 'epoch': 18.93}
{'loss': 0.0386, 'learning_rate': 0.0001, 'epoch': 18.94}
{'loss': 0.0612, 'learning_rate': 0.0001, 'epoch': 18.95}
{'loss': 0.0256, 'learning_rate': 0.0001, 'epoch': 18.96}
{'loss': 0.0864, 'learning_rate': 0.0001, 'epoch': 18.97}
{'loss': 0.1029, 'learning_rate': 0.0001, 'epoch': 18.98}
{'loss': 0.0323, 'learning_rate': 0.0001, 'epoch': 18.99}
{'loss': 0.0135, 'learning_rate': 0.0001, 'epoch': 19.0}
{'loss': 0.0049, 'learning_rate': 0.0001, 'epoch': 19.01}
{'loss': 0.0381, 'learning_rate': 0.0001, 'epoch': 19.02}
{'loss': 0.0119, 'learning_rate': 0.0001, 'epoch': 19.03}
{'loss': 0.0318, 'learning_rate': 0.0001, 'epoch': 19.04}
{'loss': 0.0265, 'learning_rate': 0.0001, 'epoch': 19.05}
{'loss': 0.0293, 'learning_rate': 0.0001, 'epoch': 19.06}
{'loss': 0.0301, 'learning_rate': 0.0001, 'epoch': 19.07}
{'loss': 0.0136, 'learning_rate': 0.0001, 'epoch': 19.08}
{'loss': 0.0136, 'learning_rate': 0.0001, 'epoch': 19.09}
{'loss': 0.019, 'learning_rate': 0.0001, 'epoch': 19.1}
{'loss': 0.0124, 'learning_rate': 0.0001, 'epoch': 19.11}
{'loss': 0.0233, 'learning_rate': 0.0001, 'epoch': 19.12}
{'loss': 0.0148, 'learning_rate': 0.0001, 'epoch': 19.13}
{'loss': 0.0245, 'learning_rate': 0.0001, 'epoch': 19.14}
{'loss': 0.0073, 'learning_rate': 0.0001, 'epoch': 19.15}
{'loss': 0.0047, 'learning_rate': 0.0001, 'epoch': 19.16}
{'loss': 0.007, 'learning_rate': 0.0001, 'epoch': 19.17}
{'loss': 0.0172, 'learning_rate': 0.0001, 'epoch': 19.18}
{'loss': 0.0169, 'learning_rate': 0.0001, 'epoch': 19.19}
{'loss': 0.0325, 'learning_rate': 0.0001, 'epoch': 19.2}
{'loss': 0.0121, 'learning_rate': 0.0001, 'epoch': 19.21}
{'loss': 0.0338, 'learning_rate': 0.0001, 'epoch': 19.22}
{'loss': 0.035, 'learning_rate': 0.0001, 'epoch': 19.23}
{'loss': 0.007, 'learning_rate': 0.0001, 'epoch': 19.24}
{'loss': 0.0008, 'learning_rate': 0.0001, 'epoch': 19.25}
{'loss': 0.0376, 'learning_rate': 0.0001, 'epoch': 19.26}
{'loss': 0.0197, 'learning_rate': 0.0001, 'epoch': 19.27}
{'loss': 0.015, 'learning_rate': 0.0001, 'epoch': 19.28}
{'loss': 0.0169, 'learning_rate': 0.0001, 'epoch': 19.29}
{'loss': 0.0163, 'learning_rate': 0.0001, 'epoch': 19.3}
{'loss': 0.0314, 'learning_rate': 0.0001, 'epoch': 19.31}
{'loss': 0.0353, 'learning_rate': 0.0001, 'epoch': 19.32}
{'loss': 0.0136, 'learning_rate': 0.0001, 'epoch': 19.33}
{'loss': 0.0015, 'learning_rate': 0.0001, 'epoch': 19.34}
{'loss': 0.0325, 'learning_rate': 0.0001, 'epoch': 19.35}
{'loss': 0.0178, 'learning_rate': 0.0001, 'epoch': 19.36}
{'loss': 0.013, 'learning_rate': 0.0001, 'epoch': 19.37}
{'loss': 0.0087, 'learning_rate': 0.0001, 'epoch': 19.38}
{'loss': 0.0103, 'learning_rate': 0.0001, 'epoch': 19.39}
{'loss': 0.0328, 'learning_rate': 0.0001, 'epoch': 19.4}
{'loss': 0.0236, 'learning_rate': 0.0001, 'epoch': 19.41}
{'loss': 0.0318, 'learning_rate': 0.0001, 'epoch': 19.42}
{'loss': 0.0233, 'learning_rate': 0.0001, 'epoch': 19.43}
{'loss': 0.0369, 'learning_rate': 0.0001, 'epoch': 19.44}
{'loss': 0.0255, 'learning_rate': 0.0001, 'epoch': 19.45}
{'loss': 0.0122, 'learning_rate': 0.0001, 'epoch': 19.46}
{'loss': 0.0211, 'learning_rate': 0.0001, 'epoch': 19.47}
{'loss': 0.0138, 'learning_rate': 0.0001, 'epoch': 19.48}
{'loss': 0.029, 'learning_rate': 0.0001, 'epoch': 19.49}
{'loss': 0.0042, 'learning_rate': 0.0001, 'epoch': 19.5}
{'loss': 0.0355, 'learning_rate': 0.0001, 'epoch': 19.51}
{'loss': 0.0, 'learning_rate': 0.0001, 'epoch': 19.52}
{'loss': 0.0143, 'learning_rate': 0.0001, 'epoch': 19.53}
{'loss': 0.0248, 'learning_rate': 0.0001, 'epoch': 19.54}
{'loss': 0.0, 'learning_rate': 0.0001, 'epoch': 19.55}
{'loss': 0.0138, 'learning_rate': 0.0001, 'epoch': 19.56}
{'loss': 0.005, 'learning_rate': 0.0001, 'epoch': 19.57}
{'loss': 0.0219, 'learning_rate': 0.0001, 'epoch': 19.58}
{'loss': 0.0108, 'learning_rate': 0.0001, 'epoch': 19.59}
{'loss': 0.0073, 'learning_rate': 0.0001, 'epoch': 19.6}
{'loss': 0.0291, 'learning_rate': 0.0001, 'epoch': 19.61}
{'loss': 0.0062, 'learning_rate': 0.0001, 'epoch': 19.62}
{'loss': 0.017, 'learning_rate': 0.0001, 'epoch': 19.63}
{'loss': 0.0208, 'learning_rate': 0.0001, 'epoch': 19.64}
{'loss': 0.0217, 'learning_rate': 0.0001, 'epoch': 19.65}
{'loss': 0.0171, 'learning_rate': 0.0001, 'epoch': 19.66}
{'loss': 0.0283, 'learning_rate': 0.0001, 'epoch': 19.67}
{'loss': 0.025, 'learning_rate': 0.0001, 'epoch': 19.68}
{'loss': 0.0187, 'learning_rate': 0.0001, 'epoch': 19.69}
{'loss': 0.0179, 'learning_rate': 0.0001, 'epoch': 19.7}
{'loss': 0.0323, 'learning_rate': 0.0001, 'epoch': 19.71}
{'loss': 0.0122, 'learning_rate': 0.0001, 'epoch': 19.72}
{'loss': 0.0195, 'learning_rate': 0.0001, 'epoch': 19.73}
{'loss': 0.015, 'learning_rate': 0.0001, 'epoch': 19.74}
{'loss': 0.0284, 'learning_rate': 0.0001, 'epoch': 19.75}
{'loss': 0.0173, 'learning_rate': 0.0001, 'epoch': 19.76}
{'loss': 0.014, 'learning_rate': 0.0001, 'epoch': 19.77}
{'loss': 0.0424, 'learning_rate': 0.0001, 'epoch': 19.78}
{'loss': 0.016, 'learning_rate': 0.0001, 'epoch': 19.79}
{'loss': 0.0163, 'learning_rate': 0.0001, 'epoch': 19.8}
{'loss': 0.0135, 'learning_rate': 0.0001, 'epoch': 19.81}
{'loss': 0.0193, 'learning_rate': 0.0001, 'epoch': 19.82}
{'loss': 0.0242, 'learning_rate': 0.0001, 'epoch': 19.83}
{'loss': 0.0135, 'learning_rate': 0.0001, 'epoch': 19.84}
{'loss': 0.0171, 'learning_rate': 0.0001, 'epoch': 19.85}
{'loss': 0.0369, 'learning_rate': 0.0001, 'epoch': 19.86}
{'loss': 0.0415, 'learning_rate': 0.0001, 'epoch': 19.87}
{'loss': 0.064, 'learning_rate': 0.0001, 'epoch': 19.88}
{'loss': 0.0242, 'learning_rate': 0.0001, 'epoch': 19.89}
{'loss': 0.036, 'learning_rate': 0.0001, 'epoch': 19.9}
{'loss': 0.0413, 'learning_rate': 0.0001, 'epoch': 19.91}
{'loss': 0.0133, 'learning_rate': 0.0001, 'epoch': 19.92}
{'loss': 0.0164, 'learning_rate': 0.0001, 'epoch': 19.93}
{'loss': 0.0279, 'learning_rate': 0.0001, 'epoch': 19.94}
{'loss': 0.0362, 'learning_rate': 0.0001, 'epoch': 19.95}
{'loss': 0.0193, 'learning_rate': 0.0001, 'epoch': 19.96}
{'loss': 0.0604, 'learning_rate': 0.0001, 'epoch': 19.97}
{'loss': 0.0354, 'learning_rate': 0.0001, 'epoch': 19.98}
{'loss': 0.036, 'learning_rate': 0.0001, 'epoch': 19.99}
{'loss': 0.0409, 'learning_rate': 0.0001, 'epoch': 20.0}
{'eval_loss': 2.7737438678741455, 'eval_runtime': 83.4499, 'eval_samples_per_second': 59.916, 'eval_steps_per_second': 11.983, 'epoch': 20.0}
{'train_runtime': 5124.2758, 'train_samples_per_second': 19.511, 'train_steps_per_second': 3.903, 'train_loss': 0.212589742860807, 'epoch': 20.0}
Loading/Merging LoRA 1: /storage/ice1/3/3/rswaminathan38/Research/Vaccine-1/ckpt/Llama-2-7b-hf_vaccine_2
Loading/Merging LoRA 2: /storage/ice1/3/3/rswaminathan38/Research/Antidote/ckpt/sst2/Llama-2-7b-hf_vaccine_f_2_0.1_5000
final score:82.20
input path: /storage/ice1/3/3/rswaminathan38/Research/Antidote/data/poison/sst2/Llama-2-7b-hf_vaccine_f_2_0.1_5000
Namespace(model_folder='meta-llama/Llama-2-7b-hf', lora_folder='/storage/ice1/3/3/rswaminathan38/Research/Vaccine-1/ckpt/Llama-2-7b-hf_vaccine_2', lora_folder2='/storage/ice1/3/3/rswaminathan38/Research/Antidote/ckpt/sst2/Llama-2-7b-hf_vaccine_f_2_0.1_5000', output_path='/storage/ice1/3/3/rswaminathan38/Research/Antidote/data/sst2/Llama-2-7b-hf_vaccine_f_2_0.1_5000', cache_dir='../cache')
Recovering LoRA weights from /storage/ice1/3/3/rswaminathan38/Research/Vaccine-1/ckpt/Llama-2-7b-hf_vaccine_2...
Recovering LoRA weights from /storage/ice1/3/3/rswaminathan38/Research/Antidote/ckpt/sst2/Llama-2-7b-hf_vaccine_f_2_0.1_5000...
Final Score: 95.76%
VACCINE POISON-RATIO RUN COMPLETED
Sat Apr 18 01:16:29 EDT 2026
---------------------------------------
Begin Slurm Epilog: Apr-18-2026 01:16:30
Job ID:        4913722
User ID:       rswaminathan38
Account:       coc
Job name:      vaccine_pr_01_sem
Resources:     cpu=1,gres/gpu:h100=1,mem=64G,node=1
Rsrc Used:     cput=02:40:42,vmem=0,walltime=02:40:42,mem=29008356K,energy_used=0
Partition:     ice-gpu
QOS:           coc-ice
Nodes:         atl1-1-03-013-3-0
---------------------------------------
