---------------------------------------
Begin Slurm Prolog: Apr-18-2026 01:07:28
Job ID:    4913726
User ID:   rswaminathan38
Account:   coc
Job name:  vaccine_pr_08_sem
Partition: ice-gpu
QOS:       coc-ice
---------------------------------------
========================================
Safe Vaccine Poison-Ratio Job
Job ID           : 4913726
Node             : atl1-1-03-013-3-0.pace.gatech.edu
Project root     : /storage/ice1/3/3/rswaminathan38/Research/Antidote
Source ckpt      : /storage/ice1/3/3/rswaminathan38/Research/Vaccine-1/ckpt/Llama-2-7b-hf_vaccine_2
Poison ratio     : 0.8
Rho              : 2
Sample num       : 5000
Model path       : meta-llama/Llama-2-7b-hf
Train output     : /storage/ice1/3/3/rswaminathan38/Research/Antidote/ckpt/sst2/Llama-2-7b-hf_vaccine_f_2_0.8_5000
Poison output    : /storage/ice1/3/3/rswaminathan38/Research/Antidote/data/poison/sst2/Llama-2-7b-hf_vaccine_f_2_0.8_5000
SST2 output      : /storage/ice1/3/3/rswaminathan38/Research/Antidote/data/sst2/Llama-2-7b-hf_vaccine_f_2_0.8_5000
Precheck only    : 0
Sat Apr 18 01:07:28 EDT 2026
========================================
Python executable: /home/hice1/rswaminathan38/scratch/conda_envs/antidote/bin/python
Conda prefix     : /home/hice1/rswaminathan38/scratch/conda_envs/antidote
Python exec: /home/hice1/rswaminathan38/scratch/conda_envs/antidote/bin/python
Torch version: 2.1.0+cu121
Transformers version: 4.37.2
Datasets version: 2.14.7
PEFT version: 0.8.2
CUDA available: True
GPU: NVIDIA H100 80GB HBM3
CUDA_VISIBLE_DEVICES=0
Sat Apr 18 01:09:17 2026       
+-----------------------------------------------------------------------------------------+
| NVIDIA-SMI 580.105.08             Driver Version: 580.105.08     CUDA Version: 13.0     |
+-----------------------------------------+------------------------+----------------------+
| GPU  Name                 Persistence-M | Bus-Id          Disp.A | Volatile Uncorr. ECC |
| Fan  Temp   Perf          Pwr:Usage/Cap |           Memory-Usage | GPU-Util  Compute M. |
|                                         |                        |               MIG M. |
|=========================================+========================+======================|
|   0  NVIDIA H100 80GB HBM3          On  |   00000000:48:00.0 Off |                    0 |
| N/A   31C    P0             86W /  700W |       0MiB /  81559MiB |      0%      Default |
|                                         |                        |             Disabled |
+-----------------------------------------+------------------------+----------------------+

+-----------------------------------------------------------------------------------------+
| Processes:                                                                              |
|  GPU   GI   CI              PID   Type   Process name                        GPU Memory |
|        ID   ID                                                               Usage      |
|=========================================================================================|
|  No running processes found                                                             |
+-----------------------------------------------------------------------------------------+
32001
Recover LoRA weights..
PeftModelForCausalLM(
  (base_model): LoraModel(
    (model): LlamaForCausalLM(
      (model): LlamaModel(
        (embed_tokens): Embedding(32001, 4096)
        (layers): ModuleList(
          (0-31): 32 x LlamaDecoderLayer(
            (self_attn): LlamaAttention(
              (q_proj): lora.Linear(
                (base_layer): Linear(in_features=4096, out_features=4096, bias=False)
                (lora_dropout): ModuleDict(
                  (default): Identity()
                )
                (lora_A): ModuleDict(
                  (default): Linear(in_features=4096, out_features=16, bias=False)
                )
                (lora_B): ModuleDict(
                  (default): Linear(in_features=16, out_features=4096, bias=False)
                )
                (lora_embedding_A): ParameterDict()
                (lora_embedding_B): ParameterDict()
              )
              (k_proj): lora.Linear(
                (base_layer): Linear(in_features=4096, out_features=4096, bias=False)
                (lora_dropout): ModuleDict(
                  (default): Identity()
                )
                (lora_A): ModuleDict(
                  (default): Linear(in_features=4096, out_features=16, bias=False)
                )
                (lora_B): ModuleDict(
                  (default): Linear(in_features=16, out_features=4096, bias=False)
                )
                (lora_embedding_A): ParameterDict()
                (lora_embedding_B): ParameterDict()
              )
              (v_proj): lora.Linear(
                (base_layer): Linear(in_features=4096, out_features=4096, bias=False)
                (lora_dropout): ModuleDict(
                  (default): Identity()
                )
                (lora_A): ModuleDict(
                  (default): Linear(in_features=4096, out_features=16, bias=False)
                )
                (lora_B): ModuleDict(
                  (default): Linear(in_features=16, out_features=4096, bias=False)
                )
                (lora_embedding_A): ParameterDict()
                (lora_embedding_B): ParameterDict()
              )
              (o_proj): Linear(in_features=4096, out_features=4096, bias=False)
              (rotary_emb): LlamaRotaryEmbedding()
            )
            (mlp): LlamaMLP(
              (gate_proj): Linear(in_features=4096, out_features=11008, bias=False)
              (up_proj): Linear(in_features=4096, out_features=11008, bias=False)
              (down_proj): Linear(in_features=11008, out_features=4096, bias=False)
              (act_fn): SiLU()
            )
            (input_layernorm): LlamaRMSNorm()
            (post_attention_layernorm): LlamaRMSNorm()
          )
        )
        (norm): LlamaRMSNorm()
      )
      (lm_head): Linear(in_features=4096, out_features=32001, bias=False)
    )
  )
)
PeftModelForCausalLM(
  (base_model): LoraModel(
    (model): LlamaForCausalLM(
      (model): LlamaModel(
        (embed_tokens): Embedding(32001, 4096)
        (layers): ModuleList(
          (0-31): 32 x LlamaDecoderLayer(
            (self_attn): LlamaAttention(
              (q_proj): lora.Linear(
                (base_layer): Linear(in_features=4096, out_features=4096, bias=False)
                (lora_dropout): ModuleDict(
                  (default): Identity()
                )
                (lora_A): ModuleDict(
                  (default): Linear(in_features=4096, out_features=16, bias=False)
                )
                (lora_B): ModuleDict(
                  (default): Linear(in_features=16, out_features=4096, bias=False)
                )
                (lora_embedding_A): ParameterDict()
                (lora_embedding_B): ParameterDict()
              )
              (k_proj): lora.Linear(
                (base_layer): Linear(in_features=4096, out_features=4096, bias=False)
                (lora_dropout): ModuleDict(
                  (default): Identity()
                )
                (lora_A): ModuleDict(
                  (default): Linear(in_features=4096, out_features=16, bias=False)
                )
                (lora_B): ModuleDict(
                  (default): Linear(in_features=16, out_features=4096, bias=False)
                )
                (lora_embedding_A): ParameterDict()
                (lora_embedding_B): ParameterDict()
              )
              (v_proj): lora.Linear(
                (base_layer): Linear(in_features=4096, out_features=4096, bias=False)
                (lora_dropout): ModuleDict(
                  (default): Identity()
                )
                (lora_A): ModuleDict(
                  (default): Linear(in_features=4096, out_features=16, bias=False)
                )
                (lora_B): ModuleDict(
                  (default): Linear(in_features=16, out_features=4096, bias=False)
                )
                (lora_embedding_A): ParameterDict()
                (lora_embedding_B): ParameterDict()
              )
              (o_proj): Linear(in_features=4096, out_features=4096, bias=False)
              (rotary_emb): LlamaRotaryEmbedding()
            )
            (mlp): LlamaMLP(
              (gate_proj): Linear(in_features=4096, out_features=11008, bias=False)
              (up_proj): Linear(in_features=4096, out_features=11008, bias=False)
              (down_proj): Linear(in_features=11008, out_features=4096, bias=False)
              (act_fn): SiLU()
            )
            (input_layernorm): LlamaRMSNorm()
            (post_attention_layernorm): LlamaRMSNorm()
          )
        )
        (norm): LlamaRMSNorm()
      )
      (lm_head): Linear(in_features=4096, out_features=32001, bias=False)
    )
  )
)
finetuning dataset
19980.0
{'loss': 2.6214, 'learning_rate': 0.0001, 'epoch': 0.01}
{'loss': 2.3918, 'learning_rate': 0.0001, 'epoch': 0.02}
{'loss': 2.3902, 'learning_rate': 0.0001, 'epoch': 0.03}
{'loss': 2.101, 'learning_rate': 0.0001, 'epoch': 0.04}
{'loss': 1.961, 'learning_rate': 0.0001, 'epoch': 0.05}
{'loss': 1.7057, 'learning_rate': 0.0001, 'epoch': 0.06}
{'loss': 1.8193, 'learning_rate': 0.0001, 'epoch': 0.07}
{'loss': 1.7688, 'learning_rate': 0.0001, 'epoch': 0.08}
{'loss': 1.6819, 'learning_rate': 0.0001, 'epoch': 0.09}
{'loss': 1.6464, 'learning_rate': 0.0001, 'epoch': 0.1}
{'loss': 1.6903, 'learning_rate': 0.0001, 'epoch': 0.11}
{'loss': 1.5898, 'learning_rate': 0.0001, 'epoch': 0.12}
{'loss': 1.61, 'learning_rate': 0.0001, 'epoch': 0.13}
{'loss': 1.6143, 'learning_rate': 0.0001, 'epoch': 0.14}
{'loss': 1.572, 'learning_rate': 0.0001, 'epoch': 0.15}
{'loss': 1.5254, 'learning_rate': 0.0001, 'epoch': 0.16}
{'loss': 1.613, 'learning_rate': 0.0001, 'epoch': 0.17}
{'loss': 1.577, 'learning_rate': 0.0001, 'epoch': 0.18}
{'loss': 1.6179, 'learning_rate': 0.0001, 'epoch': 0.19}
{'loss': 1.6093, 'learning_rate': 0.0001, 'epoch': 0.2}
{'loss': 1.6517, 'learning_rate': 0.0001, 'epoch': 0.21}
{'loss': 1.6193, 'learning_rate': 0.0001, 'epoch': 0.22}
{'loss': 1.5484, 'learning_rate': 0.0001, 'epoch': 0.23}
{'loss': 1.542, 'learning_rate': 0.0001, 'epoch': 0.24}
{'loss': 1.471, 'learning_rate': 0.0001, 'epoch': 0.25}
{'loss': 1.5743, 'learning_rate': 0.0001, 'epoch': 0.26}
{'loss': 1.6114, 'learning_rate': 0.0001, 'epoch': 0.27}
{'loss': 1.5725, 'learning_rate': 0.0001, 'epoch': 0.28}
{'loss': 1.5602, 'learning_rate': 0.0001, 'epoch': 0.29}
{'loss': 1.5668, 'learning_rate': 0.0001, 'epoch': 0.3}
{'loss': 1.5294, 'learning_rate': 0.0001, 'epoch': 0.31}
{'loss': 1.4782, 'learning_rate': 0.0001, 'epoch': 0.32}
{'loss': 1.5454, 'learning_rate': 0.0001, 'epoch': 0.33}
{'loss': 1.6172, 'learning_rate': 0.0001, 'epoch': 0.34}
{'loss': 1.482, 'learning_rate': 0.0001, 'epoch': 0.35}
{'loss': 1.6062, 'learning_rate': 0.0001, 'epoch': 0.36}
{'loss': 1.3977, 'learning_rate': 0.0001, 'epoch': 0.37}
{'loss': 1.6394, 'learning_rate': 0.0001, 'epoch': 0.38}
{'loss': 1.557, 'learning_rate': 0.0001, 'epoch': 0.39}
{'loss': 1.5072, 'learning_rate': 0.0001, 'epoch': 0.4}
{'loss': 1.5418, 'learning_rate': 0.0001, 'epoch': 0.41}
{'loss': 1.5124, 'learning_rate': 0.0001, 'epoch': 0.42}
{'loss': 1.5362, 'learning_rate': 0.0001, 'epoch': 0.43}
{'loss': 1.5635, 'learning_rate': 0.0001, 'epoch': 0.44}
{'loss': 1.4859, 'learning_rate': 0.0001, 'epoch': 0.45}
{'loss': 1.5348, 'learning_rate': 0.0001, 'epoch': 0.46}
{'loss': 1.4511, 'learning_rate': 0.0001, 'epoch': 0.47}
{'loss': 1.5016, 'learning_rate': 0.0001, 'epoch': 0.48}
{'loss': 1.5807, 'learning_rate': 0.0001, 'epoch': 0.49}
{'loss': 1.4636, 'learning_rate': 0.0001, 'epoch': 0.5}
{'loss': 1.3737, 'learning_rate': 0.0001, 'epoch': 0.51}
{'loss': 1.6068, 'learning_rate': 0.0001, 'epoch': 0.52}
{'loss': 1.5177, 'learning_rate': 0.0001, 'epoch': 0.53}
{'loss': 1.504, 'learning_rate': 0.0001, 'epoch': 0.54}
{'loss': 1.5281, 'learning_rate': 0.0001, 'epoch': 0.55}
{'loss': 1.5166, 'learning_rate': 0.0001, 'epoch': 0.56}
{'loss': 1.3578, 'learning_rate': 0.0001, 'epoch': 0.57}
{'loss': 1.4028, 'learning_rate': 0.0001, 'epoch': 0.58}
{'loss': 1.5458, 'learning_rate': 0.0001, 'epoch': 0.59}
{'loss': 1.3919, 'learning_rate': 0.0001, 'epoch': 0.6}
{'loss': 1.5335, 'learning_rate': 0.0001, 'epoch': 0.61}
{'loss': 1.5054, 'learning_rate': 0.0001, 'epoch': 0.62}
{'loss': 1.5299, 'learning_rate': 0.0001, 'epoch': 0.63}
{'loss': 1.583, 'learning_rate': 0.0001, 'epoch': 0.64}
{'loss': 1.4649, 'learning_rate': 0.0001, 'epoch': 0.65}
{'loss': 1.5192, 'learning_rate': 0.0001, 'epoch': 0.66}
{'loss': 1.4578, 'learning_rate': 0.0001, 'epoch': 0.67}
{'loss': 1.5103, 'learning_rate': 0.0001, 'epoch': 0.68}
{'loss': 1.4927, 'learning_rate': 0.0001, 'epoch': 0.69}
{'loss': 1.4371, 'learning_rate': 0.0001, 'epoch': 0.7}
{'loss': 1.4629, 'learning_rate': 0.0001, 'epoch': 0.71}
{'loss': 1.5214, 'learning_rate': 0.0001, 'epoch': 0.72}
{'loss': 1.5167, 'learning_rate': 0.0001, 'epoch': 0.73}
{'loss': 1.5267, 'learning_rate': 0.0001, 'epoch': 0.74}
{'loss': 1.4172, 'learning_rate': 0.0001, 'epoch': 0.75}
{'loss': 1.5618, 'learning_rate': 0.0001, 'epoch': 0.76}
{'loss': 1.5669, 'learning_rate': 0.0001, 'epoch': 0.77}
{'loss': 1.5059, 'learning_rate': 0.0001, 'epoch': 0.78}
{'loss': 1.5424, 'learning_rate': 0.0001, 'epoch': 0.79}
{'loss': 1.4802, 'learning_rate': 0.0001, 'epoch': 0.8}
{'loss': 1.463, 'learning_rate': 0.0001, 'epoch': 0.81}
{'loss': 1.4802, 'learning_rate': 0.0001, 'epoch': 0.82}
{'loss': 1.5135, 'learning_rate': 0.0001, 'epoch': 0.83}
{'loss': 1.4577, 'learning_rate': 0.0001, 'epoch': 0.84}
{'loss': 1.5228, 'learning_rate': 0.0001, 'epoch': 0.85}
{'loss': 1.5411, 'learning_rate': 0.0001, 'epoch': 0.86}
{'loss': 1.546, 'learning_rate': 0.0001, 'epoch': 0.87}
{'loss': 1.4471, 'learning_rate': 0.0001, 'epoch': 0.88}
{'loss': 1.4285, 'learning_rate': 0.0001, 'epoch': 0.89}
{'loss': 1.5261, 'learning_rate': 0.0001, 'epoch': 0.9}
{'loss': 1.5098, 'learning_rate': 0.0001, 'epoch': 0.91}
{'loss': 1.4995, 'learning_rate': 0.0001, 'epoch': 0.92}
{'loss': 1.4901, 'learning_rate': 0.0001, 'epoch': 0.93}
{'loss': 1.4856, 'learning_rate': 0.0001, 'epoch': 0.94}
{'loss': 1.5009, 'learning_rate': 0.0001, 'epoch': 0.95}
{'loss': 1.565, 'learning_rate': 0.0001, 'epoch': 0.96}
{'loss': 1.5228, 'learning_rate': 0.0001, 'epoch': 0.97}
{'loss': 1.4962, 'learning_rate': 0.0001, 'epoch': 0.98}
{'loss': 1.4811, 'learning_rate': 0.0001, 'epoch': 0.99}
{'loss': 1.541, 'learning_rate': 0.0001, 'epoch': 1.0}
{'loss': 1.4576, 'learning_rate': 0.0001, 'epoch': 1.01}
{'loss': 1.4296, 'learning_rate': 0.0001, 'epoch': 1.02}
{'loss': 1.4542, 'learning_rate': 0.0001, 'epoch': 1.03}
{'loss': 1.5336, 'learning_rate': 0.0001, 'epoch': 1.04}
{'loss': 1.4053, 'learning_rate': 0.0001, 'epoch': 1.05}
{'loss': 1.4916, 'learning_rate': 0.0001, 'epoch': 1.06}
{'loss': 1.3924, 'learning_rate': 0.0001, 'epoch': 1.07}
{'loss': 1.5806, 'learning_rate': 0.0001, 'epoch': 1.08}
{'loss': 1.477, 'learning_rate': 0.0001, 'epoch': 1.09}
{'loss': 1.4079, 'learning_rate': 0.0001, 'epoch': 1.1}
{'loss': 1.4793, 'learning_rate': 0.0001, 'epoch': 1.11}
{'loss': 1.4103, 'learning_rate': 0.0001, 'epoch': 1.12}
{'loss': 1.5272, 'learning_rate': 0.0001, 'epoch': 1.13}
{'loss': 1.4504, 'learning_rate': 0.0001, 'epoch': 1.14}
{'loss': 1.442, 'learning_rate': 0.0001, 'epoch': 1.15}
{'loss': 1.5634, 'learning_rate': 0.0001, 'epoch': 1.16}
{'loss': 1.3935, 'learning_rate': 0.0001, 'epoch': 1.17}
{'loss': 1.3996, 'learning_rate': 0.0001, 'epoch': 1.18}
{'loss': 1.5309, 'learning_rate': 0.0001, 'epoch': 1.19}
{'loss': 1.4289, 'learning_rate': 0.0001, 'epoch': 1.2}
{'loss': 1.4492, 'learning_rate': 0.0001, 'epoch': 1.21}
{'loss': 1.4608, 'learning_rate': 0.0001, 'epoch': 1.22}
{'loss': 1.3861, 'learning_rate': 0.0001, 'epoch': 1.23}
{'loss': 1.4837, 'learning_rate': 0.0001, 'epoch': 1.24}
{'loss': 1.3833, 'learning_rate': 0.0001, 'epoch': 1.25}
{'loss': 1.5061, 'learning_rate': 0.0001, 'epoch': 1.26}
{'loss': 1.4721, 'learning_rate': 0.0001, 'epoch': 1.27}
{'loss': 1.4333, 'learning_rate': 0.0001, 'epoch': 1.28}
{'loss': 1.4707, 'learning_rate': 0.0001, 'epoch': 1.29}
{'loss': 1.3431, 'learning_rate': 0.0001, 'epoch': 1.3}
{'loss': 1.4678, 'learning_rate': 0.0001, 'epoch': 1.31}
{'loss': 1.4175, 'learning_rate': 0.0001, 'epoch': 1.32}
{'loss': 1.5045, 'learning_rate': 0.0001, 'epoch': 1.33}
{'loss': 1.3666, 'learning_rate': 0.0001, 'epoch': 1.34}
{'loss': 1.3438, 'learning_rate': 0.0001, 'epoch': 1.35}
{'loss': 1.4698, 'learning_rate': 0.0001, 'epoch': 1.36}
{'loss': 1.5133, 'learning_rate': 0.0001, 'epoch': 1.37}
{'loss': 1.3441, 'learning_rate': 0.0001, 'epoch': 1.38}
{'loss': 1.5444, 'learning_rate': 0.0001, 'epoch': 1.39}
{'loss': 1.4516, 'learning_rate': 0.0001, 'epoch': 1.4}
{'loss': 1.4058, 'learning_rate': 0.0001, 'epoch': 1.41}
{'loss': 1.4055, 'learning_rate': 0.0001, 'epoch': 1.42}
{'loss': 1.4366, 'learning_rate': 0.0001, 'epoch': 1.43}
{'loss': 1.4039, 'learning_rate': 0.0001, 'epoch': 1.44}
{'loss': 1.4464, 'learning_rate': 0.0001, 'epoch': 1.45}
{'loss': 1.4262, 'learning_rate': 0.0001, 'epoch': 1.46}
{'loss': 1.4014, 'learning_rate': 0.0001, 'epoch': 1.47}
{'loss': 1.4402, 'learning_rate': 0.0001, 'epoch': 1.48}
{'loss': 1.3802, 'learning_rate': 0.0001, 'epoch': 1.49}
{'loss': 1.3956, 'learning_rate': 0.0001, 'epoch': 1.5}
{'loss': 1.4364, 'learning_rate': 0.0001, 'epoch': 1.51}
{'loss': 1.4832, 'learning_rate': 0.0001, 'epoch': 1.52}
{'loss': 1.4906, 'learning_rate': 0.0001, 'epoch': 1.53}
{'loss': 1.5365, 'learning_rate': 0.0001, 'epoch': 1.54}
{'loss': 1.4536, 'learning_rate': 0.0001, 'epoch': 1.55}
{'loss': 1.5194, 'learning_rate': 0.0001, 'epoch': 1.56}
{'loss': 1.4086, 'learning_rate': 0.0001, 'epoch': 1.57}
{'loss': 1.4923, 'learning_rate': 0.0001, 'epoch': 1.58}
{'loss': 1.4203, 'learning_rate': 0.0001, 'epoch': 1.59}
{'loss': 1.4133, 'learning_rate': 0.0001, 'epoch': 1.6}
{'loss': 1.5421, 'learning_rate': 0.0001, 'epoch': 1.61}
{'loss': 1.4441, 'learning_rate': 0.0001, 'epoch': 1.62}
{'loss': 1.4386, 'learning_rate': 0.0001, 'epoch': 1.63}
{'loss': 1.379, 'learning_rate': 0.0001, 'epoch': 1.64}
{'loss': 1.5353, 'learning_rate': 0.0001, 'epoch': 1.65}
{'loss': 1.4501, 'learning_rate': 0.0001, 'epoch': 1.66}
{'loss': 1.3487, 'learning_rate': 0.0001, 'epoch': 1.67}
{'loss': 1.5075, 'learning_rate': 0.0001, 'epoch': 1.68}
{'loss': 1.4449, 'learning_rate': 0.0001, 'epoch': 1.69}
{'loss': 1.5425, 'learning_rate': 0.0001, 'epoch': 1.7}
{'loss': 1.4557, 'learning_rate': 0.0001, 'epoch': 1.71}
{'loss': 1.5075, 'learning_rate': 0.0001, 'epoch': 1.72}
{'loss': 1.4775, 'learning_rate': 0.0001, 'epoch': 1.73}
{'loss': 1.4631, 'learning_rate': 0.0001, 'epoch': 1.74}
{'loss': 1.3654, 'learning_rate': 0.0001, 'epoch': 1.75}
{'loss': 1.4111, 'learning_rate': 0.0001, 'epoch': 1.76}
{'loss': 1.4242, 'learning_rate': 0.0001, 'epoch': 1.77}
{'loss': 1.4403, 'learning_rate': 0.0001, 'epoch': 1.78}
{'loss': 1.5075, 'learning_rate': 0.0001, 'epoch': 1.79}
{'loss': 1.48, 'learning_rate': 0.0001, 'epoch': 1.8}
{'loss': 1.4256, 'learning_rate': 0.0001, 'epoch': 1.81}
{'loss': 1.4208, 'learning_rate': 0.0001, 'epoch': 1.82}
{'loss': 1.4937, 'learning_rate': 0.0001, 'epoch': 1.83}
{'loss': 1.4561, 'learning_rate': 0.0001, 'epoch': 1.84}
{'loss': 1.4352, 'learning_rate': 0.0001, 'epoch': 1.85}
{'loss': 1.4095, 'learning_rate': 0.0001, 'epoch': 1.86}
{'loss': 1.4008, 'learning_rate': 0.0001, 'epoch': 1.87}
{'loss': 1.5268, 'learning_rate': 0.0001, 'epoch': 1.88}
{'loss': 1.3984, 'learning_rate': 0.0001, 'epoch': 1.89}
{'loss': 1.4181, 'learning_rate': 0.0001, 'epoch': 1.9}
{'loss': 1.4155, 'learning_rate': 0.0001, 'epoch': 1.91}
{'loss': 1.5221, 'learning_rate': 0.0001, 'epoch': 1.92}
{'loss': 1.3996, 'learning_rate': 0.0001, 'epoch': 1.93}
{'loss': 1.4063, 'learning_rate': 0.0001, 'epoch': 1.94}
{'loss': 1.489, 'learning_rate': 0.0001, 'epoch': 1.95}
{'loss': 1.5303, 'learning_rate': 0.0001, 'epoch': 1.96}
{'loss': 1.5033, 'learning_rate': 0.0001, 'epoch': 1.97}
{'loss': 1.4785, 'learning_rate': 0.0001, 'epoch': 1.98}
{'loss': 1.4975, 'learning_rate': 0.0001, 'epoch': 1.99}
{'loss': 1.5051, 'learning_rate': 0.0001, 'epoch': 2.0}
{'eval_loss': 1.118003487586975, 'eval_runtime': 82.996, 'eval_samples_per_second': 60.244, 'eval_steps_per_second': 12.049, 'epoch': 2.0}
{'loss': 1.4104, 'learning_rate': 0.0001, 'epoch': 2.01}
{'loss': 1.3154, 'learning_rate': 0.0001, 'epoch': 2.02}
{'loss': 1.4429, 'learning_rate': 0.0001, 'epoch': 2.03}
{'loss': 1.3864, 'learning_rate': 0.0001, 'epoch': 2.04}
{'loss': 1.2931, 'learning_rate': 0.0001, 'epoch': 2.05}
{'loss': 1.416, 'learning_rate': 0.0001, 'epoch': 2.06}
{'loss': 1.4178, 'learning_rate': 0.0001, 'epoch': 2.07}
{'loss': 1.3881, 'learning_rate': 0.0001, 'epoch': 2.08}
{'loss': 1.4116, 'learning_rate': 0.0001, 'epoch': 2.09}
{'loss': 1.3962, 'learning_rate': 0.0001, 'epoch': 2.1}
{'loss': 1.3687, 'learning_rate': 0.0001, 'epoch': 2.11}
{'loss': 1.322, 'learning_rate': 0.0001, 'epoch': 2.12}
{'loss': 1.3391, 'learning_rate': 0.0001, 'epoch': 2.13}
{'loss': 1.4333, 'learning_rate': 0.0001, 'epoch': 2.14}
{'loss': 1.4646, 'learning_rate': 0.0001, 'epoch': 2.15}
{'loss': 1.3539, 'learning_rate': 0.0001, 'epoch': 2.16}
{'loss': 1.3523, 'learning_rate': 0.0001, 'epoch': 2.17}
{'loss': 1.4514, 'learning_rate': 0.0001, 'epoch': 2.18}
{'loss': 1.4474, 'learning_rate': 0.0001, 'epoch': 2.19}
{'loss': 1.3795, 'learning_rate': 0.0001, 'epoch': 2.2}
{'loss': 1.3943, 'learning_rate': 0.0001, 'epoch': 2.21}
{'loss': 1.4016, 'learning_rate': 0.0001, 'epoch': 2.22}
{'loss': 1.3687, 'learning_rate': 0.0001, 'epoch': 2.23}
{'loss': 1.4531, 'learning_rate': 0.0001, 'epoch': 2.24}
{'loss': 1.444, 'learning_rate': 0.0001, 'epoch': 2.25}
{'loss': 1.4246, 'learning_rate': 0.0001, 'epoch': 2.26}
{'loss': 1.3686, 'learning_rate': 0.0001, 'epoch': 2.27}
{'loss': 1.3638, 'learning_rate': 0.0001, 'epoch': 2.28}
{'loss': 1.3528, 'learning_rate': 0.0001, 'epoch': 2.29}
{'loss': 1.5042, 'learning_rate': 0.0001, 'epoch': 2.3}
{'loss': 1.3032, 'learning_rate': 0.0001, 'epoch': 2.31}
{'loss': 1.4944, 'learning_rate': 0.0001, 'epoch': 2.32}
{'loss': 1.4202, 'learning_rate': 0.0001, 'epoch': 2.33}
{'loss': 1.3874, 'learning_rate': 0.0001, 'epoch': 2.34}
{'loss': 1.3619, 'learning_rate': 0.0001, 'epoch': 2.35}
{'loss': 1.3786, 'learning_rate': 0.0001, 'epoch': 2.36}
{'loss': 1.3105, 'learning_rate': 0.0001, 'epoch': 2.37}
{'loss': 1.4076, 'learning_rate': 0.0001, 'epoch': 2.38}
{'loss': 1.4819, 'learning_rate': 0.0001, 'epoch': 2.39}
{'loss': 1.3514, 'learning_rate': 0.0001, 'epoch': 2.4}
{'loss': 1.4303, 'learning_rate': 0.0001, 'epoch': 2.41}
{'loss': 1.5118, 'learning_rate': 0.0001, 'epoch': 2.42}
{'loss': 1.4427, 'learning_rate': 0.0001, 'epoch': 2.43}
{'loss': 1.4689, 'learning_rate': 0.0001, 'epoch': 2.44}
{'loss': 1.4132, 'learning_rate': 0.0001, 'epoch': 2.45}
{'loss': 1.3538, 'learning_rate': 0.0001, 'epoch': 2.46}
{'loss': 1.3467, 'learning_rate': 0.0001, 'epoch': 2.47}
{'loss': 1.3917, 'learning_rate': 0.0001, 'epoch': 2.48}
{'loss': 1.3764, 'learning_rate': 0.0001, 'epoch': 2.49}
{'loss': 1.3573, 'learning_rate': 0.0001, 'epoch': 2.5}
{'loss': 1.3746, 'learning_rate': 0.0001, 'epoch': 2.51}
{'loss': 1.3703, 'learning_rate': 0.0001, 'epoch': 2.52}
{'loss': 1.4643, 'learning_rate': 0.0001, 'epoch': 2.53}
{'loss': 1.3789, 'learning_rate': 0.0001, 'epoch': 2.54}
{'loss': 1.4771, 'learning_rate': 0.0001, 'epoch': 2.55}
{'loss': 1.4002, 'learning_rate': 0.0001, 'epoch': 2.56}
{'loss': 1.326, 'learning_rate': 0.0001, 'epoch': 2.57}
{'loss': 1.3494, 'learning_rate': 0.0001, 'epoch': 2.58}
{'loss': 1.3963, 'learning_rate': 0.0001, 'epoch': 2.59}
{'loss': 1.3686, 'learning_rate': 0.0001, 'epoch': 2.6}
{'loss': 1.3624, 'learning_rate': 0.0001, 'epoch': 2.61}
{'loss': 1.382, 'learning_rate': 0.0001, 'epoch': 2.62}
{'loss': 1.416, 'learning_rate': 0.0001, 'epoch': 2.63}
{'loss': 1.3994, 'learning_rate': 0.0001, 'epoch': 2.64}
{'loss': 1.3419, 'learning_rate': 0.0001, 'epoch': 2.65}
{'loss': 1.4219, 'learning_rate': 0.0001, 'epoch': 2.66}
{'loss': 1.4287, 'learning_rate': 0.0001, 'epoch': 2.67}
{'loss': 1.3113, 'learning_rate': 0.0001, 'epoch': 2.68}
{'loss': 1.3968, 'learning_rate': 0.0001, 'epoch': 2.69}
{'loss': 1.4765, 'learning_rate': 0.0001, 'epoch': 2.7}
{'loss': 1.4073, 'learning_rate': 0.0001, 'epoch': 2.71}
{'loss': 1.4296, 'learning_rate': 0.0001, 'epoch': 2.72}
{'loss': 1.4211, 'learning_rate': 0.0001, 'epoch': 2.73}
{'loss': 1.3302, 'learning_rate': 0.0001, 'epoch': 2.74}
{'loss': 1.4637, 'learning_rate': 0.0001, 'epoch': 2.75}
{'loss': 1.3663, 'learning_rate': 0.0001, 'epoch': 2.76}
{'loss': 1.3623, 'learning_rate': 0.0001, 'epoch': 2.77}
{'loss': 1.4398, 'learning_rate': 0.0001, 'epoch': 2.78}
{'loss': 1.4502, 'learning_rate': 0.0001, 'epoch': 2.79}
{'loss': 1.4108, 'learning_rate': 0.0001, 'epoch': 2.8}
{'loss': 1.4399, 'learning_rate': 0.0001, 'epoch': 2.81}
{'loss': 1.4618, 'learning_rate': 0.0001, 'epoch': 2.82}
{'loss': 1.4481, 'learning_rate': 0.0001, 'epoch': 2.83}
{'loss': 1.5097, 'learning_rate': 0.0001, 'epoch': 2.84}
{'loss': 1.4541, 'learning_rate': 0.0001, 'epoch': 2.85}
{'loss': 1.421, 'learning_rate': 0.0001, 'epoch': 2.86}
{'loss': 1.3833, 'learning_rate': 0.0001, 'epoch': 2.87}
{'loss': 1.403, 'learning_rate': 0.0001, 'epoch': 2.88}
{'loss': 1.371, 'learning_rate': 0.0001, 'epoch': 2.89}
{'loss': 1.3969, 'learning_rate': 0.0001, 'epoch': 2.9}
{'loss': 1.4411, 'learning_rate': 0.0001, 'epoch': 2.91}
{'loss': 1.3707, 'learning_rate': 0.0001, 'epoch': 2.92}
{'loss': 1.4288, 'learning_rate': 0.0001, 'epoch': 2.93}
{'loss': 1.2986, 'learning_rate': 0.0001, 'epoch': 2.94}
{'loss': 1.459, 'learning_rate': 0.0001, 'epoch': 2.95}
{'loss': 1.4634, 'learning_rate': 0.0001, 'epoch': 2.96}
{'loss': 1.3685, 'learning_rate': 0.0001, 'epoch': 2.97}
{'loss': 1.4374, 'learning_rate': 0.0001, 'epoch': 2.98}
{'loss': 1.4332, 'learning_rate': 0.0001, 'epoch': 2.99}
{'loss': 1.4546, 'learning_rate': 0.0001, 'epoch': 3.0}
{'loss': 1.4133, 'learning_rate': 0.0001, 'epoch': 3.01}
{'loss': 1.3614, 'learning_rate': 0.0001, 'epoch': 3.02}
{'loss': 1.3899, 'learning_rate': 0.0001, 'epoch': 3.03}
{'loss': 1.2714, 'learning_rate': 0.0001, 'epoch': 3.04}
{'loss': 1.325, 'learning_rate': 0.0001, 'epoch': 3.05}
{'loss': 1.2954, 'learning_rate': 0.0001, 'epoch': 3.06}
{'loss': 1.2778, 'learning_rate': 0.0001, 'epoch': 3.07}
{'loss': 1.4003, 'learning_rate': 0.0001, 'epoch': 3.08}
{'loss': 1.3313, 'learning_rate': 0.0001, 'epoch': 3.09}
{'loss': 1.3658, 'learning_rate': 0.0001, 'epoch': 3.1}
{'loss': 1.3915, 'learning_rate': 0.0001, 'epoch': 3.11}
{'loss': 1.4117, 'learning_rate': 0.0001, 'epoch': 3.12}
{'loss': 1.2969, 'learning_rate': 0.0001, 'epoch': 3.13}
{'loss': 1.3346, 'learning_rate': 0.0001, 'epoch': 3.14}
{'loss': 1.3767, 'learning_rate': 0.0001, 'epoch': 3.15}
{'loss': 1.2597, 'learning_rate': 0.0001, 'epoch': 3.16}
{'loss': 1.3817, 'learning_rate': 0.0001, 'epoch': 3.17}
{'loss': 1.293, 'learning_rate': 0.0001, 'epoch': 3.18}
{'loss': 1.4387, 'learning_rate': 0.0001, 'epoch': 3.19}
{'loss': 1.4612, 'learning_rate': 0.0001, 'epoch': 3.2}
{'loss': 1.348, 'learning_rate': 0.0001, 'epoch': 3.21}
{'loss': 1.3867, 'learning_rate': 0.0001, 'epoch': 3.22}
{'loss': 1.2808, 'learning_rate': 0.0001, 'epoch': 3.23}
{'loss': 1.327, 'learning_rate': 0.0001, 'epoch': 3.24}
{'loss': 1.4117, 'learning_rate': 0.0001, 'epoch': 3.25}
{'loss': 1.2954, 'learning_rate': 0.0001, 'epoch': 3.26}
{'loss': 1.3934, 'learning_rate': 0.0001, 'epoch': 3.27}
{'loss': 1.4007, 'learning_rate': 0.0001, 'epoch': 3.28}
{'loss': 1.3319, 'learning_rate': 0.0001, 'epoch': 3.29}
{'loss': 1.3108, 'learning_rate': 0.0001, 'epoch': 3.3}
{'loss': 1.4484, 'learning_rate': 0.0001, 'epoch': 3.31}
{'loss': 1.3578, 'learning_rate': 0.0001, 'epoch': 3.32}
{'loss': 1.3647, 'learning_rate': 0.0001, 'epoch': 3.33}
{'loss': 1.429, 'learning_rate': 0.0001, 'epoch': 3.34}
{'loss': 1.3393, 'learning_rate': 0.0001, 'epoch': 3.35}
{'loss': 1.4023, 'learning_rate': 0.0001, 'epoch': 3.36}
{'loss': 1.2985, 'learning_rate': 0.0001, 'epoch': 3.37}
{'loss': 1.3061, 'learning_rate': 0.0001, 'epoch': 3.38}
{'loss': 1.3197, 'learning_rate': 0.0001, 'epoch': 3.39}
{'loss': 1.3555, 'learning_rate': 0.0001, 'epoch': 3.4}
{'loss': 1.39, 'learning_rate': 0.0001, 'epoch': 3.41}
{'loss': 1.3767, 'learning_rate': 0.0001, 'epoch': 3.42}
{'loss': 1.3313, 'learning_rate': 0.0001, 'epoch': 3.43}
{'loss': 1.4322, 'learning_rate': 0.0001, 'epoch': 3.44}
{'loss': 1.3446, 'learning_rate': 0.0001, 'epoch': 3.45}
{'loss': 1.3804, 'learning_rate': 0.0001, 'epoch': 3.46}
{'loss': 1.3734, 'learning_rate': 0.0001, 'epoch': 3.47}
{'loss': 1.3467, 'learning_rate': 0.0001, 'epoch': 3.48}
{'loss': 1.369, 'learning_rate': 0.0001, 'epoch': 3.49}
{'loss': 1.3085, 'learning_rate': 0.0001, 'epoch': 3.5}
{'loss': 1.312, 'learning_rate': 0.0001, 'epoch': 3.51}
{'loss': 1.3159, 'learning_rate': 0.0001, 'epoch': 3.52}
{'loss': 1.3443, 'learning_rate': 0.0001, 'epoch': 3.53}
{'loss': 1.3331, 'learning_rate': 0.0001, 'epoch': 3.54}
{'loss': 1.247, 'learning_rate': 0.0001, 'epoch': 3.55}
{'loss': 1.3508, 'learning_rate': 0.0001, 'epoch': 3.56}
{'loss': 1.3589, 'learning_rate': 0.0001, 'epoch': 3.57}
{'loss': 1.3704, 'learning_rate': 0.0001, 'epoch': 3.58}
{'loss': 1.4124, 'learning_rate': 0.0001, 'epoch': 3.59}
{'loss': 1.317, 'learning_rate': 0.0001, 'epoch': 3.6}
{'loss': 1.323, 'learning_rate': 0.0001, 'epoch': 3.61}
{'loss': 1.3404, 'learning_rate': 0.0001, 'epoch': 3.62}
{'loss': 1.3046, 'learning_rate': 0.0001, 'epoch': 3.63}
{'loss': 1.3901, 'learning_rate': 0.0001, 'epoch': 3.64}
{'loss': 1.3921, 'learning_rate': 0.0001, 'epoch': 3.65}
{'loss': 1.3977, 'learning_rate': 0.0001, 'epoch': 3.66}
{'loss': 1.4262, 'learning_rate': 0.0001, 'epoch': 3.67}
{'loss': 1.2668, 'learning_rate': 0.0001, 'epoch': 3.68}
{'loss': 1.2582, 'learning_rate': 0.0001, 'epoch': 3.69}
{'loss': 1.4196, 'learning_rate': 0.0001, 'epoch': 3.7}
{'loss': 1.351, 'learning_rate': 0.0001, 'epoch': 3.71}
{'loss': 1.3897, 'learning_rate': 0.0001, 'epoch': 3.72}
{'loss': 1.3203, 'learning_rate': 0.0001, 'epoch': 3.73}
{'loss': 1.3715, 'learning_rate': 0.0001, 'epoch': 3.74}
{'loss': 1.3292, 'learning_rate': 0.0001, 'epoch': 3.75}
{'loss': 1.305, 'learning_rate': 0.0001, 'epoch': 3.76}
{'loss': 1.4159, 'learning_rate': 0.0001, 'epoch': 3.77}
{'loss': 1.4331, 'learning_rate': 0.0001, 'epoch': 3.78}
{'loss': 1.3744, 'learning_rate': 0.0001, 'epoch': 3.79}
{'loss': 1.3025, 'learning_rate': 0.0001, 'epoch': 3.8}
{'loss': 1.2847, 'learning_rate': 0.0001, 'epoch': 3.81}
{'loss': 1.3596, 'learning_rate': 0.0001, 'epoch': 3.82}
{'loss': 1.35, 'learning_rate': 0.0001, 'epoch': 3.83}
{'loss': 1.3155, 'learning_rate': 0.0001, 'epoch': 3.84}
{'loss': 1.4088, 'learning_rate': 0.0001, 'epoch': 3.85}
{'loss': 1.3802, 'learning_rate': 0.0001, 'epoch': 3.86}
{'loss': 1.3895, 'learning_rate': 0.0001, 'epoch': 3.87}
{'loss': 1.3955, 'learning_rate': 0.0001, 'epoch': 3.88}
{'loss': 1.2978, 'learning_rate': 0.0001, 'epoch': 3.89}
{'loss': 1.4296, 'learning_rate': 0.0001, 'epoch': 3.9}
{'loss': 1.3984, 'learning_rate': 0.0001, 'epoch': 3.91}
{'loss': 1.3571, 'learning_rate': 0.0001, 'epoch': 3.92}
{'loss': 1.4016, 'learning_rate': 0.0001, 'epoch': 3.93}
{'loss': 1.408, 'learning_rate': 0.0001, 'epoch': 3.94}
{'loss': 1.4203, 'learning_rate': 0.0001, 'epoch': 3.95}
{'loss': 1.299, 'learning_rate': 0.0001, 'epoch': 3.96}
{'loss': 1.3458, 'learning_rate': 0.0001, 'epoch': 3.97}
{'loss': 1.3653, 'learning_rate': 0.0001, 'epoch': 3.98}
{'loss': 1.3255, 'learning_rate': 0.0001, 'epoch': 3.99}
{'loss': 1.3357, 'learning_rate': 0.0001, 'epoch': 4.0}
{'eval_loss': 1.1378650665283203, 'eval_runtime': 83.5335, 'eval_samples_per_second': 59.856, 'eval_steps_per_second': 11.971, 'epoch': 4.0}
{'loss': 1.2905, 'learning_rate': 0.0001, 'epoch': 4.01}
{'loss': 1.2396, 'learning_rate': 0.0001, 'epoch': 4.02}
{'loss': 1.3317, 'learning_rate': 0.0001, 'epoch': 4.03}
{'loss': 1.3178, 'learning_rate': 0.0001, 'epoch': 4.04}
{'loss': 1.2677, 'learning_rate': 0.0001, 'epoch': 4.05}
{'loss': 1.2866, 'learning_rate': 0.0001, 'epoch': 4.06}
{'loss': 1.2792, 'learning_rate': 0.0001, 'epoch': 4.07}
{'loss': 1.3031, 'learning_rate': 0.0001, 'epoch': 4.08}
{'loss': 1.3052, 'learning_rate': 0.0001, 'epoch': 4.09}
{'loss': 1.321, 'learning_rate': 0.0001, 'epoch': 4.1}
{'loss': 1.2976, 'learning_rate': 0.0001, 'epoch': 4.11}
{'loss': 1.3761, 'learning_rate': 0.0001, 'epoch': 4.12}
{'loss': 1.3507, 'learning_rate': 0.0001, 'epoch': 4.13}
{'loss': 1.3285, 'learning_rate': 0.0001, 'epoch': 4.14}
{'loss': 1.303, 'learning_rate': 0.0001, 'epoch': 4.15}
{'loss': 1.2933, 'learning_rate': 0.0001, 'epoch': 4.16}
{'loss': 1.3139, 'learning_rate': 0.0001, 'epoch': 4.17}
{'loss': 1.2726, 'learning_rate': 0.0001, 'epoch': 4.18}
{'loss': 1.2197, 'learning_rate': 0.0001, 'epoch': 4.19}
{'loss': 1.2834, 'learning_rate': 0.0001, 'epoch': 4.2}
{'loss': 1.3045, 'learning_rate': 0.0001, 'epoch': 4.21}
{'loss': 1.278, 'learning_rate': 0.0001, 'epoch': 4.22}
{'loss': 1.2562, 'learning_rate': 0.0001, 'epoch': 4.23}
{'loss': 1.2132, 'learning_rate': 0.0001, 'epoch': 4.24}
{'loss': 1.4227, 'learning_rate': 0.0001, 'epoch': 4.25}
{'loss': 1.3139, 'learning_rate': 0.0001, 'epoch': 4.26}
{'loss': 1.221, 'learning_rate': 0.0001, 'epoch': 4.27}
{'loss': 1.2506, 'learning_rate': 0.0001, 'epoch': 4.28}
{'loss': 1.3198, 'learning_rate': 0.0001, 'epoch': 4.29}
{'loss': 1.2935, 'learning_rate': 0.0001, 'epoch': 4.3}
{'loss': 1.3767, 'learning_rate': 0.0001, 'epoch': 4.31}
{'loss': 1.3195, 'learning_rate': 0.0001, 'epoch': 4.32}
{'loss': 1.2532, 'learning_rate': 0.0001, 'epoch': 4.33}
{'loss': 1.3016, 'learning_rate': 0.0001, 'epoch': 4.34}
{'loss': 1.351, 'learning_rate': 0.0001, 'epoch': 4.35}
{'loss': 1.2868, 'learning_rate': 0.0001, 'epoch': 4.36}
{'loss': 1.3041, 'learning_rate': 0.0001, 'epoch': 4.37}
{'loss': 1.2593, 'learning_rate': 0.0001, 'epoch': 4.38}
{'loss': 1.2911, 'learning_rate': 0.0001, 'epoch': 4.39}
{'loss': 1.376, 'learning_rate': 0.0001, 'epoch': 4.4}
{'loss': 1.2171, 'learning_rate': 0.0001, 'epoch': 4.41}
{'loss': 1.2704, 'learning_rate': 0.0001, 'epoch': 4.42}
{'loss': 1.2978, 'learning_rate': 0.0001, 'epoch': 4.43}
{'loss': 1.3112, 'learning_rate': 0.0001, 'epoch': 4.44}
{'loss': 1.2706, 'learning_rate': 0.0001, 'epoch': 4.45}
{'loss': 1.2705, 'learning_rate': 0.0001, 'epoch': 4.46}
{'loss': 1.2612, 'learning_rate': 0.0001, 'epoch': 4.47}
{'loss': 1.3035, 'learning_rate': 0.0001, 'epoch': 4.48}
{'loss': 1.2698, 'learning_rate': 0.0001, 'epoch': 4.49}
{'loss': 1.3399, 'learning_rate': 0.0001, 'epoch': 4.5}
{'loss': 1.2816, 'learning_rate': 0.0001, 'epoch': 4.51}
{'loss': 1.2836, 'learning_rate': 0.0001, 'epoch': 4.52}
{'loss': 1.3683, 'learning_rate': 0.0001, 'epoch': 4.53}
{'loss': 1.3307, 'learning_rate': 0.0001, 'epoch': 4.54}
{'loss': 1.2342, 'learning_rate': 0.0001, 'epoch': 4.55}
{'loss': 1.3331, 'learning_rate': 0.0001, 'epoch': 4.56}
{'loss': 1.2989, 'learning_rate': 0.0001, 'epoch': 4.57}
{'loss': 1.2395, 'learning_rate': 0.0001, 'epoch': 4.58}
{'loss': 1.3671, 'learning_rate': 0.0001, 'epoch': 4.59}
{'loss': 1.3285, 'learning_rate': 0.0001, 'epoch': 4.6}
{'loss': 1.2914, 'learning_rate': 0.0001, 'epoch': 4.61}
{'loss': 1.3427, 'learning_rate': 0.0001, 'epoch': 4.62}
{'loss': 1.3839, 'learning_rate': 0.0001, 'epoch': 4.63}
{'loss': 1.359, 'learning_rate': 0.0001, 'epoch': 4.64}
{'loss': 1.3687, 'learning_rate': 0.0001, 'epoch': 4.65}
{'loss': 1.2674, 'learning_rate': 0.0001, 'epoch': 4.66}
{'loss': 1.2608, 'learning_rate': 0.0001, 'epoch': 4.67}
{'loss': 1.3181, 'learning_rate': 0.0001, 'epoch': 4.68}
{'loss': 1.2932, 'learning_rate': 0.0001, 'epoch': 4.69}
{'loss': 1.3133, 'learning_rate': 0.0001, 'epoch': 4.7}
{'loss': 1.2721, 'learning_rate': 0.0001, 'epoch': 4.71}
{'loss': 1.3719, 'learning_rate': 0.0001, 'epoch': 4.72}
{'loss': 1.3415, 'learning_rate': 0.0001, 'epoch': 4.73}
{'loss': 1.3131, 'learning_rate': 0.0001, 'epoch': 4.74}
{'loss': 1.2579, 'learning_rate': 0.0001, 'epoch': 4.75}
{'loss': 1.3194, 'learning_rate': 0.0001, 'epoch': 4.76}
{'loss': 1.2627, 'learning_rate': 0.0001, 'epoch': 4.77}
{'loss': 1.2864, 'learning_rate': 0.0001, 'epoch': 4.78}
{'loss': 1.3724, 'learning_rate': 0.0001, 'epoch': 4.79}
{'loss': 1.3033, 'learning_rate': 0.0001, 'epoch': 4.8}
{'loss': 1.3226, 'learning_rate': 0.0001, 'epoch': 4.81}
{'loss': 1.2759, 'learning_rate': 0.0001, 'epoch': 4.82}
{'loss': 1.3426, 'learning_rate': 0.0001, 'epoch': 4.83}
{'loss': 1.3092, 'learning_rate': 0.0001, 'epoch': 4.84}
{'loss': 1.2918, 'learning_rate': 0.0001, 'epoch': 4.85}
{'loss': 1.2531, 'learning_rate': 0.0001, 'epoch': 4.86}
{'loss': 1.335, 'learning_rate': 0.0001, 'epoch': 4.87}
{'loss': 1.3053, 'learning_rate': 0.0001, 'epoch': 4.88}
{'loss': 1.3601, 'learning_rate': 0.0001, 'epoch': 4.89}
{'loss': 1.2379, 'learning_rate': 0.0001, 'epoch': 4.9}
{'loss': 1.3523, 'learning_rate': 0.0001, 'epoch': 4.91}
{'loss': 1.2804, 'learning_rate': 0.0001, 'epoch': 4.92}
{'loss': 1.3769, 'learning_rate': 0.0001, 'epoch': 4.93}
{'loss': 1.4164, 'learning_rate': 0.0001, 'epoch': 4.94}
{'loss': 1.314, 'learning_rate': 0.0001, 'epoch': 4.95}
{'loss': 1.3674, 'learning_rate': 0.0001, 'epoch': 4.96}
{'loss': 1.3362, 'learning_rate': 0.0001, 'epoch': 4.97}
{'loss': 1.2363, 'learning_rate': 0.0001, 'epoch': 4.98}
{'loss': 1.3806, 'learning_rate': 0.0001, 'epoch': 4.99}
{'loss': 1.284, 'learning_rate': 0.0001, 'epoch': 5.0}
{'loss': 1.278, 'learning_rate': 0.0001, 'epoch': 5.01}
{'loss': 1.2124, 'learning_rate': 0.0001, 'epoch': 5.02}
{'loss': 1.2636, 'learning_rate': 0.0001, 'epoch': 5.03}
{'loss': 1.2141, 'learning_rate': 0.0001, 'epoch': 5.04}
{'loss': 1.2184, 'learning_rate': 0.0001, 'epoch': 5.05}
{'loss': 1.2483, 'learning_rate': 0.0001, 'epoch': 5.06}
{'loss': 1.188, 'learning_rate': 0.0001, 'epoch': 5.07}
{'loss': 1.1555, 'learning_rate': 0.0001, 'epoch': 5.08}
{'loss': 1.2074, 'learning_rate': 0.0001, 'epoch': 5.09}
{'loss': 1.2481, 'learning_rate': 0.0001, 'epoch': 5.1}
{'loss': 1.2059, 'learning_rate': 0.0001, 'epoch': 5.11}
{'loss': 1.3085, 'learning_rate': 0.0001, 'epoch': 5.12}
{'loss': 1.2427, 'learning_rate': 0.0001, 'epoch': 5.13}
{'loss': 1.1089, 'learning_rate': 0.0001, 'epoch': 5.14}
{'loss': 1.2695, 'learning_rate': 0.0001, 'epoch': 5.15}
{'loss': 1.3128, 'learning_rate': 0.0001, 'epoch': 5.16}
{'loss': 1.3369, 'learning_rate': 0.0001, 'epoch': 5.17}
{'loss': 1.2904, 'learning_rate': 0.0001, 'epoch': 5.18}
{'loss': 1.243, 'learning_rate': 0.0001, 'epoch': 5.19}
{'loss': 1.2938, 'learning_rate': 0.0001, 'epoch': 5.2}
{'loss': 1.2293, 'learning_rate': 0.0001, 'epoch': 5.21}
{'loss': 1.2367, 'learning_rate': 0.0001, 'epoch': 5.22}
{'loss': 1.216, 'learning_rate': 0.0001, 'epoch': 5.23}
{'loss': 1.2865, 'learning_rate': 0.0001, 'epoch': 5.24}
{'loss': 1.2538, 'learning_rate': 0.0001, 'epoch': 5.25}
{'loss': 1.2099, 'learning_rate': 0.0001, 'epoch': 5.26}
{'loss': 1.3478, 'learning_rate': 0.0001, 'epoch': 5.27}
{'loss': 1.1561, 'learning_rate': 0.0001, 'epoch': 5.28}
{'loss': 1.222, 'learning_rate': 0.0001, 'epoch': 5.29}
{'loss': 1.213, 'learning_rate': 0.0001, 'epoch': 5.3}
{'loss': 1.2222, 'learning_rate': 0.0001, 'epoch': 5.31}
{'loss': 1.2164, 'learning_rate': 0.0001, 'epoch': 5.32}
{'loss': 1.2593, 'learning_rate': 0.0001, 'epoch': 5.33}
{'loss': 1.2717, 'learning_rate': 0.0001, 'epoch': 5.34}
{'loss': 1.2946, 'learning_rate': 0.0001, 'epoch': 5.35}
{'loss': 1.3069, 'learning_rate': 0.0001, 'epoch': 5.36}
{'loss': 1.1732, 'learning_rate': 0.0001, 'epoch': 5.37}
{'loss': 1.2054, 'learning_rate': 0.0001, 'epoch': 5.38}
{'loss': 1.2136, 'learning_rate': 0.0001, 'epoch': 5.39}
{'loss': 1.2502, 'learning_rate': 0.0001, 'epoch': 5.4}
{'loss': 1.3001, 'learning_rate': 0.0001, 'epoch': 5.41}
{'loss': 1.2924, 'learning_rate': 0.0001, 'epoch': 5.42}
{'loss': 1.1954, 'learning_rate': 0.0001, 'epoch': 5.43}
{'loss': 1.2387, 'learning_rate': 0.0001, 'epoch': 5.44}
{'loss': 1.1804, 'learning_rate': 0.0001, 'epoch': 5.45}
{'loss': 1.3197, 'learning_rate': 0.0001, 'epoch': 5.46}
{'loss': 1.2369, 'learning_rate': 0.0001, 'epoch': 5.47}
{'loss': 1.2976, 'learning_rate': 0.0001, 'epoch': 5.48}
{'loss': 1.2008, 'learning_rate': 0.0001, 'epoch': 5.49}
{'loss': 1.2854, 'learning_rate': 0.0001, 'epoch': 5.5}
{'loss': 1.2597, 'learning_rate': 0.0001, 'epoch': 5.51}
{'loss': 1.3283, 'learning_rate': 0.0001, 'epoch': 5.52}
{'loss': 1.2162, 'learning_rate': 0.0001, 'epoch': 5.53}
{'loss': 1.2673, 'learning_rate': 0.0001, 'epoch': 5.54}
{'loss': 1.2827, 'learning_rate': 0.0001, 'epoch': 5.55}
{'loss': 1.2811, 'learning_rate': 0.0001, 'epoch': 5.56}
{'loss': 1.2363, 'learning_rate': 0.0001, 'epoch': 5.57}
{'loss': 1.3391, 'learning_rate': 0.0001, 'epoch': 5.58}
{'loss': 1.2754, 'learning_rate': 0.0001, 'epoch': 5.59}
{'loss': 1.1965, 'learning_rate': 0.0001, 'epoch': 5.6}
{'loss': 1.2259, 'learning_rate': 0.0001, 'epoch': 5.61}
{'loss': 1.2953, 'learning_rate': 0.0001, 'epoch': 5.62}
{'loss': 1.2656, 'learning_rate': 0.0001, 'epoch': 5.63}
{'loss': 1.2533, 'learning_rate': 0.0001, 'epoch': 5.64}
{'loss': 1.2879, 'learning_rate': 0.0001, 'epoch': 5.65}
{'loss': 1.3004, 'learning_rate': 0.0001, 'epoch': 5.66}
{'loss': 1.2669, 'learning_rate': 0.0001, 'epoch': 5.67}
{'loss': 1.2701, 'learning_rate': 0.0001, 'epoch': 5.68}
{'loss': 1.2919, 'learning_rate': 0.0001, 'epoch': 5.69}
{'loss': 1.1779, 'learning_rate': 0.0001, 'epoch': 5.7}
{'loss': 1.2806, 'learning_rate': 0.0001, 'epoch': 5.71}
{'loss': 1.2342, 'learning_rate': 0.0001, 'epoch': 5.72}
{'loss': 1.2477, 'learning_rate': 0.0001, 'epoch': 5.73}
{'loss': 1.2797, 'learning_rate': 0.0001, 'epoch': 5.74}
{'loss': 1.2936, 'learning_rate': 0.0001, 'epoch': 5.75}
{'loss': 1.2321, 'learning_rate': 0.0001, 'epoch': 5.76}
{'loss': 1.3269, 'learning_rate': 0.0001, 'epoch': 5.77}
{'loss': 1.2624, 'learning_rate': 0.0001, 'epoch': 5.78}
{'loss': 1.195, 'learning_rate': 0.0001, 'epoch': 5.79}
{'loss': 1.1845, 'learning_rate': 0.0001, 'epoch': 5.8}
{'loss': 1.2283, 'learning_rate': 0.0001, 'epoch': 5.81}
{'loss': 1.3273, 'learning_rate': 0.0001, 'epoch': 5.82}
{'loss': 1.2296, 'learning_rate': 0.0001, 'epoch': 5.83}
{'loss': 1.3051, 'learning_rate': 0.0001, 'epoch': 5.84}
{'loss': 1.2614, 'learning_rate': 0.0001, 'epoch': 5.85}
{'loss': 1.2777, 'learning_rate': 0.0001, 'epoch': 5.86}
{'loss': 1.2615, 'learning_rate': 0.0001, 'epoch': 5.87}
{'loss': 1.3831, 'learning_rate': 0.0001, 'epoch': 5.88}
{'loss': 1.2357, 'learning_rate': 0.0001, 'epoch': 5.89}
{'loss': 1.1927, 'learning_rate': 0.0001, 'epoch': 5.9}
{'loss': 1.2215, 'learning_rate': 0.0001, 'epoch': 5.91}
{'loss': 1.194, 'learning_rate': 0.0001, 'epoch': 5.92}
{'loss': 1.1978, 'learning_rate': 0.0001, 'epoch': 5.93}
{'loss': 1.3186, 'learning_rate': 0.0001, 'epoch': 5.94}
{'loss': 1.2447, 'learning_rate': 0.0001, 'epoch': 5.95}
{'loss': 1.261, 'learning_rate': 0.0001, 'epoch': 5.96}
{'loss': 1.2513, 'learning_rate': 0.0001, 'epoch': 5.97}
{'loss': 1.2819, 'learning_rate': 0.0001, 'epoch': 5.98}
{'loss': 1.2861, 'learning_rate': 0.0001, 'epoch': 5.99}
{'loss': 1.2862, 'learning_rate': 0.0001, 'epoch': 6.0}
{'eval_loss': 1.1649658679962158, 'eval_runtime': 83.3151, 'eval_samples_per_second': 60.013, 'eval_steps_per_second': 12.003, 'epoch': 6.0}
{'loss': 1.139, 'learning_rate': 0.0001, 'epoch': 6.01}
{'loss': 1.2101, 'learning_rate': 0.0001, 'epoch': 6.02}
{'loss': 1.0954, 'learning_rate': 0.0001, 'epoch': 6.03}
{'loss': 1.0585, 'learning_rate': 0.0001, 'epoch': 6.04}
{'loss': 1.1384, 'learning_rate': 0.0001, 'epoch': 6.05}
{'loss': 1.1456, 'learning_rate': 0.0001, 'epoch': 6.06}
{'loss': 1.0641, 'learning_rate': 0.0001, 'epoch': 6.07}
{'loss': 1.2345, 'learning_rate': 0.0001, 'epoch': 6.08}
{'loss': 1.2057, 'learning_rate': 0.0001, 'epoch': 6.09}
{'loss': 1.1247, 'learning_rate': 0.0001, 'epoch': 6.1}
{'loss': 1.2306, 'learning_rate': 0.0001, 'epoch': 6.11}
{'loss': 1.1875, 'learning_rate': 0.0001, 'epoch': 6.12}
{'loss': 1.2336, 'learning_rate': 0.0001, 'epoch': 6.13}
{'loss': 1.2353, 'learning_rate': 0.0001, 'epoch': 6.14}
{'loss': 1.1772, 'learning_rate': 0.0001, 'epoch': 6.15}
{'loss': 1.2222, 'learning_rate': 0.0001, 'epoch': 6.16}
{'loss': 1.196, 'learning_rate': 0.0001, 'epoch': 6.17}
{'loss': 1.2068, 'learning_rate': 0.0001, 'epoch': 6.18}
{'loss': 1.164, 'learning_rate': 0.0001, 'epoch': 6.19}
{'loss': 1.2364, 'learning_rate': 0.0001, 'epoch': 6.2}
{'loss': 1.1685, 'learning_rate': 0.0001, 'epoch': 6.21}
{'loss': 1.2183, 'learning_rate': 0.0001, 'epoch': 6.22}
{'loss': 1.1148, 'learning_rate': 0.0001, 'epoch': 6.23}
{'loss': 1.1418, 'learning_rate': 0.0001, 'epoch': 6.24}
{'loss': 1.2437, 'learning_rate': 0.0001, 'epoch': 6.25}
{'loss': 1.189, 'learning_rate': 0.0001, 'epoch': 6.26}
{'loss': 1.195, 'learning_rate': 0.0001, 'epoch': 6.27}
{'loss': 1.2057, 'learning_rate': 0.0001, 'epoch': 6.28}
{'loss': 1.1925, 'learning_rate': 0.0001, 'epoch': 6.29}
{'loss': 1.1518, 'learning_rate': 0.0001, 'epoch': 6.3}
{'loss': 1.1478, 'learning_rate': 0.0001, 'epoch': 6.31}
{'loss': 1.1046, 'learning_rate': 0.0001, 'epoch': 6.32}
{'loss': 1.159, 'learning_rate': 0.0001, 'epoch': 6.33}
{'loss': 1.2045, 'learning_rate': 0.0001, 'epoch': 6.34}
{'loss': 1.2025, 'learning_rate': 0.0001, 'epoch': 6.35}
{'loss': 1.2207, 'learning_rate': 0.0001, 'epoch': 6.36}
{'loss': 1.2276, 'learning_rate': 0.0001, 'epoch': 6.37}
{'loss': 1.1115, 'learning_rate': 0.0001, 'epoch': 6.38}
{'loss': 1.1916, 'learning_rate': 0.0001, 'epoch': 6.39}
{'loss': 1.2188, 'learning_rate': 0.0001, 'epoch': 6.4}
{'loss': 1.2067, 'learning_rate': 0.0001, 'epoch': 6.41}
{'loss': 1.2434, 'learning_rate': 0.0001, 'epoch': 6.42}
{'loss': 1.166, 'learning_rate': 0.0001, 'epoch': 6.43}
{'loss': 1.2947, 'learning_rate': 0.0001, 'epoch': 6.44}
{'loss': 1.2002, 'learning_rate': 0.0001, 'epoch': 6.45}
{'loss': 1.2685, 'learning_rate': 0.0001, 'epoch': 6.46}
{'loss': 1.1386, 'learning_rate': 0.0001, 'epoch': 6.47}
{'loss': 1.189, 'learning_rate': 0.0001, 'epoch': 6.48}
{'loss': 1.1291, 'learning_rate': 0.0001, 'epoch': 6.49}
{'loss': 1.1847, 'learning_rate': 0.0001, 'epoch': 6.5}
{'loss': 1.1514, 'learning_rate': 0.0001, 'epoch': 6.51}
{'loss': 1.1998, 'learning_rate': 0.0001, 'epoch': 6.52}
{'loss': 1.1843, 'learning_rate': 0.0001, 'epoch': 6.53}
{'loss': 1.2357, 'learning_rate': 0.0001, 'epoch': 6.54}
{'loss': 1.2631, 'learning_rate': 0.0001, 'epoch': 6.55}
{'loss': 1.1961, 'learning_rate': 0.0001, 'epoch': 6.56}
{'loss': 1.2997, 'learning_rate': 0.0001, 'epoch': 6.57}
{'loss': 1.1874, 'learning_rate': 0.0001, 'epoch': 6.58}
{'loss': 1.2259, 'learning_rate': 0.0001, 'epoch': 6.59}
{'loss': 1.2344, 'learning_rate': 0.0001, 'epoch': 6.6}
{'loss': 1.1742, 'learning_rate': 0.0001, 'epoch': 6.61}
{'loss': 1.1999, 'learning_rate': 0.0001, 'epoch': 6.62}
{'loss': 1.2675, 'learning_rate': 0.0001, 'epoch': 6.63}
{'loss': 1.2596, 'learning_rate': 0.0001, 'epoch': 6.64}
{'loss': 1.1708, 'learning_rate': 0.0001, 'epoch': 6.65}
{'loss': 1.154, 'learning_rate': 0.0001, 'epoch': 6.66}
{'loss': 1.2591, 'learning_rate': 0.0001, 'epoch': 6.67}
{'loss': 1.1748, 'learning_rate': 0.0001, 'epoch': 6.68}
{'loss': 1.2318, 'learning_rate': 0.0001, 'epoch': 6.69}
{'loss': 1.1755, 'learning_rate': 0.0001, 'epoch': 6.7}
{'loss': 1.297, 'learning_rate': 0.0001, 'epoch': 6.71}
{'loss': 1.1012, 'learning_rate': 0.0001, 'epoch': 6.72}
{'loss': 1.258, 'learning_rate': 0.0001, 'epoch': 6.73}
{'loss': 1.1898, 'learning_rate': 0.0001, 'epoch': 6.74}
{'loss': 1.2388, 'learning_rate': 0.0001, 'epoch': 6.75}
{'loss': 1.1889, 'learning_rate': 0.0001, 'epoch': 6.76}
{'loss': 1.3303, 'learning_rate': 0.0001, 'epoch': 6.77}
{'loss': 1.1086, 'learning_rate': 0.0001, 'epoch': 6.78}
{'loss': 1.1726, 'learning_rate': 0.0001, 'epoch': 6.79}
{'loss': 1.2166, 'learning_rate': 0.0001, 'epoch': 6.8}
{'loss': 1.2035, 'learning_rate': 0.0001, 'epoch': 6.81}
{'loss': 1.2455, 'learning_rate': 0.0001, 'epoch': 6.82}
{'loss': 1.2682, 'learning_rate': 0.0001, 'epoch': 6.83}
{'loss': 1.1102, 'learning_rate': 0.0001, 'epoch': 6.84}
{'loss': 1.1854, 'learning_rate': 0.0001, 'epoch': 6.85}
{'loss': 1.2153, 'learning_rate': 0.0001, 'epoch': 6.86}
{'loss': 1.166, 'learning_rate': 0.0001, 'epoch': 6.87}
{'loss': 1.1822, 'learning_rate': 0.0001, 'epoch': 6.88}
{'loss': 1.2645, 'learning_rate': 0.0001, 'epoch': 6.89}
{'loss': 1.2124, 'learning_rate': 0.0001, 'epoch': 6.9}
{'loss': 1.1902, 'learning_rate': 0.0001, 'epoch': 6.91}
{'loss': 1.2221, 'learning_rate': 0.0001, 'epoch': 6.92}
{'loss': 1.1182, 'learning_rate': 0.0001, 'epoch': 6.93}
{'loss': 1.2433, 'learning_rate': 0.0001, 'epoch': 6.94}
{'loss': 1.2567, 'learning_rate': 0.0001, 'epoch': 6.95}
{'loss': 1.2911, 'learning_rate': 0.0001, 'epoch': 6.96}
{'loss': 1.2717, 'learning_rate': 0.0001, 'epoch': 6.97}
{'loss': 1.1909, 'learning_rate': 0.0001, 'epoch': 6.98}
{'loss': 1.1932, 'learning_rate': 0.0001, 'epoch': 6.99}
{'loss': 1.1413, 'learning_rate': 0.0001, 'epoch': 7.0}
{'loss': 1.0844, 'learning_rate': 0.0001, 'epoch': 7.01}
{'loss': 1.1083, 'learning_rate': 0.0001, 'epoch': 7.02}
{'loss': 1.0823, 'learning_rate': 0.0001, 'epoch': 7.03}
{'loss': 1.0625, 'learning_rate': 0.0001, 'epoch': 7.04}
{'loss': 1.0628, 'learning_rate': 0.0001, 'epoch': 7.05}
{'loss': 1.025, 'learning_rate': 0.0001, 'epoch': 7.06}
{'loss': 1.1753, 'learning_rate': 0.0001, 'epoch': 7.07}
{'loss': 1.1584, 'learning_rate': 0.0001, 'epoch': 7.08}
{'loss': 1.0673, 'learning_rate': 0.0001, 'epoch': 7.09}
{'loss': 1.2452, 'learning_rate': 0.0001, 'epoch': 7.1}
{'loss': 1.1814, 'learning_rate': 0.0001, 'epoch': 7.11}
{'loss': 1.0928, 'learning_rate': 0.0001, 'epoch': 7.12}
{'loss': 1.1323, 'learning_rate': 0.0001, 'epoch': 7.13}
{'loss': 1.0616, 'learning_rate': 0.0001, 'epoch': 7.14}
{'loss': 1.1504, 'learning_rate': 0.0001, 'epoch': 7.15}
{'loss': 1.0798, 'learning_rate': 0.0001, 'epoch': 7.16}
{'loss': 0.9441, 'learning_rate': 0.0001, 'epoch': 7.17}
{'loss': 1.0748, 'learning_rate': 0.0001, 'epoch': 7.18}
{'loss': 1.0949, 'learning_rate': 0.0001, 'epoch': 7.19}
{'loss': 1.1844, 'learning_rate': 0.0001, 'epoch': 7.2}
{'loss': 1.1575, 'learning_rate': 0.0001, 'epoch': 7.21}
{'loss': 1.0404, 'learning_rate': 0.0001, 'epoch': 7.22}
{'loss': 1.211, 'learning_rate': 0.0001, 'epoch': 7.23}
{'loss': 1.1391, 'learning_rate': 0.0001, 'epoch': 7.24}
{'loss': 1.1205, 'learning_rate': 0.0001, 'epoch': 7.25}
{'loss': 1.099, 'learning_rate': 0.0001, 'epoch': 7.26}
{'loss': 1.1171, 'learning_rate': 0.0001, 'epoch': 7.27}
{'loss': 1.1314, 'learning_rate': 0.0001, 'epoch': 7.28}
{'loss': 1.2034, 'learning_rate': 0.0001, 'epoch': 7.29}
{'loss': 1.1132, 'learning_rate': 0.0001, 'epoch': 7.3}
{'loss': 1.2087, 'learning_rate': 0.0001, 'epoch': 7.31}
{'loss': 1.0061, 'learning_rate': 0.0001, 'epoch': 7.32}
{'loss': 1.0628, 'learning_rate': 0.0001, 'epoch': 7.33}
{'loss': 1.1917, 'learning_rate': 0.0001, 'epoch': 7.34}
{'loss': 1.0598, 'learning_rate': 0.0001, 'epoch': 7.35}
{'loss': 1.1082, 'learning_rate': 0.0001, 'epoch': 7.36}
{'loss': 1.204, 'learning_rate': 0.0001, 'epoch': 7.37}
{'loss': 1.1184, 'learning_rate': 0.0001, 'epoch': 7.38}
{'loss': 1.1856, 'learning_rate': 0.0001, 'epoch': 7.39}
{'loss': 1.0605, 'learning_rate': 0.0001, 'epoch': 7.4}
{'loss': 1.1294, 'learning_rate': 0.0001, 'epoch': 7.41}
{'loss': 1.1365, 'learning_rate': 0.0001, 'epoch': 7.42}
{'loss': 1.1165, 'learning_rate': 0.0001, 'epoch': 7.43}
{'loss': 1.1594, 'learning_rate': 0.0001, 'epoch': 7.44}
{'loss': 1.1652, 'learning_rate': 0.0001, 'epoch': 7.45}
{'loss': 1.1536, 'learning_rate': 0.0001, 'epoch': 7.46}
{'loss': 1.1829, 'learning_rate': 0.0001, 'epoch': 7.47}
{'loss': 1.1487, 'learning_rate': 0.0001, 'epoch': 7.48}
{'loss': 1.156, 'learning_rate': 0.0001, 'epoch': 7.49}
{'loss': 1.1297, 'learning_rate': 0.0001, 'epoch': 7.5}
{'loss': 1.1638, 'learning_rate': 0.0001, 'epoch': 7.51}
{'loss': 1.0619, 'learning_rate': 0.0001, 'epoch': 7.52}
{'loss': 1.143, 'learning_rate': 0.0001, 'epoch': 7.53}
{'loss': 1.2049, 'learning_rate': 0.0001, 'epoch': 7.54}
{'loss': 1.1596, 'learning_rate': 0.0001, 'epoch': 7.55}
{'loss': 1.1743, 'learning_rate': 0.0001, 'epoch': 7.56}
{'loss': 1.124, 'learning_rate': 0.0001, 'epoch': 7.57}
{'loss': 1.1741, 'learning_rate': 0.0001, 'epoch': 7.58}
{'loss': 1.0927, 'learning_rate': 0.0001, 'epoch': 7.59}
{'loss': 1.1858, 'learning_rate': 0.0001, 'epoch': 7.6}
{'loss': 1.122, 'learning_rate': 0.0001, 'epoch': 7.61}
{'loss': 1.1913, 'learning_rate': 0.0001, 'epoch': 7.62}
{'loss': 1.1848, 'learning_rate': 0.0001, 'epoch': 7.63}
{'loss': 1.2334, 'learning_rate': 0.0001, 'epoch': 7.64}
{'loss': 1.2505, 'learning_rate': 0.0001, 'epoch': 7.65}
{'loss': 1.1542, 'learning_rate': 0.0001, 'epoch': 7.66}
{'loss': 1.1183, 'learning_rate': 0.0001, 'epoch': 7.67}
{'loss': 1.0739, 'learning_rate': 0.0001, 'epoch': 7.68}
{'loss': 1.2119, 'learning_rate': 0.0001, 'epoch': 7.69}
{'loss': 1.2323, 'learning_rate': 0.0001, 'epoch': 7.7}
{'loss': 1.0274, 'learning_rate': 0.0001, 'epoch': 7.71}
{'loss': 1.1676, 'learning_rate': 0.0001, 'epoch': 7.72}
{'loss': 1.1468, 'learning_rate': 0.0001, 'epoch': 7.73}
{'loss': 1.1231, 'learning_rate': 0.0001, 'epoch': 7.74}
{'loss': 1.1961, 'learning_rate': 0.0001, 'epoch': 7.75}
{'loss': 1.2135, 'learning_rate': 0.0001, 'epoch': 7.76}
{'loss': 1.173, 'learning_rate': 0.0001, 'epoch': 7.77}
{'loss': 1.2595, 'learning_rate': 0.0001, 'epoch': 7.78}
{'loss': 1.1687, 'learning_rate': 0.0001, 'epoch': 7.79}
{'loss': 1.1104, 'learning_rate': 0.0001, 'epoch': 7.8}
{'loss': 1.13, 'learning_rate': 0.0001, 'epoch': 7.81}
{'loss': 1.1867, 'learning_rate': 0.0001, 'epoch': 7.82}
{'loss': 1.1473, 'learning_rate': 0.0001, 'epoch': 7.83}
{'loss': 1.1302, 'learning_rate': 0.0001, 'epoch': 7.84}
{'loss': 1.1464, 'learning_rate': 0.0001, 'epoch': 7.85}
{'loss': 1.1816, 'learning_rate': 0.0001, 'epoch': 7.86}
{'loss': 1.1076, 'learning_rate': 0.0001, 'epoch': 7.87}
{'loss': 1.1261, 'learning_rate': 0.0001, 'epoch': 7.88}
{'loss': 1.14, 'learning_rate': 0.0001, 'epoch': 7.89}
{'loss': 1.1231, 'learning_rate': 0.0001, 'epoch': 7.9}
{'loss': 1.1563, 'learning_rate': 0.0001, 'epoch': 7.91}
{'loss': 1.208, 'learning_rate': 0.0001, 'epoch': 7.92}
{'loss': 1.1268, 'learning_rate': 0.0001, 'epoch': 7.93}
{'loss': 1.209, 'learning_rate': 0.0001, 'epoch': 7.94}
{'loss': 1.1368, 'learning_rate': 0.0001, 'epoch': 7.95}
{'loss': 1.1564, 'learning_rate': 0.0001, 'epoch': 7.96}
{'loss': 1.2822, 'learning_rate': 0.0001, 'epoch': 7.97}
{'loss': 1.2363, 'learning_rate': 0.0001, 'epoch': 7.98}
{'loss': 1.2125, 'learning_rate': 0.0001, 'epoch': 7.99}
{'loss': 1.1878, 'learning_rate': 0.0001, 'epoch': 8.0}
{'eval_loss': 1.2245372533798218, 'eval_runtime': 85.9129, 'eval_samples_per_second': 58.198, 'eval_steps_per_second': 11.64, 'epoch': 8.0}
{'loss': 1.0895, 'learning_rate': 0.0001, 'epoch': 8.01}
{'loss': 1.1287, 'learning_rate': 0.0001, 'epoch': 8.02}
{'loss': 1.0548, 'learning_rate': 0.0001, 'epoch': 8.03}
{'loss': 1.1153, 'learning_rate': 0.0001, 'epoch': 8.04}
{'loss': 1.063, 'learning_rate': 0.0001, 'epoch': 8.05}
{'loss': 1.0257, 'learning_rate': 0.0001, 'epoch': 8.06}
{'loss': 1.0892, 'learning_rate': 0.0001, 'epoch': 8.07}
{'loss': 1.1105, 'learning_rate': 0.0001, 'epoch': 8.08}
{'loss': 1.0214, 'learning_rate': 0.0001, 'epoch': 8.09}
{'loss': 1.0937, 'learning_rate': 0.0001, 'epoch': 8.1}
{'loss': 1.0736, 'learning_rate': 0.0001, 'epoch': 8.11}
{'loss': 1.1133, 'learning_rate': 0.0001, 'epoch': 8.12}
{'loss': 1.0558, 'learning_rate': 0.0001, 'epoch': 8.13}
{'loss': 1.0787, 'learning_rate': 0.0001, 'epoch': 8.14}
{'loss': 1.0623, 'learning_rate': 0.0001, 'epoch': 8.15}
{'loss': 1.1463, 'learning_rate': 0.0001, 'epoch': 8.16}
{'loss': 1.09, 'learning_rate': 0.0001, 'epoch': 8.17}
{'loss': 1.1723, 'learning_rate': 0.0001, 'epoch': 8.18}
{'loss': 1.0022, 'learning_rate': 0.0001, 'epoch': 8.19}
{'loss': 1.1143, 'learning_rate': 0.0001, 'epoch': 8.2}
{'loss': 1.0848, 'learning_rate': 0.0001, 'epoch': 8.21}
{'loss': 1.0869, 'learning_rate': 0.0001, 'epoch': 8.22}
{'loss': 1.0547, 'learning_rate': 0.0001, 'epoch': 8.23}
{'loss': 1.0882, 'learning_rate': 0.0001, 'epoch': 8.24}
{'loss': 1.0743, 'learning_rate': 0.0001, 'epoch': 8.25}
{'loss': 1.0448, 'learning_rate': 0.0001, 'epoch': 8.26}
{'loss': 1.0633, 'learning_rate': 0.0001, 'epoch': 8.27}
{'loss': 1.0698, 'learning_rate': 0.0001, 'epoch': 8.28}
{'loss': 1.0503, 'learning_rate': 0.0001, 'epoch': 8.29}
{'loss': 1.0063, 'learning_rate': 0.0001, 'epoch': 8.3}
{'loss': 1.089, 'learning_rate': 0.0001, 'epoch': 8.31}
{'loss': 1.1149, 'learning_rate': 0.0001, 'epoch': 8.32}
{'loss': 1.1156, 'learning_rate': 0.0001, 'epoch': 8.33}
{'loss': 1.0663, 'learning_rate': 0.0001, 'epoch': 8.34}
{'loss': 1.0295, 'learning_rate': 0.0001, 'epoch': 8.35}
{'loss': 1.0782, 'learning_rate': 0.0001, 'epoch': 8.36}
{'loss': 0.9919, 'learning_rate': 0.0001, 'epoch': 8.37}
{'loss': 1.1123, 'learning_rate': 0.0001, 'epoch': 8.38}
{'loss': 1.0849, 'learning_rate': 0.0001, 'epoch': 8.39}
{'loss': 1.1482, 'learning_rate': 0.0001, 'epoch': 8.4}
{'loss': 1.1727, 'learning_rate': 0.0001, 'epoch': 8.41}
{'loss': 1.1497, 'learning_rate': 0.0001, 'epoch': 8.42}
{'loss': 1.1536, 'learning_rate': 0.0001, 'epoch': 8.43}
{'loss': 1.0912, 'learning_rate': 0.0001, 'epoch': 8.44}
{'loss': 1.0834, 'learning_rate': 0.0001, 'epoch': 8.45}
{'loss': 1.1052, 'learning_rate': 0.0001, 'epoch': 8.46}
{'loss': 1.1767, 'learning_rate': 0.0001, 'epoch': 8.47}
{'loss': 1.0125, 'learning_rate': 0.0001, 'epoch': 8.48}
{'loss': 1.0458, 'learning_rate': 0.0001, 'epoch': 8.49}
{'loss': 1.0953, 'learning_rate': 0.0001, 'epoch': 8.5}
{'loss': 1.1161, 'learning_rate': 0.0001, 'epoch': 8.51}
{'loss': 1.0576, 'learning_rate': 0.0001, 'epoch': 8.52}
{'loss': 1.102, 'learning_rate': 0.0001, 'epoch': 8.53}
{'loss': 1.1337, 'learning_rate': 0.0001, 'epoch': 8.54}
{'loss': 1.0702, 'learning_rate': 0.0001, 'epoch': 8.55}
{'loss': 1.0833, 'learning_rate': 0.0001, 'epoch': 8.56}
{'loss': 1.0526, 'learning_rate': 0.0001, 'epoch': 8.57}
{'loss': 1.0615, 'learning_rate': 0.0001, 'epoch': 8.58}
{'loss': 1.1244, 'learning_rate': 0.0001, 'epoch': 8.59}
{'loss': 1.0655, 'learning_rate': 0.0001, 'epoch': 8.6}
{'loss': 1.0778, 'learning_rate': 0.0001, 'epoch': 8.61}
{'loss': 1.0816, 'learning_rate': 0.0001, 'epoch': 8.62}
{'loss': 1.113, 'learning_rate': 0.0001, 'epoch': 8.63}
{'loss': 1.0522, 'learning_rate': 0.0001, 'epoch': 8.64}
{'loss': 1.0676, 'learning_rate': 0.0001, 'epoch': 8.65}
{'loss': 1.1688, 'learning_rate': 0.0001, 'epoch': 8.66}
{'loss': 1.0909, 'learning_rate': 0.0001, 'epoch': 8.67}
{'loss': 1.1662, 'learning_rate': 0.0001, 'epoch': 8.68}
{'loss': 1.0676, 'learning_rate': 0.0001, 'epoch': 8.69}
{'loss': 1.0791, 'learning_rate': 0.0001, 'epoch': 8.7}
{'loss': 0.9843, 'learning_rate': 0.0001, 'epoch': 8.71}
{'loss': 1.0468, 'learning_rate': 0.0001, 'epoch': 8.72}
{'loss': 1.1584, 'learning_rate': 0.0001, 'epoch': 8.73}
{'loss': 1.1384, 'learning_rate': 0.0001, 'epoch': 8.74}
{'loss': 1.1135, 'learning_rate': 0.0001, 'epoch': 8.75}
{'loss': 1.0163, 'learning_rate': 0.0001, 'epoch': 8.76}
{'loss': 1.0105, 'learning_rate': 0.0001, 'epoch': 8.77}
{'loss': 1.1216, 'learning_rate': 0.0001, 'epoch': 8.78}
{'loss': 1.1625, 'learning_rate': 0.0001, 'epoch': 8.79}
{'loss': 1.1362, 'learning_rate': 0.0001, 'epoch': 8.8}
{'loss': 1.1129, 'learning_rate': 0.0001, 'epoch': 8.81}
{'loss': 1.1664, 'learning_rate': 0.0001, 'epoch': 8.82}
{'loss': 1.1147, 'learning_rate': 0.0001, 'epoch': 8.83}
{'loss': 1.0948, 'learning_rate': 0.0001, 'epoch': 8.84}
{'loss': 1.0863, 'learning_rate': 0.0001, 'epoch': 8.85}
{'loss': 1.1042, 'learning_rate': 0.0001, 'epoch': 8.86}
{'loss': 1.0429, 'learning_rate': 0.0001, 'epoch': 8.87}
{'loss': 1.1352, 'learning_rate': 0.0001, 'epoch': 8.88}
{'loss': 1.086, 'learning_rate': 0.0001, 'epoch': 8.89}
{'loss': 1.0964, 'learning_rate': 0.0001, 'epoch': 8.9}
{'loss': 1.2181, 'learning_rate': 0.0001, 'epoch': 8.91}
{'loss': 1.1138, 'learning_rate': 0.0001, 'epoch': 8.92}
{'loss': 1.1105, 'learning_rate': 0.0001, 'epoch': 8.93}
{'loss': 1.0535, 'learning_rate': 0.0001, 'epoch': 8.94}
{'loss': 1.1823, 'learning_rate': 0.0001, 'epoch': 8.95}
{'loss': 1.153, 'learning_rate': 0.0001, 'epoch': 8.96}
{'loss': 1.0678, 'learning_rate': 0.0001, 'epoch': 8.97}
{'loss': 1.1193, 'learning_rate': 0.0001, 'epoch': 8.98}
{'loss': 1.0504, 'learning_rate': 0.0001, 'epoch': 8.99}
{'loss': 1.1864, 'learning_rate': 0.0001, 'epoch': 9.0}
{'loss': 1.0997, 'learning_rate': 0.0001, 'epoch': 9.01}
{'loss': 0.9287, 'learning_rate': 0.0001, 'epoch': 9.02}
{'loss': 1.1, 'learning_rate': 0.0001, 'epoch': 9.03}
{'loss': 1.0471, 'learning_rate': 0.0001, 'epoch': 9.04}
{'loss': 1.0414, 'learning_rate': 0.0001, 'epoch': 9.05}
{'loss': 0.9665, 'learning_rate': 0.0001, 'epoch': 9.06}
{'loss': 1.0376, 'learning_rate': 0.0001, 'epoch': 9.07}
{'loss': 1.0011, 'learning_rate': 0.0001, 'epoch': 9.08}
{'loss': 0.9745, 'learning_rate': 0.0001, 'epoch': 9.09}
{'loss': 1.0406, 'learning_rate': 0.0001, 'epoch': 9.1}
{'loss': 1.0893, 'learning_rate': 0.0001, 'epoch': 9.11}
{'loss': 0.9273, 'learning_rate': 0.0001, 'epoch': 9.12}
{'loss': 0.8962, 'learning_rate': 0.0001, 'epoch': 9.13}
{'loss': 1.0217, 'learning_rate': 0.0001, 'epoch': 9.14}
{'loss': 1.0543, 'learning_rate': 0.0001, 'epoch': 9.15}
{'loss': 1.0004, 'learning_rate': 0.0001, 'epoch': 9.16}
{'loss': 1.0423, 'learning_rate': 0.0001, 'epoch': 9.17}
{'loss': 1.0116, 'learning_rate': 0.0001, 'epoch': 9.18}
{'loss': 1.0801, 'learning_rate': 0.0001, 'epoch': 9.19}
{'loss': 1.0723, 'learning_rate': 0.0001, 'epoch': 9.2}
{'loss': 0.9928, 'learning_rate': 0.0001, 'epoch': 9.21}
{'loss': 0.9964, 'learning_rate': 0.0001, 'epoch': 9.22}
{'loss': 0.9947, 'learning_rate': 0.0001, 'epoch': 9.23}
{'loss': 1.1088, 'learning_rate': 0.0001, 'epoch': 9.24}
{'loss': 1.0045, 'learning_rate': 0.0001, 'epoch': 9.25}
{'loss': 1.0067, 'learning_rate': 0.0001, 'epoch': 9.26}
{'loss': 1.0058, 'learning_rate': 0.0001, 'epoch': 9.27}
{'loss': 1.0234, 'learning_rate': 0.0001, 'epoch': 9.28}
{'loss': 1.0396, 'learning_rate': 0.0001, 'epoch': 9.29}
{'loss': 0.9564, 'learning_rate': 0.0001, 'epoch': 9.3}
{'loss': 0.9773, 'learning_rate': 0.0001, 'epoch': 9.31}
{'loss': 1.0273, 'learning_rate': 0.0001, 'epoch': 9.32}
{'loss': 1.0536, 'learning_rate': 0.0001, 'epoch': 9.33}
{'loss': 1.1234, 'learning_rate': 0.0001, 'epoch': 9.34}
{'loss': 1.0711, 'learning_rate': 0.0001, 'epoch': 9.35}
{'loss': 1.0404, 'learning_rate': 0.0001, 'epoch': 9.36}
{'loss': 1.0225, 'learning_rate': 0.0001, 'epoch': 9.37}
{'loss': 0.9435, 'learning_rate': 0.0001, 'epoch': 9.38}
{'loss': 1.0242, 'learning_rate': 0.0001, 'epoch': 9.39}
{'loss': 1.0009, 'learning_rate': 0.0001, 'epoch': 9.4}
{'loss': 1.0445, 'learning_rate': 0.0001, 'epoch': 9.41}
{'loss': 1.0285, 'learning_rate': 0.0001, 'epoch': 9.42}
{'loss': 1.1004, 'learning_rate': 0.0001, 'epoch': 9.43}
{'loss': 1.039, 'learning_rate': 0.0001, 'epoch': 9.44}
{'loss': 0.9936, 'learning_rate': 0.0001, 'epoch': 9.45}
{'loss': 0.9905, 'learning_rate': 0.0001, 'epoch': 9.46}
{'loss': 1.0201, 'learning_rate': 0.0001, 'epoch': 9.47}
{'loss': 1.032, 'learning_rate': 0.0001, 'epoch': 9.48}
{'loss': 1.0187, 'learning_rate': 0.0001, 'epoch': 9.49}
{'loss': 1.0838, 'learning_rate': 0.0001, 'epoch': 9.5}
{'loss': 1.0153, 'learning_rate': 0.0001, 'epoch': 9.51}
{'loss': 1.0628, 'learning_rate': 0.0001, 'epoch': 9.52}
{'loss': 0.9638, 'learning_rate': 0.0001, 'epoch': 9.53}
{'loss': 1.0861, 'learning_rate': 0.0001, 'epoch': 9.54}
{'loss': 1.0696, 'learning_rate': 0.0001, 'epoch': 9.55}
{'loss': 1.0542, 'learning_rate': 0.0001, 'epoch': 9.56}
{'loss': 0.9675, 'learning_rate': 0.0001, 'epoch': 9.57}
{'loss': 0.9779, 'learning_rate': 0.0001, 'epoch': 9.58}
{'loss': 1.0802, 'learning_rate': 0.0001, 'epoch': 9.59}
{'loss': 1.1041, 'learning_rate': 0.0001, 'epoch': 9.6}
{'loss': 1.0706, 'learning_rate': 0.0001, 'epoch': 9.61}
{'loss': 0.9922, 'learning_rate': 0.0001, 'epoch': 9.62}
{'loss': 1.0308, 'learning_rate': 0.0001, 'epoch': 9.63}
{'loss': 0.9977, 'learning_rate': 0.0001, 'epoch': 9.64}
{'loss': 1.1134, 'learning_rate': 0.0001, 'epoch': 9.65}
{'loss': 1.099, 'learning_rate': 0.0001, 'epoch': 9.66}
{'loss': 1.087, 'learning_rate': 0.0001, 'epoch': 9.67}
{'loss': 1.0123, 'learning_rate': 0.0001, 'epoch': 9.68}
{'loss': 1.0688, 'learning_rate': 0.0001, 'epoch': 9.69}
{'loss': 1.1733, 'learning_rate': 0.0001, 'epoch': 9.7}
{'loss': 1.0118, 'learning_rate': 0.0001, 'epoch': 9.71}
{'loss': 1.0914, 'learning_rate': 0.0001, 'epoch': 9.72}
{'loss': 1.0677, 'learning_rate': 0.0001, 'epoch': 9.73}
{'loss': 1.1254, 'learning_rate': 0.0001, 'epoch': 9.74}
{'loss': 1.104, 'learning_rate': 0.0001, 'epoch': 9.75}
{'loss': 1.0472, 'learning_rate': 0.0001, 'epoch': 9.76}
{'loss': 0.9995, 'learning_rate': 0.0001, 'epoch': 9.77}
{'loss': 1.077, 'learning_rate': 0.0001, 'epoch': 9.78}
{'loss': 1.0361, 'learning_rate': 0.0001, 'epoch': 9.79}
{'loss': 1.0651, 'learning_rate': 0.0001, 'epoch': 9.8}
{'loss': 1.1095, 'learning_rate': 0.0001, 'epoch': 9.81}
{'loss': 1.0695, 'learning_rate': 0.0001, 'epoch': 9.82}
{'loss': 0.9849, 'learning_rate': 0.0001, 'epoch': 9.83}
{'loss': 1.1148, 'learning_rate': 0.0001, 'epoch': 9.84}
{'loss': 1.146, 'learning_rate': 0.0001, 'epoch': 9.85}
{'loss': 1.1237, 'learning_rate': 0.0001, 'epoch': 9.86}
{'loss': 1.0187, 'learning_rate': 0.0001, 'epoch': 9.87}
{'loss': 1.0682, 'learning_rate': 0.0001, 'epoch': 9.88}
{'loss': 1.0035, 'learning_rate': 0.0001, 'epoch': 9.89}
{'loss': 0.9844, 'learning_rate': 0.0001, 'epoch': 9.9}
{'loss': 1.0589, 'learning_rate': 0.0001, 'epoch': 9.91}
{'loss': 1.0583, 'learning_rate': 0.0001, 'epoch': 9.92}
{'loss': 1.0723, 'learning_rate': 0.0001, 'epoch': 9.93}
{'loss': 1.0502, 'learning_rate': 0.0001, 'epoch': 9.94}
{'loss': 1.134, 'learning_rate': 0.0001, 'epoch': 9.95}
{'loss': 1.0253, 'learning_rate': 0.0001, 'epoch': 9.96}
{'loss': 1.0542, 'learning_rate': 0.0001, 'epoch': 9.97}
{'loss': 1.0297, 'learning_rate': 0.0001, 'epoch': 9.98}
{'loss': 1.0877, 'learning_rate': 0.0001, 'epoch': 9.99}
{'loss': 1.0608, 'learning_rate': 0.0001, 'epoch': 10.0}
{'eval_loss': 1.280773401260376, 'eval_runtime': 83.4818, 'eval_samples_per_second': 59.893, 'eval_steps_per_second': 11.979, 'epoch': 10.0}
{'loss': 0.963, 'learning_rate': 0.0001, 'epoch': 10.01}
{'loss': 0.9336, 'learning_rate': 0.0001, 'epoch': 10.02}
{'loss': 0.9047, 'learning_rate': 0.0001, 'epoch': 10.03}
{'loss': 0.9716, 'learning_rate': 0.0001, 'epoch': 10.04}
{'loss': 0.9907, 'learning_rate': 0.0001, 'epoch': 10.05}
{'loss': 0.9215, 'learning_rate': 0.0001, 'epoch': 10.06}
{'loss': 0.992, 'learning_rate': 0.0001, 'epoch': 10.07}
{'loss': 0.978, 'learning_rate': 0.0001, 'epoch': 10.08}
{'loss': 0.9517, 'learning_rate': 0.0001, 'epoch': 10.09}
{'loss': 0.9153, 'learning_rate': 0.0001, 'epoch': 10.1}
{'loss': 0.9715, 'learning_rate': 0.0001, 'epoch': 10.11}
{'loss': 0.9663, 'learning_rate': 0.0001, 'epoch': 10.12}
{'loss': 0.993, 'learning_rate': 0.0001, 'epoch': 10.13}
{'loss': 0.9241, 'learning_rate': 0.0001, 'epoch': 10.14}
{'loss': 1.0175, 'learning_rate': 0.0001, 'epoch': 10.15}
{'loss': 1.0001, 'learning_rate': 0.0001, 'epoch': 10.16}
{'loss': 1.0795, 'learning_rate': 0.0001, 'epoch': 10.17}
{'loss': 0.951, 'learning_rate': 0.0001, 'epoch': 10.18}
{'loss': 0.8857, 'learning_rate': 0.0001, 'epoch': 10.19}
{'loss': 1.0361, 'learning_rate': 0.0001, 'epoch': 10.2}
{'loss': 0.8995, 'learning_rate': 0.0001, 'epoch': 10.21}
{'loss': 0.8866, 'learning_rate': 0.0001, 'epoch': 10.22}
{'loss': 0.9038, 'learning_rate': 0.0001, 'epoch': 10.23}
{'loss': 1.0069, 'learning_rate': 0.0001, 'epoch': 10.24}
{'loss': 0.9366, 'learning_rate': 0.0001, 'epoch': 10.25}
{'loss': 0.9024, 'learning_rate': 0.0001, 'epoch': 10.26}
{'loss': 0.9839, 'learning_rate': 0.0001, 'epoch': 10.27}
{'loss': 0.9257, 'learning_rate': 0.0001, 'epoch': 10.28}
{'loss': 0.9979, 'learning_rate': 0.0001, 'epoch': 10.29}
{'loss': 1.0006, 'learning_rate': 0.0001, 'epoch': 10.3}
{'loss': 0.9329, 'learning_rate': 0.0001, 'epoch': 10.31}
{'loss': 1.0045, 'learning_rate': 0.0001, 'epoch': 10.32}
{'loss': 1.0077, 'learning_rate': 0.0001, 'epoch': 10.33}
{'loss': 0.9623, 'learning_rate': 0.0001, 'epoch': 10.34}
{'loss': 0.9328, 'learning_rate': 0.0001, 'epoch': 10.35}
{'loss': 1.0233, 'learning_rate': 0.0001, 'epoch': 10.36}
{'loss': 0.9431, 'learning_rate': 0.0001, 'epoch': 10.37}
{'loss': 1.0193, 'learning_rate': 0.0001, 'epoch': 10.38}
{'loss': 1.018, 'learning_rate': 0.0001, 'epoch': 10.39}
{'loss': 0.9455, 'learning_rate': 0.0001, 'epoch': 10.4}
{'loss': 0.9612, 'learning_rate': 0.0001, 'epoch': 10.41}
{'loss': 0.9778, 'learning_rate': 0.0001, 'epoch': 10.42}
{'loss': 1.0376, 'learning_rate': 0.0001, 'epoch': 10.43}
{'loss': 0.9904, 'learning_rate': 0.0001, 'epoch': 10.44}
{'loss': 1.001, 'learning_rate': 0.0001, 'epoch': 10.45}
{'loss': 0.9671, 'learning_rate': 0.0001, 'epoch': 10.46}
{'loss': 0.9653, 'learning_rate': 0.0001, 'epoch': 10.47}
{'loss': 1.0594, 'learning_rate': 0.0001, 'epoch': 10.48}
{'loss': 0.9363, 'learning_rate': 0.0001, 'epoch': 10.49}
{'loss': 0.9228, 'learning_rate': 0.0001, 'epoch': 10.5}
{'loss': 1.0697, 'learning_rate': 0.0001, 'epoch': 10.51}
{'loss': 1.027, 'learning_rate': 0.0001, 'epoch': 10.52}
{'loss': 1.0147, 'learning_rate': 0.0001, 'epoch': 10.53}
{'loss': 0.9279, 'learning_rate': 0.0001, 'epoch': 10.54}
{'loss': 0.9703, 'learning_rate': 0.0001, 'epoch': 10.55}
{'loss': 0.9964, 'learning_rate': 0.0001, 'epoch': 10.56}
{'loss': 0.9649, 'learning_rate': 0.0001, 'epoch': 10.57}
{'loss': 0.9631, 'learning_rate': 0.0001, 'epoch': 10.58}
{'loss': 1.0297, 'learning_rate': 0.0001, 'epoch': 10.59}
{'loss': 1.0532, 'learning_rate': 0.0001, 'epoch': 10.6}
{'loss': 0.946, 'learning_rate': 0.0001, 'epoch': 10.61}
{'loss': 0.9661, 'learning_rate': 0.0001, 'epoch': 10.62}
{'loss': 1.0499, 'learning_rate': 0.0001, 'epoch': 10.63}
{'loss': 1.0085, 'learning_rate': 0.0001, 'epoch': 10.64}
{'loss': 0.993, 'learning_rate': 0.0001, 'epoch': 10.65}
{'loss': 1.0328, 'learning_rate': 0.0001, 'epoch': 10.66}
{'loss': 1.0022, 'learning_rate': 0.0001, 'epoch': 10.67}
{'loss': 0.9925, 'learning_rate': 0.0001, 'epoch': 10.68}
{'loss': 1.091, 'learning_rate': 0.0001, 'epoch': 10.69}
{'loss': 1.046, 'learning_rate': 0.0001, 'epoch': 10.7}
{'loss': 0.9685, 'learning_rate': 0.0001, 'epoch': 10.71}
{'loss': 0.9647, 'learning_rate': 0.0001, 'epoch': 10.72}
{'loss': 0.9822, 'learning_rate': 0.0001, 'epoch': 10.73}
{'loss': 1.01, 'learning_rate': 0.0001, 'epoch': 10.74}
{'loss': 1.0284, 'learning_rate': 0.0001, 'epoch': 10.75}
{'loss': 1.0253, 'learning_rate': 0.0001, 'epoch': 10.76}
{'loss': 0.9806, 'learning_rate': 0.0001, 'epoch': 10.77}
{'loss': 1.1011, 'learning_rate': 0.0001, 'epoch': 10.78}
{'loss': 0.9843, 'learning_rate': 0.0001, 'epoch': 10.79}
{'loss': 1.0239, 'learning_rate': 0.0001, 'epoch': 10.8}
{'loss': 0.9649, 'learning_rate': 0.0001, 'epoch': 10.81}
{'loss': 1.0302, 'learning_rate': 0.0001, 'epoch': 10.82}
{'loss': 0.9401, 'learning_rate': 0.0001, 'epoch': 10.83}
{'loss': 0.9386, 'learning_rate': 0.0001, 'epoch': 10.84}
{'loss': 1.0548, 'learning_rate': 0.0001, 'epoch': 10.85}
{'loss': 0.9563, 'learning_rate': 0.0001, 'epoch': 10.86}
{'loss': 0.9569, 'learning_rate': 0.0001, 'epoch': 10.87}
{'loss': 1.0454, 'learning_rate': 0.0001, 'epoch': 10.88}
{'loss': 1.0047, 'learning_rate': 0.0001, 'epoch': 10.89}
{'loss': 1.0473, 'learning_rate': 0.0001, 'epoch': 10.9}
{'loss': 1.0512, 'learning_rate': 0.0001, 'epoch': 10.91}
{'loss': 1.046, 'learning_rate': 0.0001, 'epoch': 10.92}
{'loss': 1.0709, 'learning_rate': 0.0001, 'epoch': 10.93}
{'loss': 1.0097, 'learning_rate': 0.0001, 'epoch': 10.94}
{'loss': 1.0618, 'learning_rate': 0.0001, 'epoch': 10.95}
{'loss': 1.089, 'learning_rate': 0.0001, 'epoch': 10.96}
{'loss': 1.0481, 'learning_rate': 0.0001, 'epoch': 10.97}
{'loss': 0.9572, 'learning_rate': 0.0001, 'epoch': 10.98}
{'loss': 0.9416, 'learning_rate': 0.0001, 'epoch': 10.99}
{'loss': 1.0276, 'learning_rate': 0.0001, 'epoch': 11.0}
{'loss': 0.8783, 'learning_rate': 0.0001, 'epoch': 11.01}
{'loss': 0.9486, 'learning_rate': 0.0001, 'epoch': 11.02}
{'loss': 0.8618, 'learning_rate': 0.0001, 'epoch': 11.03}
{'loss': 0.8357, 'learning_rate': 0.0001, 'epoch': 11.04}
{'loss': 0.9237, 'learning_rate': 0.0001, 'epoch': 11.05}
{'loss': 0.8902, 'learning_rate': 0.0001, 'epoch': 11.06}
{'loss': 0.7979, 'learning_rate': 0.0001, 'epoch': 11.07}
{'loss': 0.9032, 'learning_rate': 0.0001, 'epoch': 11.08}
{'loss': 0.8988, 'learning_rate': 0.0001, 'epoch': 11.09}
{'loss': 0.9462, 'learning_rate': 0.0001, 'epoch': 11.1}
{'loss': 0.8783, 'learning_rate': 0.0001, 'epoch': 11.11}
{'loss': 0.8219, 'learning_rate': 0.0001, 'epoch': 11.12}
{'loss': 0.8635, 'learning_rate': 0.0001, 'epoch': 11.13}
{'loss': 0.89, 'learning_rate': 0.0001, 'epoch': 11.14}
{'loss': 0.9233, 'learning_rate': 0.0001, 'epoch': 11.15}
{'loss': 0.9304, 'learning_rate': 0.0001, 'epoch': 11.16}
{'loss': 0.888, 'learning_rate': 0.0001, 'epoch': 11.17}
{'loss': 0.8605, 'learning_rate': 0.0001, 'epoch': 11.18}
{'loss': 0.8595, 'learning_rate': 0.0001, 'epoch': 11.19}
{'loss': 0.8309, 'learning_rate': 0.0001, 'epoch': 11.2}
{'loss': 0.8273, 'learning_rate': 0.0001, 'epoch': 11.21}
{'loss': 0.9213, 'learning_rate': 0.0001, 'epoch': 11.22}
{'loss': 0.9224, 'learning_rate': 0.0001, 'epoch': 11.23}
{'loss': 0.8682, 'learning_rate': 0.0001, 'epoch': 11.24}
{'loss': 0.9197, 'learning_rate': 0.0001, 'epoch': 11.25}
{'loss': 0.8207, 'learning_rate': 0.0001, 'epoch': 11.26}
{'loss': 0.9123, 'learning_rate': 0.0001, 'epoch': 11.27}
{'loss': 0.9637, 'learning_rate': 0.0001, 'epoch': 11.28}
{'loss': 0.9547, 'learning_rate': 0.0001, 'epoch': 11.29}
{'loss': 0.8564, 'learning_rate': 0.0001, 'epoch': 11.3}
{'loss': 0.9414, 'learning_rate': 0.0001, 'epoch': 11.31}
{'loss': 0.9093, 'learning_rate': 0.0001, 'epoch': 11.32}
{'loss': 0.9127, 'learning_rate': 0.0001, 'epoch': 11.33}
{'loss': 0.9437, 'learning_rate': 0.0001, 'epoch': 11.34}
{'loss': 0.9853, 'learning_rate': 0.0001, 'epoch': 11.35}
{'loss': 1.1052, 'learning_rate': 0.0001, 'epoch': 11.36}
{'loss': 0.971, 'learning_rate': 0.0001, 'epoch': 11.37}
{'loss': 0.9375, 'learning_rate': 0.0001, 'epoch': 11.38}
{'loss': 0.8929, 'learning_rate': 0.0001, 'epoch': 11.39}
{'loss': 0.8572, 'learning_rate': 0.0001, 'epoch': 11.4}
{'loss': 0.901, 'learning_rate': 0.0001, 'epoch': 11.41}
{'loss': 0.9605, 'learning_rate': 0.0001, 'epoch': 11.42}
{'loss': 0.9166, 'learning_rate': 0.0001, 'epoch': 11.43}
{'loss': 0.9332, 'learning_rate': 0.0001, 'epoch': 11.44}
{'loss': 0.8741, 'learning_rate': 0.0001, 'epoch': 11.45}
{'loss': 0.9783, 'learning_rate': 0.0001, 'epoch': 11.46}
{'loss': 0.8461, 'learning_rate': 0.0001, 'epoch': 11.47}
{'loss': 0.9319, 'learning_rate': 0.0001, 'epoch': 11.48}
{'loss': 0.9113, 'learning_rate': 0.0001, 'epoch': 11.49}
{'loss': 0.9121, 'learning_rate': 0.0001, 'epoch': 11.5}
{'loss': 0.9463, 'learning_rate': 0.0001, 'epoch': 11.51}
{'loss': 0.9104, 'learning_rate': 0.0001, 'epoch': 11.52}
{'loss': 0.9448, 'learning_rate': 0.0001, 'epoch': 11.53}
{'loss': 0.8367, 'learning_rate': 0.0001, 'epoch': 11.54}
{'loss': 0.8962, 'learning_rate': 0.0001, 'epoch': 11.55}
{'loss': 0.9976, 'learning_rate': 0.0001, 'epoch': 11.56}
{'loss': 0.9209, 'learning_rate': 0.0001, 'epoch': 11.57}
{'loss': 0.9001, 'learning_rate': 0.0001, 'epoch': 11.58}
{'loss': 0.9544, 'learning_rate': 0.0001, 'epoch': 11.59}
{'loss': 1.0346, 'learning_rate': 0.0001, 'epoch': 11.6}
{'loss': 0.9691, 'learning_rate': 0.0001, 'epoch': 11.61}
{'loss': 1.0045, 'learning_rate': 0.0001, 'epoch': 11.62}
{'loss': 0.9445, 'learning_rate': 0.0001, 'epoch': 11.63}
{'loss': 0.8978, 'learning_rate': 0.0001, 'epoch': 11.64}
{'loss': 0.8838, 'learning_rate': 0.0001, 'epoch': 11.65}
{'loss': 0.9429, 'learning_rate': 0.0001, 'epoch': 11.66}
{'loss': 1.0006, 'learning_rate': 0.0001, 'epoch': 11.67}
{'loss': 0.9051, 'learning_rate': 0.0001, 'epoch': 11.68}
{'loss': 0.9702, 'learning_rate': 0.0001, 'epoch': 11.69}
{'loss': 0.9565, 'learning_rate': 0.0001, 'epoch': 11.7}
{'loss': 0.9192, 'learning_rate': 0.0001, 'epoch': 11.71}
{'loss': 0.9615, 'learning_rate': 0.0001, 'epoch': 11.72}
{'loss': 0.9575, 'learning_rate': 0.0001, 'epoch': 11.73}
{'loss': 0.9696, 'learning_rate': 0.0001, 'epoch': 11.74}
{'loss': 0.9174, 'learning_rate': 0.0001, 'epoch': 11.75}
{'loss': 0.9419, 'learning_rate': 0.0001, 'epoch': 11.76}
{'loss': 0.9319, 'learning_rate': 0.0001, 'epoch': 11.77}
{'loss': 0.9986, 'learning_rate': 0.0001, 'epoch': 11.78}
{'loss': 1.0497, 'learning_rate': 0.0001, 'epoch': 11.79}
{'loss': 0.9549, 'learning_rate': 0.0001, 'epoch': 11.8}
{'loss': 0.9409, 'learning_rate': 0.0001, 'epoch': 11.81}
{'loss': 0.9647, 'learning_rate': 0.0001, 'epoch': 11.82}
{'loss': 0.9709, 'learning_rate': 0.0001, 'epoch': 11.83}
{'loss': 1.0192, 'learning_rate': 0.0001, 'epoch': 11.84}
{'loss': 1.011, 'learning_rate': 0.0001, 'epoch': 11.85}
{'loss': 1.0197, 'learning_rate': 0.0001, 'epoch': 11.86}
{'loss': 0.9009, 'learning_rate': 0.0001, 'epoch': 11.87}
{'loss': 1.0452, 'learning_rate': 0.0001, 'epoch': 11.88}
{'loss': 0.9508, 'learning_rate': 0.0001, 'epoch': 11.89}
{'loss': 0.9654, 'learning_rate': 0.0001, 'epoch': 11.9}
{'loss': 0.8752, 'learning_rate': 0.0001, 'epoch': 11.91}
{'loss': 0.9242, 'learning_rate': 0.0001, 'epoch': 11.92}
{'loss': 1.0154, 'learning_rate': 0.0001, 'epoch': 11.93}
{'loss': 1.0171, 'learning_rate': 0.0001, 'epoch': 11.94}
{'loss': 0.9505, 'learning_rate': 0.0001, 'epoch': 11.95}
{'loss': 0.9419, 'learning_rate': 0.0001, 'epoch': 11.96}
{'loss': 0.8944, 'learning_rate': 0.0001, 'epoch': 11.97}
{'loss': 0.9965, 'learning_rate': 0.0001, 'epoch': 11.98}
{'loss': 0.9933, 'learning_rate': 0.0001, 'epoch': 11.99}
{'loss': 0.9886, 'learning_rate': 0.0001, 'epoch': 12.0}
{'eval_loss': 1.3830950260162354, 'eval_runtime': 83.3513, 'eval_samples_per_second': 59.987, 'eval_steps_per_second': 11.997, 'epoch': 12.0}
{'loss': 0.8714, 'learning_rate': 0.0001, 'epoch': 12.01}
{'loss': 0.8479, 'learning_rate': 0.0001, 'epoch': 12.02}
{'loss': 0.8279, 'learning_rate': 0.0001, 'epoch': 12.03}
{'loss': 0.8759, 'learning_rate': 0.0001, 'epoch': 12.04}
{'loss': 0.79, 'learning_rate': 0.0001, 'epoch': 12.05}
{'loss': 0.8137, 'learning_rate': 0.0001, 'epoch': 12.06}
{'loss': 0.8296, 'learning_rate': 0.0001, 'epoch': 12.07}
{'loss': 0.8613, 'learning_rate': 0.0001, 'epoch': 12.08}
{'loss': 0.8086, 'learning_rate': 0.0001, 'epoch': 12.09}
{'loss': 0.7981, 'learning_rate': 0.0001, 'epoch': 12.1}
{'loss': 0.8571, 'learning_rate': 0.0001, 'epoch': 12.11}
{'loss': 0.8102, 'learning_rate': 0.0001, 'epoch': 12.12}
{'loss': 0.8, 'learning_rate': 0.0001, 'epoch': 12.13}
{'loss': 0.8939, 'learning_rate': 0.0001, 'epoch': 12.14}
{'loss': 0.919, 'learning_rate': 0.0001, 'epoch': 12.15}
{'loss': 0.8122, 'learning_rate': 0.0001, 'epoch': 12.16}
{'loss': 0.8451, 'learning_rate': 0.0001, 'epoch': 12.17}
{'loss': 0.9017, 'learning_rate': 0.0001, 'epoch': 12.18}
{'loss': 0.8492, 'learning_rate': 0.0001, 'epoch': 12.19}
{'loss': 0.8798, 'learning_rate': 0.0001, 'epoch': 12.2}
{'loss': 0.8694, 'learning_rate': 0.0001, 'epoch': 12.21}
{'loss': 0.8366, 'learning_rate': 0.0001, 'epoch': 12.22}
{'loss': 0.9169, 'learning_rate': 0.0001, 'epoch': 12.23}
{'loss': 0.8337, 'learning_rate': 0.0001, 'epoch': 12.24}
{'loss': 0.8047, 'learning_rate': 0.0001, 'epoch': 12.25}
{'loss': 0.9057, 'learning_rate': 0.0001, 'epoch': 12.26}
{'loss': 0.9249, 'learning_rate': 0.0001, 'epoch': 12.27}
{'loss': 0.86, 'learning_rate': 0.0001, 'epoch': 12.28}
{'loss': 0.8501, 'learning_rate': 0.0001, 'epoch': 12.29}
{'loss': 0.8592, 'learning_rate': 0.0001, 'epoch': 12.3}
{'loss': 0.8495, 'learning_rate': 0.0001, 'epoch': 12.31}
{'loss': 0.841, 'learning_rate': 0.0001, 'epoch': 12.32}
{'loss': 0.8185, 'learning_rate': 0.0001, 'epoch': 12.33}
{'loss': 0.7844, 'learning_rate': 0.0001, 'epoch': 12.34}
{'loss': 0.7952, 'learning_rate': 0.0001, 'epoch': 12.35}
{'loss': 0.8709, 'learning_rate': 0.0001, 'epoch': 12.36}
{'loss': 0.8997, 'learning_rate': 0.0001, 'epoch': 12.37}
{'loss': 0.8614, 'learning_rate': 0.0001, 'epoch': 12.38}
{'loss': 0.7584, 'learning_rate': 0.0001, 'epoch': 12.39}
{'loss': 0.8968, 'learning_rate': 0.0001, 'epoch': 12.4}
{'loss': 0.9023, 'learning_rate': 0.0001, 'epoch': 12.41}
{'loss': 0.9034, 'learning_rate': 0.0001, 'epoch': 12.42}
{'loss': 0.8445, 'learning_rate': 0.0001, 'epoch': 12.43}
{'loss': 0.8622, 'learning_rate': 0.0001, 'epoch': 12.44}
{'loss': 0.8768, 'learning_rate': 0.0001, 'epoch': 12.45}
{'loss': 0.9848, 'learning_rate': 0.0001, 'epoch': 12.46}
{'loss': 0.8537, 'learning_rate': 0.0001, 'epoch': 12.47}
{'loss': 0.8923, 'learning_rate': 0.0001, 'epoch': 12.48}
{'loss': 0.9115, 'learning_rate': 0.0001, 'epoch': 12.49}
{'loss': 0.9393, 'learning_rate': 0.0001, 'epoch': 12.5}
{'loss': 0.8537, 'learning_rate': 0.0001, 'epoch': 12.51}
{'loss': 0.9336, 'learning_rate': 0.0001, 'epoch': 12.52}
{'loss': 0.9351, 'learning_rate': 0.0001, 'epoch': 12.53}
{'loss': 0.8998, 'learning_rate': 0.0001, 'epoch': 12.54}
{'loss': 0.8581, 'learning_rate': 0.0001, 'epoch': 12.55}
{'loss': 0.9204, 'learning_rate': 0.0001, 'epoch': 12.56}
{'loss': 0.8412, 'learning_rate': 0.0001, 'epoch': 12.57}
{'loss': 0.8691, 'learning_rate': 0.0001, 'epoch': 12.58}
{'loss': 0.7852, 'learning_rate': 0.0001, 'epoch': 12.59}
{'loss': 0.7917, 'learning_rate': 0.0001, 'epoch': 12.6}
{'loss': 0.9125, 'learning_rate': 0.0001, 'epoch': 12.61}
{'loss': 0.9002, 'learning_rate': 0.0001, 'epoch': 12.62}
{'loss': 0.8377, 'learning_rate': 0.0001, 'epoch': 12.63}
{'loss': 0.8726, 'learning_rate': 0.0001, 'epoch': 12.64}
{'loss': 0.8744, 'learning_rate': 0.0001, 'epoch': 12.65}
{'loss': 0.9767, 'learning_rate': 0.0001, 'epoch': 12.66}
{'loss': 0.8328, 'learning_rate': 0.0001, 'epoch': 12.67}
{'loss': 0.8894, 'learning_rate': 0.0001, 'epoch': 12.68}
{'loss': 0.9137, 'learning_rate': 0.0001, 'epoch': 12.69}
{'loss': 0.8921, 'learning_rate': 0.0001, 'epoch': 12.7}
{'loss': 0.8219, 'learning_rate': 0.0001, 'epoch': 12.71}
{'loss': 0.9462, 'learning_rate': 0.0001, 'epoch': 12.72}
{'loss': 0.9333, 'learning_rate': 0.0001, 'epoch': 12.73}
{'loss': 0.9861, 'learning_rate': 0.0001, 'epoch': 12.74}
{'loss': 0.932, 'learning_rate': 0.0001, 'epoch': 12.75}
{'loss': 0.825, 'learning_rate': 0.0001, 'epoch': 12.76}
{'loss': 0.8815, 'learning_rate': 0.0001, 'epoch': 12.77}
{'loss': 0.8217, 'learning_rate': 0.0001, 'epoch': 12.78}
{'loss': 0.9185, 'learning_rate': 0.0001, 'epoch': 12.79}
{'loss': 0.9016, 'learning_rate': 0.0001, 'epoch': 12.8}
{'loss': 1.0154, 'learning_rate': 0.0001, 'epoch': 12.81}
{'loss': 0.913, 'learning_rate': 0.0001, 'epoch': 12.82}
{'loss': 0.9844, 'learning_rate': 0.0001, 'epoch': 12.83}
{'loss': 0.8446, 'learning_rate': 0.0001, 'epoch': 12.84}
{'loss': 0.8882, 'learning_rate': 0.0001, 'epoch': 12.85}
{'loss': 0.8793, 'learning_rate': 0.0001, 'epoch': 12.86}
{'loss': 0.8871, 'learning_rate': 0.0001, 'epoch': 12.87}
{'loss': 0.8638, 'learning_rate': 0.0001, 'epoch': 12.88}
{'loss': 0.8624, 'learning_rate': 0.0001, 'epoch': 12.89}
{'loss': 0.8967, 'learning_rate': 0.0001, 'epoch': 12.9}
{'loss': 0.9312, 'learning_rate': 0.0001, 'epoch': 12.91}
{'loss': 0.959, 'learning_rate': 0.0001, 'epoch': 12.92}
{'loss': 0.9431, 'learning_rate': 0.0001, 'epoch': 12.93}
{'loss': 0.946, 'learning_rate': 0.0001, 'epoch': 12.94}
{'loss': 0.8856, 'learning_rate': 0.0001, 'epoch': 12.95}
{'loss': 0.8942, 'learning_rate': 0.0001, 'epoch': 12.96}
{'loss': 0.9103, 'learning_rate': 0.0001, 'epoch': 12.97}
{'loss': 0.9372, 'learning_rate': 0.0001, 'epoch': 12.98}
{'loss': 0.8873, 'learning_rate': 0.0001, 'epoch': 12.99}
{'loss': 0.9543, 'learning_rate': 0.0001, 'epoch': 13.0}
{'loss': 0.7332, 'learning_rate': 0.0001, 'epoch': 13.01}
{'loss': 0.7923, 'learning_rate': 0.0001, 'epoch': 13.02}
{'loss': 0.7502, 'learning_rate': 0.0001, 'epoch': 13.03}
{'loss': 0.7333, 'learning_rate': 0.0001, 'epoch': 13.04}
{'loss': 0.8152, 'learning_rate': 0.0001, 'epoch': 13.05}
{'loss': 0.7455, 'learning_rate': 0.0001, 'epoch': 13.06}
{'loss': 0.8123, 'learning_rate': 0.0001, 'epoch': 13.07}
{'loss': 0.6409, 'learning_rate': 0.0001, 'epoch': 13.08}
{'loss': 0.8031, 'learning_rate': 0.0001, 'epoch': 13.09}
{'loss': 0.8086, 'learning_rate': 0.0001, 'epoch': 13.1}
{'loss': 0.7916, 'learning_rate': 0.0001, 'epoch': 13.11}
{'loss': 0.8429, 'learning_rate': 0.0001, 'epoch': 13.12}
{'loss': 0.8352, 'learning_rate': 0.0001, 'epoch': 13.13}
{'loss': 0.7478, 'learning_rate': 0.0001, 'epoch': 13.14}
{'loss': 0.825, 'learning_rate': 0.0001, 'epoch': 13.15}
{'loss': 0.7238, 'learning_rate': 0.0001, 'epoch': 13.16}
{'loss': 0.8245, 'learning_rate': 0.0001, 'epoch': 13.17}
{'loss': 0.7241, 'learning_rate': 0.0001, 'epoch': 13.18}
{'loss': 0.7731, 'learning_rate': 0.0001, 'epoch': 13.19}
{'loss': 0.7063, 'learning_rate': 0.0001, 'epoch': 13.2}
{'loss': 0.7883, 'learning_rate': 0.0001, 'epoch': 13.21}
{'loss': 0.8098, 'learning_rate': 0.0001, 'epoch': 13.22}
{'loss': 0.7242, 'learning_rate': 0.0001, 'epoch': 13.23}
{'loss': 0.8036, 'learning_rate': 0.0001, 'epoch': 13.24}
{'loss': 0.7731, 'learning_rate': 0.0001, 'epoch': 13.25}
{'loss': 0.7482, 'learning_rate': 0.0001, 'epoch': 13.26}
{'loss': 0.8266, 'learning_rate': 0.0001, 'epoch': 13.27}
{'loss': 0.7064, 'learning_rate': 0.0001, 'epoch': 13.28}
{'loss': 0.8226, 'learning_rate': 0.0001, 'epoch': 13.29}
{'loss': 0.7877, 'learning_rate': 0.0001, 'epoch': 13.3}
{'loss': 0.8633, 'learning_rate': 0.0001, 'epoch': 13.31}
{'loss': 0.8405, 'learning_rate': 0.0001, 'epoch': 13.32}
{'loss': 0.7801, 'learning_rate': 0.0001, 'epoch': 13.33}
{'loss': 0.8706, 'learning_rate': 0.0001, 'epoch': 13.34}
{'loss': 0.7769, 'learning_rate': 0.0001, 'epoch': 13.35}
{'loss': 0.8568, 'learning_rate': 0.0001, 'epoch': 13.36}
{'loss': 0.8686, 'learning_rate': 0.0001, 'epoch': 13.37}
{'loss': 0.8844, 'learning_rate': 0.0001, 'epoch': 13.38}
{'loss': 0.6486, 'learning_rate': 0.0001, 'epoch': 13.39}
{'loss': 0.8638, 'learning_rate': 0.0001, 'epoch': 13.4}
{'loss': 0.8119, 'learning_rate': 0.0001, 'epoch': 13.41}
{'loss': 0.7866, 'learning_rate': 0.0001, 'epoch': 13.42}
{'loss': 0.8409, 'learning_rate': 0.0001, 'epoch': 13.43}
{'loss': 0.8346, 'learning_rate': 0.0001, 'epoch': 13.44}
{'loss': 0.8228, 'learning_rate': 0.0001, 'epoch': 13.45}
{'loss': 0.8459, 'learning_rate': 0.0001, 'epoch': 13.46}
{'loss': 0.7848, 'learning_rate': 0.0001, 'epoch': 13.47}
{'loss': 0.8315, 'learning_rate': 0.0001, 'epoch': 13.48}
{'loss': 0.8081, 'learning_rate': 0.0001, 'epoch': 13.49}
{'loss': 0.8392, 'learning_rate': 0.0001, 'epoch': 13.5}
{'loss': 0.8352, 'learning_rate': 0.0001, 'epoch': 13.51}
{'loss': 0.8511, 'learning_rate': 0.0001, 'epoch': 13.52}
{'loss': 0.9081, 'learning_rate': 0.0001, 'epoch': 13.53}
{'loss': 0.8518, 'learning_rate': 0.0001, 'epoch': 13.54}
{'loss': 0.8416, 'learning_rate': 0.0001, 'epoch': 13.55}
{'loss': 0.7921, 'learning_rate': 0.0001, 'epoch': 13.56}
{'loss': 0.8737, 'learning_rate': 0.0001, 'epoch': 13.57}
{'loss': 0.7932, 'learning_rate': 0.0001, 'epoch': 13.58}
{'loss': 0.8216, 'learning_rate': 0.0001, 'epoch': 13.59}
{'loss': 0.9222, 'learning_rate': 0.0001, 'epoch': 13.6}
{'loss': 0.8274, 'learning_rate': 0.0001, 'epoch': 13.61}
{'loss': 0.7893, 'learning_rate': 0.0001, 'epoch': 13.62}
{'loss': 0.839, 'learning_rate': 0.0001, 'epoch': 13.63}
{'loss': 0.7639, 'learning_rate': 0.0001, 'epoch': 13.64}
{'loss': 0.7682, 'learning_rate': 0.0001, 'epoch': 13.65}
{'loss': 0.8338, 'learning_rate': 0.0001, 'epoch': 13.66}
{'loss': 0.8112, 'learning_rate': 0.0001, 'epoch': 13.67}
{'loss': 0.8609, 'learning_rate': 0.0001, 'epoch': 13.68}
{'loss': 0.7935, 'learning_rate': 0.0001, 'epoch': 13.69}
{'loss': 0.8551, 'learning_rate': 0.0001, 'epoch': 13.7}
{'loss': 0.7912, 'learning_rate': 0.0001, 'epoch': 13.71}
{'loss': 0.8451, 'learning_rate': 0.0001, 'epoch': 13.72}
{'loss': 0.8164, 'learning_rate': 0.0001, 'epoch': 13.73}
{'loss': 0.9003, 'learning_rate': 0.0001, 'epoch': 13.74}
{'loss': 0.7699, 'learning_rate': 0.0001, 'epoch': 13.75}
{'loss': 0.8618, 'learning_rate': 0.0001, 'epoch': 13.76}
{'loss': 0.7676, 'learning_rate': 0.0001, 'epoch': 13.77}
{'loss': 0.8776, 'learning_rate': 0.0001, 'epoch': 13.78}
{'loss': 0.7621, 'learning_rate': 0.0001, 'epoch': 13.79}
{'loss': 0.8335, 'learning_rate': 0.0001, 'epoch': 13.8}
{'loss': 0.828, 'learning_rate': 0.0001, 'epoch': 13.81}
{'loss': 0.8245, 'learning_rate': 0.0001, 'epoch': 13.82}
{'loss': 0.8202, 'learning_rate': 0.0001, 'epoch': 13.83}
{'loss': 0.8344, 'learning_rate': 0.0001, 'epoch': 13.84}
{'loss': 0.8771, 'learning_rate': 0.0001, 'epoch': 13.85}
{'loss': 0.8653, 'learning_rate': 0.0001, 'epoch': 13.86}
{'loss': 0.8971, 'learning_rate': 0.0001, 'epoch': 13.87}
{'loss': 0.8775, 'learning_rate': 0.0001, 'epoch': 13.88}
{'loss': 0.9021, 'learning_rate': 0.0001, 'epoch': 13.89}
{'loss': 0.8369, 'learning_rate': 0.0001, 'epoch': 13.9}
{'loss': 0.8601, 'learning_rate': 0.0001, 'epoch': 13.91}
{'loss': 0.9667, 'learning_rate': 0.0001, 'epoch': 13.92}
{'loss': 0.9477, 'learning_rate': 0.0001, 'epoch': 13.93}
{'loss': 0.8436, 'learning_rate': 0.0001, 'epoch': 13.94}
{'loss': 0.8463, 'learning_rate': 0.0001, 'epoch': 13.95}
{'loss': 0.9482, 'learning_rate': 0.0001, 'epoch': 13.96}
{'loss': 0.878, 'learning_rate': 0.0001, 'epoch': 13.97}
{'loss': 0.7997, 'learning_rate': 0.0001, 'epoch': 13.98}
{'loss': 0.8654, 'learning_rate': 0.0001, 'epoch': 13.99}
{'loss': 0.8446, 'learning_rate': 0.0001, 'epoch': 14.0}
{'eval_loss': 1.4735076427459717, 'eval_runtime': 83.1063, 'eval_samples_per_second': 60.164, 'eval_steps_per_second': 12.033, 'epoch': 14.0}
{'loss': 0.7161, 'learning_rate': 0.0001, 'epoch': 14.01}
{'loss': 0.7495, 'learning_rate': 0.0001, 'epoch': 14.02}
{'loss': 0.7747, 'learning_rate': 0.0001, 'epoch': 14.03}
{'loss': 0.7427, 'learning_rate': 0.0001, 'epoch': 14.04}
{'loss': 0.7922, 'learning_rate': 0.0001, 'epoch': 14.05}
{'loss': 0.6858, 'learning_rate': 0.0001, 'epoch': 14.06}
{'loss': 0.7112, 'learning_rate': 0.0001, 'epoch': 14.07}
{'loss': 0.7398, 'learning_rate': 0.0001, 'epoch': 14.08}
{'loss': 0.6801, 'learning_rate': 0.0001, 'epoch': 14.09}
{'loss': 0.7109, 'learning_rate': 0.0001, 'epoch': 14.1}
{'loss': 0.7357, 'learning_rate': 0.0001, 'epoch': 14.11}
{'loss': 0.6526, 'learning_rate': 0.0001, 'epoch': 14.12}
{'loss': 0.7194, 'learning_rate': 0.0001, 'epoch': 14.13}
{'loss': 0.7227, 'learning_rate': 0.0001, 'epoch': 14.14}
{'loss': 0.7875, 'learning_rate': 0.0001, 'epoch': 14.15}
{'loss': 0.7159, 'learning_rate': 0.0001, 'epoch': 14.16}
{'loss': 0.6997, 'learning_rate': 0.0001, 'epoch': 14.17}
{'loss': 0.6871, 'learning_rate': 0.0001, 'epoch': 14.18}
{'loss': 0.7742, 'learning_rate': 0.0001, 'epoch': 14.19}
{'loss': 0.7279, 'learning_rate': 0.0001, 'epoch': 14.2}
{'loss': 0.6891, 'learning_rate': 0.0001, 'epoch': 14.21}
{'loss': 0.6873, 'learning_rate': 0.0001, 'epoch': 14.22}
{'loss': 0.7944, 'learning_rate': 0.0001, 'epoch': 14.23}
{'loss': 0.698, 'learning_rate': 0.0001, 'epoch': 14.24}
{'loss': 0.7859, 'learning_rate': 0.0001, 'epoch': 14.25}
{'loss': 0.7542, 'learning_rate': 0.0001, 'epoch': 14.26}
{'loss': 0.7596, 'learning_rate': 0.0001, 'epoch': 14.27}
{'loss': 0.7047, 'learning_rate': 0.0001, 'epoch': 14.28}
{'loss': 0.814, 'learning_rate': 0.0001, 'epoch': 14.29}
{'loss': 0.7905, 'learning_rate': 0.0001, 'epoch': 14.3}
{'loss': 0.7165, 'learning_rate': 0.0001, 'epoch': 14.31}
{'loss': 0.7599, 'learning_rate': 0.0001, 'epoch': 14.32}
{'loss': 0.6985, 'learning_rate': 0.0001, 'epoch': 14.33}
{'loss': 0.7207, 'learning_rate': 0.0001, 'epoch': 14.34}
{'loss': 0.7302, 'learning_rate': 0.0001, 'epoch': 14.35}
{'loss': 0.7485, 'learning_rate': 0.0001, 'epoch': 14.36}
{'loss': 0.7184, 'learning_rate': 0.0001, 'epoch': 14.37}
{'loss': 0.7777, 'learning_rate': 0.0001, 'epoch': 14.38}
{'loss': 0.8269, 'learning_rate': 0.0001, 'epoch': 14.39}
{'loss': 0.7794, 'learning_rate': 0.0001, 'epoch': 14.4}
{'loss': 0.7094, 'learning_rate': 0.0001, 'epoch': 14.41}
{'loss': 0.7304, 'learning_rate': 0.0001, 'epoch': 14.42}
{'loss': 0.7884, 'learning_rate': 0.0001, 'epoch': 14.43}
{'loss': 0.7669, 'learning_rate': 0.0001, 'epoch': 14.44}
{'loss': 0.7789, 'learning_rate': 0.0001, 'epoch': 14.45}
{'loss': 0.6648, 'learning_rate': 0.0001, 'epoch': 14.46}
{'loss': 0.6403, 'learning_rate': 0.0001, 'epoch': 14.47}
{'loss': 0.8709, 'learning_rate': 0.0001, 'epoch': 14.48}
{'loss': 0.7592, 'learning_rate': 0.0001, 'epoch': 14.49}
{'loss': 0.7234, 'learning_rate': 0.0001, 'epoch': 14.5}
{'loss': 0.7204, 'learning_rate': 0.0001, 'epoch': 14.51}
{'loss': 0.7806, 'learning_rate': 0.0001, 'epoch': 14.52}
{'loss': 0.7761, 'learning_rate': 0.0001, 'epoch': 14.53}
{'loss': 0.741, 'learning_rate': 0.0001, 'epoch': 14.54}
{'loss': 0.735, 'learning_rate': 0.0001, 'epoch': 14.55}
{'loss': 0.7954, 'learning_rate': 0.0001, 'epoch': 14.56}
{'loss': 0.7706, 'learning_rate': 0.0001, 'epoch': 14.57}
{'loss': 0.7197, 'learning_rate': 0.0001, 'epoch': 14.58}
{'loss': 0.8135, 'learning_rate': 0.0001, 'epoch': 14.59}
{'loss': 0.7747, 'learning_rate': 0.0001, 'epoch': 14.6}
{'loss': 0.8149, 'learning_rate': 0.0001, 'epoch': 14.61}
{'loss': 0.7239, 'learning_rate': 0.0001, 'epoch': 14.62}
{'loss': 0.8383, 'learning_rate': 0.0001, 'epoch': 14.63}
{'loss': 0.7835, 'learning_rate': 0.0001, 'epoch': 14.64}
{'loss': 0.7185, 'learning_rate': 0.0001, 'epoch': 14.65}
{'loss': 0.86, 'learning_rate': 0.0001, 'epoch': 14.66}
{'loss': 0.7879, 'learning_rate': 0.0001, 'epoch': 14.67}
{'loss': 0.7795, 'learning_rate': 0.0001, 'epoch': 14.68}
{'loss': 0.8359, 'learning_rate': 0.0001, 'epoch': 14.69}
{'loss': 0.7359, 'learning_rate': 0.0001, 'epoch': 14.7}
{'loss': 0.6932, 'learning_rate': 0.0001, 'epoch': 14.71}
{'loss': 0.8162, 'learning_rate': 0.0001, 'epoch': 14.72}
{'loss': 0.8414, 'learning_rate': 0.0001, 'epoch': 14.73}
{'loss': 0.8244, 'learning_rate': 0.0001, 'epoch': 14.74}
{'loss': 0.8541, 'learning_rate': 0.0001, 'epoch': 14.75}
{'loss': 0.7686, 'learning_rate': 0.0001, 'epoch': 14.76}
{'loss': 0.763, 'learning_rate': 0.0001, 'epoch': 14.77}
{'loss': 0.7246, 'learning_rate': 0.0001, 'epoch': 14.78}
{'loss': 0.7596, 'learning_rate': 0.0001, 'epoch': 14.79}
{'loss': 0.8214, 'learning_rate': 0.0001, 'epoch': 14.8}
{'loss': 0.7847, 'learning_rate': 0.0001, 'epoch': 14.81}
{'loss': 0.7825, 'learning_rate': 0.0001, 'epoch': 14.82}
{'loss': 0.8554, 'learning_rate': 0.0001, 'epoch': 14.83}
{'loss': 0.7121, 'learning_rate': 0.0001, 'epoch': 14.84}
{'loss': 0.7621, 'learning_rate': 0.0001, 'epoch': 14.85}
{'loss': 0.802, 'learning_rate': 0.0001, 'epoch': 14.86}
{'loss': 0.8572, 'learning_rate': 0.0001, 'epoch': 14.87}
{'loss': 0.8096, 'learning_rate': 0.0001, 'epoch': 14.88}
{'loss': 0.7548, 'learning_rate': 0.0001, 'epoch': 14.89}
{'loss': 0.7809, 'learning_rate': 0.0001, 'epoch': 14.9}
{'loss': 0.7125, 'learning_rate': 0.0001, 'epoch': 14.91}
{'loss': 0.8123, 'learning_rate': 0.0001, 'epoch': 14.92}
{'loss': 0.7743, 'learning_rate': 0.0001, 'epoch': 14.93}
{'loss': 0.8009, 'learning_rate': 0.0001, 'epoch': 14.94}
{'loss': 0.8621, 'learning_rate': 0.0001, 'epoch': 14.95}
{'loss': 0.8213, 'learning_rate': 0.0001, 'epoch': 14.96}
{'loss': 0.8071, 'learning_rate': 0.0001, 'epoch': 14.97}
{'loss': 0.8266, 'learning_rate': 0.0001, 'epoch': 14.98}
{'loss': 0.8248, 'learning_rate': 0.0001, 'epoch': 14.99}
{'loss': 0.7837, 'learning_rate': 0.0001, 'epoch': 15.0}
{'loss': 0.6734, 'learning_rate': 0.0001, 'epoch': 15.01}
{'loss': 0.6649, 'learning_rate': 0.0001, 'epoch': 15.02}
{'loss': 0.6367, 'learning_rate': 0.0001, 'epoch': 15.03}
{'loss': 0.6304, 'learning_rate': 0.0001, 'epoch': 15.04}
{'loss': 0.6737, 'learning_rate': 0.0001, 'epoch': 15.05}
{'loss': 0.6524, 'learning_rate': 0.0001, 'epoch': 15.06}
{'loss': 0.6458, 'learning_rate': 0.0001, 'epoch': 15.07}
{'loss': 0.6672, 'learning_rate': 0.0001, 'epoch': 15.08}
{'loss': 0.6963, 'learning_rate': 0.0001, 'epoch': 15.09}
{'loss': 0.6577, 'learning_rate': 0.0001, 'epoch': 15.1}
{'loss': 0.6328, 'learning_rate': 0.0001, 'epoch': 15.11}
{'loss': 0.7037, 'learning_rate': 0.0001, 'epoch': 15.12}
{'loss': 0.7875, 'learning_rate': 0.0001, 'epoch': 15.13}
{'loss': 0.6852, 'learning_rate': 0.0001, 'epoch': 15.14}
{'loss': 0.5965, 'learning_rate': 0.0001, 'epoch': 15.15}
{'loss': 0.6199, 'learning_rate': 0.0001, 'epoch': 15.16}
{'loss': 0.7012, 'learning_rate': 0.0001, 'epoch': 15.17}
{'loss': 0.7233, 'learning_rate': 0.0001, 'epoch': 15.18}
{'loss': 0.6687, 'learning_rate': 0.0001, 'epoch': 15.19}
{'loss': 0.6977, 'learning_rate': 0.0001, 'epoch': 15.2}
{'loss': 0.6776, 'learning_rate': 0.0001, 'epoch': 15.21}
{'loss': 0.657, 'learning_rate': 0.0001, 'epoch': 15.22}
{'loss': 0.6936, 'learning_rate': 0.0001, 'epoch': 15.23}
{'loss': 0.6572, 'learning_rate': 0.0001, 'epoch': 15.24}
{'loss': 0.6998, 'learning_rate': 0.0001, 'epoch': 15.25}
{'loss': 0.6495, 'learning_rate': 0.0001, 'epoch': 15.26}
{'loss': 0.7869, 'learning_rate': 0.0001, 'epoch': 15.27}
{'loss': 0.681, 'learning_rate': 0.0001, 'epoch': 15.28}
{'loss': 0.6852, 'learning_rate': 0.0001, 'epoch': 15.29}
{'loss': 0.5811, 'learning_rate': 0.0001, 'epoch': 15.3}
{'loss': 0.6802, 'learning_rate': 0.0001, 'epoch': 15.31}
{'loss': 0.6877, 'learning_rate': 0.0001, 'epoch': 15.32}
{'loss': 0.6683, 'learning_rate': 0.0001, 'epoch': 15.33}
{'loss': 0.7531, 'learning_rate': 0.0001, 'epoch': 15.34}
{'loss': 0.6289, 'learning_rate': 0.0001, 'epoch': 15.35}
{'loss': 0.7867, 'learning_rate': 0.0001, 'epoch': 15.36}
{'loss': 0.6591, 'learning_rate': 0.0001, 'epoch': 15.37}
{'loss': 0.6388, 'learning_rate': 0.0001, 'epoch': 15.38}
{'loss': 0.693, 'learning_rate': 0.0001, 'epoch': 15.39}
{'loss': 0.749, 'learning_rate': 0.0001, 'epoch': 15.4}
{'loss': 0.6792, 'learning_rate': 0.0001, 'epoch': 15.41}
{'loss': 0.6518, 'learning_rate': 0.0001, 'epoch': 15.42}
{'loss': 0.6572, 'learning_rate': 0.0001, 'epoch': 15.43}
{'loss': 0.7275, 'learning_rate': 0.0001, 'epoch': 15.44}
{'loss': 0.7722, 'learning_rate': 0.0001, 'epoch': 15.45}
{'loss': 0.6409, 'learning_rate': 0.0001, 'epoch': 15.46}
{'loss': 0.7427, 'learning_rate': 0.0001, 'epoch': 15.47}
{'loss': 0.6793, 'learning_rate': 0.0001, 'epoch': 15.48}
{'loss': 0.6585, 'learning_rate': 0.0001, 'epoch': 15.49}
{'loss': 0.7229, 'learning_rate': 0.0001, 'epoch': 15.5}
{'loss': 0.7564, 'learning_rate': 0.0001, 'epoch': 15.51}
{'loss': 0.6996, 'learning_rate': 0.0001, 'epoch': 15.52}
{'loss': 0.7486, 'learning_rate': 0.0001, 'epoch': 15.53}
{'loss': 0.7376, 'learning_rate': 0.0001, 'epoch': 15.54}
{'loss': 0.7854, 'learning_rate': 0.0001, 'epoch': 15.55}
{'loss': 0.6545, 'learning_rate': 0.0001, 'epoch': 15.56}
{'loss': 0.7076, 'learning_rate': 0.0001, 'epoch': 15.57}
{'loss': 0.7557, 'learning_rate': 0.0001, 'epoch': 15.58}
{'loss': 0.7784, 'learning_rate': 0.0001, 'epoch': 15.59}
{'loss': 0.7172, 'learning_rate': 0.0001, 'epoch': 15.6}
{'loss': 0.7645, 'learning_rate': 0.0001, 'epoch': 15.61}
{'loss': 0.7695, 'learning_rate': 0.0001, 'epoch': 15.62}
{'loss': 0.7514, 'learning_rate': 0.0001, 'epoch': 15.63}
{'loss': 0.6554, 'learning_rate': 0.0001, 'epoch': 15.64}
{'loss': 0.7248, 'learning_rate': 0.0001, 'epoch': 15.65}
{'loss': 0.7368, 'learning_rate': 0.0001, 'epoch': 15.66}
{'loss': 0.7079, 'learning_rate': 0.0001, 'epoch': 15.67}
{'loss': 0.615, 'learning_rate': 0.0001, 'epoch': 15.68}
{'loss': 0.7945, 'learning_rate': 0.0001, 'epoch': 15.69}
{'loss': 0.7554, 'learning_rate': 0.0001, 'epoch': 15.7}
{'loss': 0.754, 'learning_rate': 0.0001, 'epoch': 15.71}
{'loss': 0.783, 'learning_rate': 0.0001, 'epoch': 15.72}
{'loss': 0.7099, 'learning_rate': 0.0001, 'epoch': 15.73}
{'loss': 0.7343, 'learning_rate': 0.0001, 'epoch': 15.74}
{'loss': 0.6962, 'learning_rate': 0.0001, 'epoch': 15.75}
{'loss': 0.71, 'learning_rate': 0.0001, 'epoch': 15.76}
{'loss': 0.7117, 'learning_rate': 0.0001, 'epoch': 15.77}
{'loss': 0.8406, 'learning_rate': 0.0001, 'epoch': 15.78}
{'loss': 0.7231, 'learning_rate': 0.0001, 'epoch': 15.79}
{'loss': 0.611, 'learning_rate': 0.0001, 'epoch': 15.8}
{'loss': 0.8023, 'learning_rate': 0.0001, 'epoch': 15.81}
{'loss': 0.6686, 'learning_rate': 0.0001, 'epoch': 15.82}
{'loss': 0.7193, 'learning_rate': 0.0001, 'epoch': 15.83}
{'loss': 0.7449, 'learning_rate': 0.0001, 'epoch': 15.84}
{'loss': 0.7608, 'learning_rate': 0.0001, 'epoch': 15.85}
{'loss': 0.821, 'learning_rate': 0.0001, 'epoch': 15.86}
{'loss': 0.7145, 'learning_rate': 0.0001, 'epoch': 15.87}
{'loss': 0.7311, 'learning_rate': 0.0001, 'epoch': 15.88}
{'loss': 0.8404, 'learning_rate': 0.0001, 'epoch': 15.89}
{'loss': 0.7753, 'learning_rate': 0.0001, 'epoch': 15.9}
{'loss': 0.7257, 'learning_rate': 0.0001, 'epoch': 15.91}
{'loss': 0.7102, 'learning_rate': 0.0001, 'epoch': 15.92}
{'loss': 0.7303, 'learning_rate': 0.0001, 'epoch': 15.93}
{'loss': 0.7168, 'learning_rate': 0.0001, 'epoch': 15.94}
{'loss': 0.7603, 'learning_rate': 0.0001, 'epoch': 15.95}
{'loss': 0.8144, 'learning_rate': 0.0001, 'epoch': 15.96}
{'loss': 0.7494, 'learning_rate': 0.0001, 'epoch': 15.97}
{'loss': 0.6977, 'learning_rate': 0.0001, 'epoch': 15.98}
{'loss': 0.7367, 'learning_rate': 0.0001, 'epoch': 15.99}
{'loss': 0.7775, 'learning_rate': 0.0001, 'epoch': 16.0}
{'eval_loss': 1.6163033246994019, 'eval_runtime': 83.6556, 'eval_samples_per_second': 59.769, 'eval_steps_per_second': 11.954, 'epoch': 16.0}
{'loss': 0.6378, 'learning_rate': 0.0001, 'epoch': 16.01}
{'loss': 0.6701, 'learning_rate': 0.0001, 'epoch': 16.02}
{'loss': 0.5739, 'learning_rate': 0.0001, 'epoch': 16.03}
{'loss': 0.589, 'learning_rate': 0.0001, 'epoch': 16.04}
{'loss': 0.6836, 'learning_rate': 0.0001, 'epoch': 16.05}
{'loss': 0.6453, 'learning_rate': 0.0001, 'epoch': 16.06}
{'loss': 0.5855, 'learning_rate': 0.0001, 'epoch': 16.07}
{'loss': 0.6171, 'learning_rate': 0.0001, 'epoch': 16.08}
{'loss': 0.6055, 'learning_rate': 0.0001, 'epoch': 16.09}
{'loss': 0.5682, 'learning_rate': 0.0001, 'epoch': 16.1}
{'loss': 0.5611, 'learning_rate': 0.0001, 'epoch': 16.11}
{'loss': 0.5454, 'learning_rate': 0.0001, 'epoch': 16.12}
{'loss': 0.6625, 'learning_rate': 0.0001, 'epoch': 16.13}
{'loss': 0.5824, 'learning_rate': 0.0001, 'epoch': 16.14}
{'loss': 0.6521, 'learning_rate': 0.0001, 'epoch': 16.15}
{'loss': 0.5855, 'learning_rate': 0.0001, 'epoch': 16.16}
{'loss': 0.6776, 'learning_rate': 0.0001, 'epoch': 16.17}
{'loss': 0.6615, 'learning_rate': 0.0001, 'epoch': 16.18}
{'loss': 0.6348, 'learning_rate': 0.0001, 'epoch': 16.19}
{'loss': 0.5091, 'learning_rate': 0.0001, 'epoch': 16.2}
{'loss': 0.5788, 'learning_rate': 0.0001, 'epoch': 16.21}
{'loss': 0.6215, 'learning_rate': 0.0001, 'epoch': 16.22}
{'loss': 0.6159, 'learning_rate': 0.0001, 'epoch': 16.23}
{'loss': 0.6173, 'learning_rate': 0.0001, 'epoch': 16.24}
{'loss': 0.6173, 'learning_rate': 0.0001, 'epoch': 16.25}
{'loss': 0.6942, 'learning_rate': 0.0001, 'epoch': 16.26}
{'loss': 0.6479, 'learning_rate': 0.0001, 'epoch': 16.27}
{'loss': 0.6978, 'learning_rate': 0.0001, 'epoch': 16.28}
{'loss': 0.5987, 'learning_rate': 0.0001, 'epoch': 16.29}
{'loss': 0.664, 'learning_rate': 0.0001, 'epoch': 16.3}
{'loss': 0.6055, 'learning_rate': 0.0001, 'epoch': 16.31}
{'loss': 0.6437, 'learning_rate': 0.0001, 'epoch': 16.32}
{'loss': 0.6809, 'learning_rate': 0.0001, 'epoch': 16.33}
{'loss': 0.6735, 'learning_rate': 0.0001, 'epoch': 16.34}
{'loss': 0.657, 'learning_rate': 0.0001, 'epoch': 16.35}
{'loss': 0.6179, 'learning_rate': 0.0001, 'epoch': 16.36}
{'loss': 0.5701, 'learning_rate': 0.0001, 'epoch': 16.37}
{'loss': 0.6391, 'learning_rate': 0.0001, 'epoch': 16.38}
{'loss': 0.665, 'learning_rate': 0.0001, 'epoch': 16.39}
{'loss': 0.6104, 'learning_rate': 0.0001, 'epoch': 16.4}
{'loss': 0.6496, 'learning_rate': 0.0001, 'epoch': 16.41}
{'loss': 0.7356, 'learning_rate': 0.0001, 'epoch': 16.42}
{'loss': 0.7413, 'learning_rate': 0.0001, 'epoch': 16.43}
{'loss': 0.6127, 'learning_rate': 0.0001, 'epoch': 16.44}
{'loss': 0.7238, 'learning_rate': 0.0001, 'epoch': 16.45}
{'loss': 0.5856, 'learning_rate': 0.0001, 'epoch': 16.46}
{'loss': 0.6367, 'learning_rate': 0.0001, 'epoch': 16.47}
{'loss': 0.6713, 'learning_rate': 0.0001, 'epoch': 16.48}
{'loss': 0.6, 'learning_rate': 0.0001, 'epoch': 16.49}
{'loss': 0.557, 'learning_rate': 0.0001, 'epoch': 16.5}
{'loss': 0.668, 'learning_rate': 0.0001, 'epoch': 16.51}
{'loss': 0.6912, 'learning_rate': 0.0001, 'epoch': 16.52}
{'loss': 0.6492, 'learning_rate': 0.0001, 'epoch': 16.53}
{'loss': 0.685, 'learning_rate': 0.0001, 'epoch': 16.54}
{'loss': 0.6051, 'learning_rate': 0.0001, 'epoch': 16.55}
{'loss': 0.6264, 'learning_rate': 0.0001, 'epoch': 16.56}
{'loss': 0.5798, 'learning_rate': 0.0001, 'epoch': 16.57}
{'loss': 0.6804, 'learning_rate': 0.0001, 'epoch': 16.58}
{'loss': 0.7117, 'learning_rate': 0.0001, 'epoch': 16.59}
{'loss': 0.5888, 'learning_rate': 0.0001, 'epoch': 16.6}
{'loss': 0.5639, 'learning_rate': 0.0001, 'epoch': 16.61}
{'loss': 0.6572, 'learning_rate': 0.0001, 'epoch': 16.62}
{'loss': 0.6275, 'learning_rate': 0.0001, 'epoch': 16.63}
{'loss': 0.7012, 'learning_rate': 0.0001, 'epoch': 16.64}
{'loss': 0.7317, 'learning_rate': 0.0001, 'epoch': 16.65}
{'loss': 0.6785, 'learning_rate': 0.0001, 'epoch': 16.66}
{'loss': 0.655, 'learning_rate': 0.0001, 'epoch': 16.67}
{'loss': 0.6937, 'learning_rate': 0.0001, 'epoch': 16.68}
{'loss': 0.7352, 'learning_rate': 0.0001, 'epoch': 16.69}
{'loss': 0.5852, 'learning_rate': 0.0001, 'epoch': 16.7}
{'loss': 0.6175, 'learning_rate': 0.0001, 'epoch': 16.71}
{'loss': 0.6673, 'learning_rate': 0.0001, 'epoch': 16.72}
{'loss': 0.6905, 'learning_rate': 0.0001, 'epoch': 16.73}
{'loss': 0.688, 'learning_rate': 0.0001, 'epoch': 16.74}
{'loss': 0.6581, 'learning_rate': 0.0001, 'epoch': 16.75}
{'loss': 0.7014, 'learning_rate': 0.0001, 'epoch': 16.76}
{'loss': 0.6421, 'learning_rate': 0.0001, 'epoch': 16.77}
{'loss': 0.7137, 'learning_rate': 0.0001, 'epoch': 16.78}
{'loss': 0.654, 'learning_rate': 0.0001, 'epoch': 16.79}
{'loss': 0.6994, 'learning_rate': 0.0001, 'epoch': 16.8}
{'loss': 0.6529, 'learning_rate': 0.0001, 'epoch': 16.81}
{'loss': 0.6651, 'learning_rate': 0.0001, 'epoch': 16.82}
{'loss': 0.6638, 'learning_rate': 0.0001, 'epoch': 16.83}
{'loss': 0.7222, 'learning_rate': 0.0001, 'epoch': 16.84}
{'loss': 0.7196, 'learning_rate': 0.0001, 'epoch': 16.85}
{'loss': 0.6713, 'learning_rate': 0.0001, 'epoch': 16.86}
{'loss': 0.6495, 'learning_rate': 0.0001, 'epoch': 16.87}
{'loss': 0.7164, 'learning_rate': 0.0001, 'epoch': 16.88}
{'loss': 0.6741, 'learning_rate': 0.0001, 'epoch': 16.89}
{'loss': 0.7322, 'learning_rate': 0.0001, 'epoch': 16.9}
{'loss': 0.7206, 'learning_rate': 0.0001, 'epoch': 16.91}
{'loss': 0.6885, 'learning_rate': 0.0001, 'epoch': 16.92}
{'loss': 0.6899, 'learning_rate': 0.0001, 'epoch': 16.93}
{'loss': 0.6152, 'learning_rate': 0.0001, 'epoch': 16.94}
{'loss': 0.7485, 'learning_rate': 0.0001, 'epoch': 16.95}
{'loss': 0.6725, 'learning_rate': 0.0001, 'epoch': 16.96}
{'loss': 0.7507, 'learning_rate': 0.0001, 'epoch': 16.97}
{'loss': 0.7152, 'learning_rate': 0.0001, 'epoch': 16.98}
{'loss': 0.6849, 'learning_rate': 0.0001, 'epoch': 16.99}
{'loss': 0.6902, 'learning_rate': 0.0001, 'epoch': 17.0}
{'loss': 0.563, 'learning_rate': 0.0001, 'epoch': 17.01}
{'loss': 0.4831, 'learning_rate': 0.0001, 'epoch': 17.02}
{'loss': 0.5589, 'learning_rate': 0.0001, 'epoch': 17.03}
{'loss': 0.5248, 'learning_rate': 0.0001, 'epoch': 17.04}
{'loss': 0.5634, 'learning_rate': 0.0001, 'epoch': 17.05}
{'loss': 0.5708, 'learning_rate': 0.0001, 'epoch': 17.06}
{'loss': 0.5461, 'learning_rate': 0.0001, 'epoch': 17.07}
{'loss': 0.5794, 'learning_rate': 0.0001, 'epoch': 17.08}
{'loss': 0.601, 'learning_rate': 0.0001, 'epoch': 17.09}
{'loss': 0.5937, 'learning_rate': 0.0001, 'epoch': 17.1}
{'loss': 0.6018, 'learning_rate': 0.0001, 'epoch': 17.11}
{'loss': 0.583, 'learning_rate': 0.0001, 'epoch': 17.12}
{'loss': 0.5245, 'learning_rate': 0.0001, 'epoch': 17.13}
{'loss': 0.5775, 'learning_rate': 0.0001, 'epoch': 17.14}
{'loss': 0.5419, 'learning_rate': 0.0001, 'epoch': 17.15}
{'loss': 0.6314, 'learning_rate': 0.0001, 'epoch': 17.16}
{'loss': 0.51, 'learning_rate': 0.0001, 'epoch': 17.17}
{'loss': 0.616, 'learning_rate': 0.0001, 'epoch': 17.18}
{'loss': 0.5133, 'learning_rate': 0.0001, 'epoch': 17.19}
{'loss': 0.5395, 'learning_rate': 0.0001, 'epoch': 17.2}
{'loss': 0.5102, 'learning_rate': 0.0001, 'epoch': 17.21}
{'loss': 0.6042, 'learning_rate': 0.0001, 'epoch': 17.22}
{'loss': 0.5941, 'learning_rate': 0.0001, 'epoch': 17.23}
{'loss': 0.5045, 'learning_rate': 0.0001, 'epoch': 17.24}
{'loss': 0.6273, 'learning_rate': 0.0001, 'epoch': 17.25}
{'loss': 0.6429, 'learning_rate': 0.0001, 'epoch': 17.26}
{'loss': 0.5855, 'learning_rate': 0.0001, 'epoch': 17.27}
{'loss': 0.5765, 'learning_rate': 0.0001, 'epoch': 17.28}
{'loss': 0.6038, 'learning_rate': 0.0001, 'epoch': 17.29}
{'loss': 0.5948, 'learning_rate': 0.0001, 'epoch': 17.3}
{'loss': 0.5579, 'learning_rate': 0.0001, 'epoch': 17.31}
{'loss': 0.582, 'learning_rate': 0.0001, 'epoch': 17.32}
{'loss': 0.6227, 'learning_rate': 0.0001, 'epoch': 17.33}
{'loss': 0.5251, 'learning_rate': 0.0001, 'epoch': 17.34}
{'loss': 0.6139, 'learning_rate': 0.0001, 'epoch': 17.35}
{'loss': 0.5814, 'learning_rate': 0.0001, 'epoch': 17.36}
{'loss': 0.5521, 'learning_rate': 0.0001, 'epoch': 17.37}
{'loss': 0.6585, 'learning_rate': 0.0001, 'epoch': 17.38}
{'loss': 0.5294, 'learning_rate': 0.0001, 'epoch': 17.39}
{'loss': 0.5113, 'learning_rate': 0.0001, 'epoch': 17.4}
{'loss': 0.63, 'learning_rate': 0.0001, 'epoch': 17.41}
{'loss': 0.5539, 'learning_rate': 0.0001, 'epoch': 17.42}
{'loss': 0.6725, 'learning_rate': 0.0001, 'epoch': 17.43}
{'loss': 0.5307, 'learning_rate': 0.0001, 'epoch': 17.44}
{'loss': 0.5444, 'learning_rate': 0.0001, 'epoch': 17.45}
{'loss': 0.5852, 'learning_rate': 0.0001, 'epoch': 17.46}
{'loss': 0.5949, 'learning_rate': 0.0001, 'epoch': 17.47}
{'loss': 0.6177, 'learning_rate': 0.0001, 'epoch': 17.48}
{'loss': 0.6238, 'learning_rate': 0.0001, 'epoch': 17.49}
{'loss': 0.566, 'learning_rate': 0.0001, 'epoch': 17.5}
{'loss': 0.5611, 'learning_rate': 0.0001, 'epoch': 17.51}
{'loss': 0.532, 'learning_rate': 0.0001, 'epoch': 17.52}
{'loss': 0.6226, 'learning_rate': 0.0001, 'epoch': 17.53}
{'loss': 0.6151, 'learning_rate': 0.0001, 'epoch': 17.54}
{'loss': 0.6188, 'learning_rate': 0.0001, 'epoch': 17.55}
{'loss': 0.5635, 'learning_rate': 0.0001, 'epoch': 17.56}
{'loss': 0.6717, 'learning_rate': 0.0001, 'epoch': 17.57}
{'loss': 0.5395, 'learning_rate': 0.0001, 'epoch': 17.58}
{'loss': 0.5756, 'learning_rate': 0.0001, 'epoch': 17.59}
{'loss': 0.627, 'learning_rate': 0.0001, 'epoch': 17.6}
{'loss': 0.5828, 'learning_rate': 0.0001, 'epoch': 17.61}
{'loss': 0.5541, 'learning_rate': 0.0001, 'epoch': 17.62}
{'loss': 0.6533, 'learning_rate': 0.0001, 'epoch': 17.63}
{'loss': 0.6053, 'learning_rate': 0.0001, 'epoch': 17.64}
{'loss': 0.5698, 'learning_rate': 0.0001, 'epoch': 17.65}
{'loss': 0.6114, 'learning_rate': 0.0001, 'epoch': 17.66}
{'loss': 0.5879, 'learning_rate': 0.0001, 'epoch': 17.67}
{'loss': 0.6652, 'learning_rate': 0.0001, 'epoch': 17.68}
{'loss': 0.7119, 'learning_rate': 0.0001, 'epoch': 17.69}
{'loss': 0.7006, 'learning_rate': 0.0001, 'epoch': 17.7}
{'loss': 0.661, 'learning_rate': 0.0001, 'epoch': 17.71}
{'loss': 0.6468, 'learning_rate': 0.0001, 'epoch': 17.72}
{'loss': 0.6363, 'learning_rate': 0.0001, 'epoch': 17.73}
{'loss': 0.6283, 'learning_rate': 0.0001, 'epoch': 17.74}
{'loss': 0.6505, 'learning_rate': 0.0001, 'epoch': 17.75}
{'loss': 0.5338, 'learning_rate': 0.0001, 'epoch': 17.76}
{'loss': 0.6361, 'learning_rate': 0.0001, 'epoch': 17.77}
{'loss': 0.5866, 'learning_rate': 0.0001, 'epoch': 17.78}
{'loss': 0.5569, 'learning_rate': 0.0001, 'epoch': 17.79}
{'loss': 0.5966, 'learning_rate': 0.0001, 'epoch': 17.8}
{'loss': 0.5932, 'learning_rate': 0.0001, 'epoch': 17.81}
{'loss': 0.5772, 'learning_rate': 0.0001, 'epoch': 17.82}
{'loss': 0.6919, 'learning_rate': 0.0001, 'epoch': 17.83}
{'loss': 0.6461, 'learning_rate': 0.0001, 'epoch': 17.84}
{'loss': 0.5693, 'learning_rate': 0.0001, 'epoch': 17.85}
{'loss': 0.5938, 'learning_rate': 0.0001, 'epoch': 17.86}
{'loss': 0.5902, 'learning_rate': 0.0001, 'epoch': 17.87}
{'loss': 0.6317, 'learning_rate': 0.0001, 'epoch': 17.88}
{'loss': 0.6792, 'learning_rate': 0.0001, 'epoch': 17.89}
{'loss': 0.6089, 'learning_rate': 0.0001, 'epoch': 17.9}
{'loss': 0.6481, 'learning_rate': 0.0001, 'epoch': 17.91}
{'loss': 0.5816, 'learning_rate': 0.0001, 'epoch': 17.92}
{'loss': 0.6133, 'learning_rate': 0.0001, 'epoch': 17.93}
{'loss': 0.5454, 'learning_rate': 0.0001, 'epoch': 17.94}
{'loss': 0.6119, 'learning_rate': 0.0001, 'epoch': 17.95}
{'loss': 0.6532, 'learning_rate': 0.0001, 'epoch': 17.96}
{'loss': 0.6446, 'learning_rate': 0.0001, 'epoch': 17.97}
{'loss': 0.7461, 'learning_rate': 0.0001, 'epoch': 17.98}
{'loss': 0.6738, 'learning_rate': 0.0001, 'epoch': 17.99}
{'loss': 0.5484, 'learning_rate': 0.0001, 'epoch': 18.0}
{'eval_loss': 1.8391315937042236, 'eval_runtime': 83.5169, 'eval_samples_per_second': 59.868, 'eval_steps_per_second': 11.974, 'epoch': 18.0}
{'loss': 0.4957, 'learning_rate': 0.0001, 'epoch': 18.01}
{'loss': 0.5202, 'learning_rate': 0.0001, 'epoch': 18.02}
{'loss': 0.4307, 'learning_rate': 0.0001, 'epoch': 18.03}
{'loss': 0.5151, 'learning_rate': 0.0001, 'epoch': 18.04}
{'loss': 0.5013, 'learning_rate': 0.0001, 'epoch': 18.05}
{'loss': 0.5684, 'learning_rate': 0.0001, 'epoch': 18.06}
{'loss': 0.4883, 'learning_rate': 0.0001, 'epoch': 18.07}
{'loss': 0.5592, 'learning_rate': 0.0001, 'epoch': 18.08}
{'loss': 0.4776, 'learning_rate': 0.0001, 'epoch': 18.09}
{'loss': 0.4787, 'learning_rate': 0.0001, 'epoch': 18.1}
{'loss': 0.5033, 'learning_rate': 0.0001, 'epoch': 18.11}
{'loss': 0.5007, 'learning_rate': 0.0001, 'epoch': 18.12}
{'loss': 0.5243, 'learning_rate': 0.0001, 'epoch': 18.13}
{'loss': 0.5037, 'learning_rate': 0.0001, 'epoch': 18.14}
{'loss': 0.5163, 'learning_rate': 0.0001, 'epoch': 18.15}
{'loss': 0.4918, 'learning_rate': 0.0001, 'epoch': 18.16}
{'loss': 0.4661, 'learning_rate': 0.0001, 'epoch': 18.17}
{'loss': 0.5504, 'learning_rate': 0.0001, 'epoch': 18.18}
{'loss': 0.49, 'learning_rate': 0.0001, 'epoch': 18.19}
{'loss': 0.4924, 'learning_rate': 0.0001, 'epoch': 18.2}
{'loss': 0.4856, 'learning_rate': 0.0001, 'epoch': 18.21}
{'loss': 0.5838, 'learning_rate': 0.0001, 'epoch': 18.22}
{'loss': 0.5592, 'learning_rate': 0.0001, 'epoch': 18.23}
{'loss': 0.5017, 'learning_rate': 0.0001, 'epoch': 18.24}
{'loss': 0.5297, 'learning_rate': 0.0001, 'epoch': 18.25}
{'loss': 0.4707, 'learning_rate': 0.0001, 'epoch': 18.26}
{'loss': 0.4587, 'learning_rate': 0.0001, 'epoch': 18.27}
{'loss': 0.5468, 'learning_rate': 0.0001, 'epoch': 18.28}
{'loss': 0.5463, 'learning_rate': 0.0001, 'epoch': 18.29}
{'loss': 0.4716, 'learning_rate': 0.0001, 'epoch': 18.3}
{'loss': 0.4526, 'learning_rate': 0.0001, 'epoch': 18.31}
{'loss': 0.5378, 'learning_rate': 0.0001, 'epoch': 18.32}
{'loss': 0.5972, 'learning_rate': 0.0001, 'epoch': 18.33}
{'loss': 0.5176, 'learning_rate': 0.0001, 'epoch': 18.34}
{'loss': 0.5156, 'learning_rate': 0.0001, 'epoch': 18.35}
{'loss': 0.5265, 'learning_rate': 0.0001, 'epoch': 18.36}
{'loss': 0.5452, 'learning_rate': 0.0001, 'epoch': 18.37}
{'loss': 0.495, 'learning_rate': 0.0001, 'epoch': 18.38}
{'loss': 0.573, 'learning_rate': 0.0001, 'epoch': 18.39}
{'loss': 0.5745, 'learning_rate': 0.0001, 'epoch': 18.4}
{'loss': 0.555, 'learning_rate': 0.0001, 'epoch': 18.41}
{'loss': 0.5322, 'learning_rate': 0.0001, 'epoch': 18.42}
{'loss': 0.5731, 'learning_rate': 0.0001, 'epoch': 18.43}
{'loss': 0.5709, 'learning_rate': 0.0001, 'epoch': 18.44}
{'loss': 0.6285, 'learning_rate': 0.0001, 'epoch': 18.45}
{'loss': 0.5356, 'learning_rate': 0.0001, 'epoch': 18.46}
{'loss': 0.5187, 'learning_rate': 0.0001, 'epoch': 18.47}
{'loss': 0.5011, 'learning_rate': 0.0001, 'epoch': 18.48}
{'loss': 0.5841, 'learning_rate': 0.0001, 'epoch': 18.49}
{'loss': 0.5965, 'learning_rate': 0.0001, 'epoch': 18.5}
{'loss': 0.5847, 'learning_rate': 0.0001, 'epoch': 18.51}
{'loss': 0.5396, 'learning_rate': 0.0001, 'epoch': 18.52}
{'loss': 0.531, 'learning_rate': 0.0001, 'epoch': 18.53}
{'loss': 0.5657, 'learning_rate': 0.0001, 'epoch': 18.54}
{'loss': 0.5486, 'learning_rate': 0.0001, 'epoch': 18.55}
{'loss': 0.6416, 'learning_rate': 0.0001, 'epoch': 18.56}
{'loss': 0.525, 'learning_rate': 0.0001, 'epoch': 18.57}
{'loss': 0.471, 'learning_rate': 0.0001, 'epoch': 18.58}
{'loss': 0.579, 'learning_rate': 0.0001, 'epoch': 18.59}
{'loss': 0.5428, 'learning_rate': 0.0001, 'epoch': 18.6}
{'loss': 0.5264, 'learning_rate': 0.0001, 'epoch': 18.61}
{'loss': 0.5317, 'learning_rate': 0.0001, 'epoch': 18.62}
{'loss': 0.563, 'learning_rate': 0.0001, 'epoch': 18.63}
{'loss': 0.5166, 'learning_rate': 0.0001, 'epoch': 18.64}
{'loss': 0.5468, 'learning_rate': 0.0001, 'epoch': 18.65}
{'loss': 0.5132, 'learning_rate': 0.0001, 'epoch': 18.66}
{'loss': 0.5203, 'learning_rate': 0.0001, 'epoch': 18.67}
{'loss': 0.575, 'learning_rate': 0.0001, 'epoch': 18.68}
{'loss': 0.6206, 'learning_rate': 0.0001, 'epoch': 18.69}
{'loss': 0.615, 'learning_rate': 0.0001, 'epoch': 18.7}
{'loss': 0.524, 'learning_rate': 0.0001, 'epoch': 18.71}
{'loss': 0.5505, 'learning_rate': 0.0001, 'epoch': 18.72}
{'loss': 0.545, 'learning_rate': 0.0001, 'epoch': 18.73}
{'loss': 0.5914, 'learning_rate': 0.0001, 'epoch': 18.74}
{'loss': 0.5725, 'learning_rate': 0.0001, 'epoch': 18.75}
{'loss': 0.6011, 'learning_rate': 0.0001, 'epoch': 18.76}
{'loss': 0.6094, 'learning_rate': 0.0001, 'epoch': 18.77}
{'loss': 0.5779, 'learning_rate': 0.0001, 'epoch': 18.78}
{'loss': 0.5341, 'learning_rate': 0.0001, 'epoch': 18.79}
{'loss': 0.6036, 'learning_rate': 0.0001, 'epoch': 18.8}
{'loss': 0.6019, 'learning_rate': 0.0001, 'epoch': 18.81}
{'loss': 0.6071, 'learning_rate': 0.0001, 'epoch': 18.82}
{'loss': 0.6656, 'learning_rate': 0.0001, 'epoch': 18.83}
{'loss': 0.5466, 'learning_rate': 0.0001, 'epoch': 18.84}
{'loss': 0.6023, 'learning_rate': 0.0001, 'epoch': 18.85}
{'loss': 0.5899, 'learning_rate': 0.0001, 'epoch': 18.86}
{'loss': 0.5531, 'learning_rate': 0.0001, 'epoch': 18.87}
{'loss': 0.5828, 'learning_rate': 0.0001, 'epoch': 18.88}
{'loss': 0.5452, 'learning_rate': 0.0001, 'epoch': 18.89}
{'loss': 0.6307, 'learning_rate': 0.0001, 'epoch': 18.9}
{'loss': 0.5781, 'learning_rate': 0.0001, 'epoch': 18.91}
{'loss': 0.5711, 'learning_rate': 0.0001, 'epoch': 18.92}
{'loss': 0.5187, 'learning_rate': 0.0001, 'epoch': 18.93}
{'loss': 0.5704, 'learning_rate': 0.0001, 'epoch': 18.94}
{'loss': 0.5758, 'learning_rate': 0.0001, 'epoch': 18.95}
{'loss': 0.5164, 'learning_rate': 0.0001, 'epoch': 18.96}
{'loss': 0.6002, 'learning_rate': 0.0001, 'epoch': 18.97}
{'loss': 0.6355, 'learning_rate': 0.0001, 'epoch': 18.98}
{'loss': 0.4843, 'learning_rate': 0.0001, 'epoch': 18.99}
{'loss': 0.6486, 'learning_rate': 0.0001, 'epoch': 19.0}
{'loss': 0.3952, 'learning_rate': 0.0001, 'epoch': 19.01}
{'loss': 0.421, 'learning_rate': 0.0001, 'epoch': 19.02}
{'loss': 0.4334, 'learning_rate': 0.0001, 'epoch': 19.03}
{'loss': 0.4821, 'learning_rate': 0.0001, 'epoch': 19.04}
{'loss': 0.4775, 'learning_rate': 0.0001, 'epoch': 19.05}
{'loss': 0.4244, 'learning_rate': 0.0001, 'epoch': 19.06}
{'loss': 0.4857, 'learning_rate': 0.0001, 'epoch': 19.07}
{'loss': 0.3819, 'learning_rate': 0.0001, 'epoch': 19.08}
{'loss': 0.4274, 'learning_rate': 0.0001, 'epoch': 19.09}
{'loss': 0.445, 'learning_rate': 0.0001, 'epoch': 19.1}
{'loss': 0.4888, 'learning_rate': 0.0001, 'epoch': 19.11}
{'loss': 0.4627, 'learning_rate': 0.0001, 'epoch': 19.12}
{'loss': 0.4717, 'learning_rate': 0.0001, 'epoch': 19.13}
{'loss': 0.4911, 'learning_rate': 0.0001, 'epoch': 19.14}
{'loss': 0.4412, 'learning_rate': 0.0001, 'epoch': 19.15}
{'loss': 0.3841, 'learning_rate': 0.0001, 'epoch': 19.16}
{'loss': 0.5082, 'learning_rate': 0.0001, 'epoch': 19.17}
{'loss': 0.4378, 'learning_rate': 0.0001, 'epoch': 19.18}
{'loss': 0.462, 'learning_rate': 0.0001, 'epoch': 19.19}
{'loss': 0.5436, 'learning_rate': 0.0001, 'epoch': 19.2}
{'loss': 0.4819, 'learning_rate': 0.0001, 'epoch': 19.21}
{'loss': 0.482, 'learning_rate': 0.0001, 'epoch': 19.22}
{'loss': 0.5642, 'learning_rate': 0.0001, 'epoch': 19.23}
{'loss': 0.5047, 'learning_rate': 0.0001, 'epoch': 19.24}
{'loss': 0.4874, 'learning_rate': 0.0001, 'epoch': 19.25}
{'loss': 0.4593, 'learning_rate': 0.0001, 'epoch': 19.26}
{'loss': 0.462, 'learning_rate': 0.0001, 'epoch': 19.27}
{'loss': 0.4788, 'learning_rate': 0.0001, 'epoch': 19.28}
{'loss': 0.4405, 'learning_rate': 0.0001, 'epoch': 19.29}
{'loss': 0.4589, 'learning_rate': 0.0001, 'epoch': 19.3}
{'loss': 0.4765, 'learning_rate': 0.0001, 'epoch': 19.31}
{'loss': 0.5208, 'learning_rate': 0.0001, 'epoch': 19.32}
{'loss': 0.4752, 'learning_rate': 0.0001, 'epoch': 19.33}
{'loss': 0.5167, 'learning_rate': 0.0001, 'epoch': 19.34}
{'loss': 0.5297, 'learning_rate': 0.0001, 'epoch': 19.35}
{'loss': 0.532, 'learning_rate': 0.0001, 'epoch': 19.36}
{'loss': 0.4445, 'learning_rate': 0.0001, 'epoch': 19.37}
{'loss': 0.4988, 'learning_rate': 0.0001, 'epoch': 19.38}
{'loss': 0.4626, 'learning_rate': 0.0001, 'epoch': 19.39}
{'loss': 0.5112, 'learning_rate': 0.0001, 'epoch': 19.4}
{'loss': 0.5226, 'learning_rate': 0.0001, 'epoch': 19.41}
{'loss': 0.4903, 'learning_rate': 0.0001, 'epoch': 19.42}
{'loss': 0.4589, 'learning_rate': 0.0001, 'epoch': 19.43}
{'loss': 0.5142, 'learning_rate': 0.0001, 'epoch': 19.44}
{'loss': 0.5068, 'learning_rate': 0.0001, 'epoch': 19.45}
{'loss': 0.5202, 'learning_rate': 0.0001, 'epoch': 19.46}
{'loss': 0.5431, 'learning_rate': 0.0001, 'epoch': 19.47}
{'loss': 0.5326, 'learning_rate': 0.0001, 'epoch': 19.48}
{'loss': 0.5021, 'learning_rate': 0.0001, 'epoch': 19.49}
{'loss': 0.6023, 'learning_rate': 0.0001, 'epoch': 19.5}
{'loss': 0.4719, 'learning_rate': 0.0001, 'epoch': 19.51}
{'loss': 0.5083, 'learning_rate': 0.0001, 'epoch': 19.52}
{'loss': 0.5562, 'learning_rate': 0.0001, 'epoch': 19.53}
{'loss': 0.4351, 'learning_rate': 0.0001, 'epoch': 19.54}
{'loss': 0.4987, 'learning_rate': 0.0001, 'epoch': 19.55}
{'loss': 0.5393, 'learning_rate': 0.0001, 'epoch': 19.56}
{'loss': 0.45, 'learning_rate': 0.0001, 'epoch': 19.57}
{'loss': 0.4914, 'learning_rate': 0.0001, 'epoch': 19.58}
{'loss': 0.549, 'learning_rate': 0.0001, 'epoch': 19.59}
{'loss': 0.5422, 'learning_rate': 0.0001, 'epoch': 19.6}
{'loss': 0.4855, 'learning_rate': 0.0001, 'epoch': 19.61}
{'loss': 0.5127, 'learning_rate': 0.0001, 'epoch': 19.62}
{'loss': 0.4873, 'learning_rate': 0.0001, 'epoch': 19.63}
{'loss': 0.5498, 'learning_rate': 0.0001, 'epoch': 19.64}
{'loss': 0.5306, 'learning_rate': 0.0001, 'epoch': 19.65}
{'loss': 0.4974, 'learning_rate': 0.0001, 'epoch': 19.66}
{'loss': 0.5057, 'learning_rate': 0.0001, 'epoch': 19.67}
{'loss': 0.5747, 'learning_rate': 0.0001, 'epoch': 19.68}
{'loss': 0.5002, 'learning_rate': 0.0001, 'epoch': 19.69}
{'loss': 0.5211, 'learning_rate': 0.0001, 'epoch': 19.7}
{'loss': 0.5566, 'learning_rate': 0.0001, 'epoch': 19.71}
{'loss': 0.5803, 'learning_rate': 0.0001, 'epoch': 19.72}
{'loss': 0.4746, 'learning_rate': 0.0001, 'epoch': 19.73}
{'loss': 0.5381, 'learning_rate': 0.0001, 'epoch': 19.74}
{'loss': 0.5337, 'learning_rate': 0.0001, 'epoch': 19.75}
{'loss': 0.5075, 'learning_rate': 0.0001, 'epoch': 19.76}
{'loss': 0.5206, 'learning_rate': 0.0001, 'epoch': 19.77}
{'loss': 0.5022, 'learning_rate': 0.0001, 'epoch': 19.78}
{'loss': 0.5692, 'learning_rate': 0.0001, 'epoch': 19.79}
{'loss': 0.4995, 'learning_rate': 0.0001, 'epoch': 19.8}
{'loss': 0.5056, 'learning_rate': 0.0001, 'epoch': 19.81}
{'loss': 0.5695, 'learning_rate': 0.0001, 'epoch': 19.82}
{'loss': 0.5106, 'learning_rate': 0.0001, 'epoch': 19.83}
{'loss': 0.4751, 'learning_rate': 0.0001, 'epoch': 19.84}
{'loss': 0.4537, 'learning_rate': 0.0001, 'epoch': 19.85}
{'loss': 0.4686, 'learning_rate': 0.0001, 'epoch': 19.86}
{'loss': 0.4867, 'learning_rate': 0.0001, 'epoch': 19.87}
{'loss': 0.4884, 'learning_rate': 0.0001, 'epoch': 19.88}
{'loss': 0.5033, 'learning_rate': 0.0001, 'epoch': 19.89}
{'loss': 0.532, 'learning_rate': 0.0001, 'epoch': 19.9}
{'loss': 0.5414, 'learning_rate': 0.0001, 'epoch': 19.91}
{'loss': 0.4722, 'learning_rate': 0.0001, 'epoch': 19.92}
{'loss': 0.5442, 'learning_rate': 0.0001, 'epoch': 19.93}
{'loss': 0.5218, 'learning_rate': 0.0001, 'epoch': 19.94}
{'loss': 0.577, 'learning_rate': 0.0001, 'epoch': 19.95}
{'loss': 0.5129, 'learning_rate': 0.0001, 'epoch': 19.96}
{'loss': 0.4508, 'learning_rate': 0.0001, 'epoch': 19.97}
{'loss': 0.5464, 'learning_rate': 0.0001, 'epoch': 19.98}
{'loss': 0.4554, 'learning_rate': 0.0001, 'epoch': 19.99}
{'loss': 0.5334, 'learning_rate': 0.0001, 'epoch': 20.0}
{'eval_loss': 1.9591822624206543, 'eval_runtime': 84.2596, 'eval_samples_per_second': 59.34, 'eval_steps_per_second': 11.868, 'epoch': 20.0}
{'train_runtime': 5102.4092, 'train_samples_per_second': 19.591, 'train_steps_per_second': 3.92, 'train_loss': 1.0094253442525865, 'epoch': 20.0}
Loading/Merging LoRA 1: /storage/ice1/3/3/rswaminathan38/Research/Vaccine-1/ckpt/Llama-2-7b-hf_vaccine_2
Loading/Merging LoRA 2: /storage/ice1/3/3/rswaminathan38/Research/Antidote/ckpt/sst2/Llama-2-7b-hf_vaccine_f_2_0.8_5000
final score:81.40
input path: /storage/ice1/3/3/rswaminathan38/Research/Antidote/data/poison/sst2/Llama-2-7b-hf_vaccine_f_2_0.8_5000
Namespace(model_folder='meta-llama/Llama-2-7b-hf', lora_folder='/storage/ice1/3/3/rswaminathan38/Research/Vaccine-1/ckpt/Llama-2-7b-hf_vaccine_2', lora_folder2='/storage/ice1/3/3/rswaminathan38/Research/Antidote/ckpt/sst2/Llama-2-7b-hf_vaccine_f_2_0.8_5000', output_path='/storage/ice1/3/3/rswaminathan38/Research/Antidote/data/sst2/Llama-2-7b-hf_vaccine_f_2_0.8_5000', cache_dir='../cache')
Recovering LoRA weights from /storage/ice1/3/3/rswaminathan38/Research/Vaccine-1/ckpt/Llama-2-7b-hf_vaccine_2...
Recovering LoRA weights from /storage/ice1/3/3/rswaminathan38/Research/Antidote/ckpt/sst2/Llama-2-7b-hf_vaccine_f_2_0.8_5000...
Final Score: 93.00%
VACCINE POISON-RATIO RUN COMPLETED
Sat Apr 18 03:42:06 EDT 2026
---------------------------------------
Begin Slurm Epilog: Apr-18-2026 03:42:06
Job ID:        4913726
User ID:       rswaminathan38
Account:       coc
Job name:      vaccine_pr_08_sem
Resources:     cpu=1,gres/gpu:h100=1,mem=64G,node=1
Rsrc Used:     cput=02:34:39,vmem=0,walltime=02:34:39,mem=40811132K,energy_used=0
Partition:     ice-gpu
QOS:           coc-ice
Nodes:         atl1-1-03-013-3-0
---------------------------------------
